Invoice_Id,Date,Month,InvoiceNumber,Total invoice,Status,Shift_Id,Shift_Name,Shift_Cashier,Employee_Id,Employee_ Name,Timestamp
af8dfd52,7/3/2026,2026 7,3758,3000,تم الطباعة,773fe87a,مسائي 2-07-26,كاشير 1,4ac7873c,محمود سويفي,7/3/2026 0:01:36
4d43ddb5,7/3/2026,2026 7,3759,2,تم الطباعة,773fe87a,مسائي 2-07-26,كاشير 1,4ac7873c,محمود سويفي,7/3/2026 0:01:44
4b277b5b,7/3/2026,2026 7,3760,0,تم الطباعة,773fe87a,مسائي 2-07-26,كاشير 1,4ac7873c,محمود سويفي,7/3/2026 0:12:08
fb03ecaf,7/3/2026,2026 7,3761,20,تم الطباعة,773fe87a,مسائي 2-07-26,كاشير 1,4ac7873c,محمود سويفي,7/3/2026 0:16:20
637044f1,7/3/2026,2026 7,3762,1200,تم الطباعة,bffbfd1f,مسائي 3-07-26,كاشير 1,0154dfaa,أ/ احمد زرزور,7/3/2026 1:44:13
ee20b859,7/3/2026,2026 7,3763,130,تم الطباعة,bffbfd1f,مسائي 3-07-26,كاشير 1,0154dfaa,أ/ احمد زرزور,7/3/2026 1:48:27
b9625eea,7/3/2026,2026 7,3764,-1940,تم الطباعة,bffbfd1f,مسائي 3-07-26,كاشير 1,0154dfaa,أ/ احمد زرزور,7/3/2026 2:10:15
2ecd3093,7/3/2026,2026 7,3765,-3000,تم الطباعة,bffbfd1f,مسائي 3-07-26,كاشير 1,0154dfaa,أ/ احمد زرزور,7/3/2026 2:41:07
1f4b5c92,7/3/2026,2026 7,3766,2000,تم الطباعة,bffbfd1f,مسائي 3-07-26,كاشير 1,0154dfaa,أ/ احمد زرزور,7/3/2026 2:48:03
403a3e03,7/3/2026,2026 7,3767,1,تم الطباعة,bffbfd1f,مسائي 3-07-26,كاشير 1,0154dfaa,أ/ احمد زرزور,7/3/2026 2:54:35
b4f8030d,7/3/2026,2026 7,3768,5,تم الطباعة,d9117d06,صباحي 3-07-26,كاشير 1,0154dfaa,أ/ احمد زرزور,7/3/2026 13:55:24
2eb435fa,7/3/2026,2026 7,3769,1630,تم الطباعة,d9117d06,صباحي 3-07-26,كاشير 1,0154dfaa,أ/ احمد زرزور,7/3/2026 14:13:18
313fc68c,7/3/2026,2026 7,3770,-970,تم الطباعة,f3827ec7,مسائي 3-07-26,كاشير 1,f7f8d8a0,محمد عبدالتواب,7/3/2026 14:21:08
4edabd77,7/3/2026,2026 7,3771,-970,تم الطباعة,f3827ec7,مسائي 3-07-26,كاشير 1,f7f8d8a0,محمد عبدالتواب,7/3/2026 14:27:03
c7be09f1,7/3/2026,2026 7,3772,-200,تم الطباعة,f3827ec7,مسائي 3-07-26,كاشير 1,f7f8d8a0,محمد عبدالتواب,7/3/2026 14:41:44
2e23b92e,7/3/2026,2026 7,3773,-1000,تم الطباعة,f3827ec7,مسائي 3-07-26,كاشير 1,f7f8d8a0,محمد عبدالتواب,7/3/2026 14:43:28
d6f1ced9,7/3/2026,2026 7,3774,2,تم الطباعة,f3827ec7,مسائي 3-07-26,كاشير 1,f7f8d8a0,محمد عبدالتواب,7/3/2026 14:44:30
ff5246d8,7/3/2026,2026 7,3775,8,تم الطباعة,f3827ec7,مسائي 3-07-26,كاشير 1,f7f8d8a0,محمد عبدالتواب,7/3/2026 15:01:52
5a505f45,7/3/2026,2026 7,3776,55,تم الطباعة,f3827ec7,مسائي 3-07-26,كاشير 1,f7f8d8a0,محمد عبدالتواب,7/3/2026 15:04:41
40e7ec70,7/3/2026,2026 7,3777,-3000,تم الطباعة,f3827ec7,مسائي 3-07-26,كاشير 1,f7f8d8a0,محمد عبدالتواب,7/3/2026 15:13:41
051b36b7,7/3/2026,2026 7,3778,75,تم الطباعة,f3827ec7,مسائي 3-07-26,كاشير 1,f7f8d8a0,محمد عبدالتواب,7/3/2026 15:46:14
d606b1d2,7/3/2026,2026 7,3779,-690,تم الطباعة,f3827ec7,مسائي 3-07-26,كاشير 1,f7f8d8a0,محمد عبدالتواب,7/3/2026 15:48:11
d51f184f,7/3/2026,2026 7,3780,310,تم الطباعة,f3827ec7,مسائي 3-07-26,كاشير 1,f7f8d8a0,محمد عبدالتواب,7/3/2026 15:53:55
b64b098a,7/3/2026,2026 7,3781,10,تم الطباعة,f3827ec7,مسائي 3-07-26,كاشير 1,f7f8d8a0,محمد عبدالتواب,7/3/2026 15:56:39
e1fbc067,7/3/2026,2026 7,3782,4040,تم الطباعة,f3827ec7,مسائي 3-07-26,كاشير 1,f7f8d8a0,محمد عبدالتواب,7/3/2026 16:00:55
2a561191,7/3/2026,2026 7,3783,1010,تم الطباعة,f3827ec7,مسائي 3-07-26,كاشير 1,f7f8d8a0,محمد عبدالتواب,7/3/2026 16:04:03
e1e8a5d2,7/3/2026,2026 7,3784,160,تم الطباعة,f3827ec7,مسائي 3-07-26,كاشير 1,f7f8d8a0,محمد عبدالتواب,7/3/2026 16:18:37
6092760b,7/3/2026,2026 7,3785,10,تم الطباعة,f3827ec7,مسائي 3-07-26,كاشير 1,f7f8d8a0,محمد عبدالتواب,7/3/2026 16:26:17
5344637e,7/3/2026,2026 7,3786,0,تم الطباعة,f3827ec7,مسائي 3-07-26,كاشير 1,f7f8d8a0,محمد عبدالتواب,7/3/2026 16:28:45
2e72c06e,7/3/2026,2026 7,3787,-489,تم الطباعة,f3827ec7,مسائي 3-07-26,كاشير 1,f7f8d8a0,محمد عبدالتواب,7/3/2026 16:30:14
e7beee10,7/3/2026,2026 7,3788,10,تم الطباعة,f3827ec7,مسائي 3-07-26,كاشير 1,f7f8d8a0,محمد عبدالتواب,7/3/2026 16:34:54
731b5291,7/3/2026,2026 7,3789,65,تم الطباعة,f3827ec7,مسائي 3-07-26,كاشير 1,f7f8d8a0,محمد عبدالتواب,7/3/2026 16:47:24
b326eb30,7/3/2026,2026 7,3790,100,تم الطباعة,f3827ec7,مسائي 3-07-26,كاشير 1,f7f8d8a0,محمد عبدالتواب,7/3/2026 16:53:21
e7e35a62,7/3/2026,2026 7,3791,500,تم الطباعة,f3827ec7,مسائي 3-07-26,كاشير 1,f7f8d8a0,محمد عبدالتواب,7/3/2026 16:54:14
81108f53,7/3/2026,2026 7,3792,60,تم الطباعة,f3827ec7,مسائي 3-07-26,كاشير 1,f7f8d8a0,محمد عبدالتواب,7/3/2026 16:55:10
333a1b8f,7/3/2026,2026 7,3793,1000,تم الطباعة,f3827ec7,مسائي 3-07-26,كاشير 1,f7f8d8a0,محمد عبدالتواب,7/3/2026 16:59:35
84b95f24,7/3/2026,2026 7,3794,-500,تم الطباعة,f3827ec7,مسائي 3-07-26,كاشير 1,f7f8d8a0,محمد عبدالتواب,7/3/2026 17:11:22
e6f6aaed,7/3/2026,2026 7,3795,70,تم الطباعة,f3827ec7,مسائي 3-07-26,كاشير 1,f7f8d8a0,محمد عبدالتواب,7/3/2026 17:42:59
6c544323,7/3/2026,2026 7,3796,-1000,تم الطباعة,f3827ec7,مسائي 3-07-26,كاشير 1,f7f8d8a0,محمد عبدالتواب,7/3/2026 17:47:39
35e780f8,7/3/2026,2026 7,3797,458,تم الطباعة,f3827ec7,مسائي 3-07-26,كاشير 1,f7f8d8a0,محمد عبدالتواب,7/3/2026 17:49:01
58cc848e,7/3/2026,2026 7,3798,-1970,تم الطباعة,f3827ec7,مسائي 3-07-26,كاشير 1,f7f8d8a0,محمد عبدالتواب,7/3/2026 18:02:01
adfe9087,7/3/2026,2026 7,3799,90,تم الطباعة,f3827ec7,مسائي 3-07-26,كاشير 1,f7f8d8a0,محمد عبدالتواب,7/3/2026 18:04:30
0c0e068a,7/3/2026,2026 7,3800,610,تم الطباعة,f3827ec7,مسائي 3-07-26,كاشير 1,f7f8d8a0,محمد عبدالتواب,7/3/2026 18:05:52
736032cb,7/3/2026,2026 7,3801,800,تم الطباعة,f3827ec7,مسائي 3-07-26,كاشير 1,f7f8d8a0,محمد عبدالتواب,7/3/2026 18:07:39
c47e09cb,7/3/2026,2026 7,3802,15,تم الطباعة,6bb1d1fb,مسائي 3-07-26,كاشير 2,04b9d4de,طارق ماسبيرو,7/3/2026 18:20:47
5fcbdd67,7/3/2026,2026 7,3803,-4510,تم الطباعة,f3827ec7,مسائي 3-07-26,كاشير 1,f7f8d8a0,محمد عبدالتواب,7/3/2026 18:36:49
67af5085,7/3/2026,2026 7,3804,300,تم الطباعة,f3827ec7,مسائي 3-07-26,كاشير 1,f7f8d8a0,محمد عبدالتواب,7/3/2026 18:49:13
a246aa80,7/3/2026,2026 7,3805,300,تم الطباعة,f3827ec7,مسائي 3-07-26,كاشير 1,f7f8d8a0,محمد عبدالتواب,7/3/2026 18:57:29
0f26b03e,7/3/2026,2026 7,3806,-10000,تم الطباعة,f3827ec7,مسائي 3-07-26,كاشير 1,f7f8d8a0,محمد عبدالتواب,7/3/2026 19:24:55
f28de480,7/3/2026,2026 7,3807,80,تم الطباعة,f3827ec7,مسائي 3-07-26,كاشير 1,f7f8d8a0,محمد عبدالتواب,7/3/2026 19:34:03
306a50be,7/3/2026,2026 7,3808,100,تم الطباعة,6bb1d1fb,مسائي 3-07-26,كاشير 2,04b9d4de,طارق ماسبيرو,7/3/2026 19:37:26
d3bff7b1,7/3/2026,2026 7,3809,300,تم الطباعة,f3827ec7,مسائي 3-07-26,كاشير 1,f7f8d8a0,محمد عبدالتواب,7/3/2026 19:38:37
51e02b74,7/3/2026,2026 7,3810,35,تم الطباعة,f3827ec7,مسائي 3-07-26,كاشير 1,f7f8d8a0,محمد عبدالتواب,7/3/2026 19:41:52
c3347be5,7/3/2026,2026 7,3811,100,تم الطباعة,6bb1d1fb,مسائي 3-07-26,كاشير 2,04b9d4de,طارق ماسبيرو,7/3/2026 19:43:21
9e23b1b7,7/3/2026,2026 7,3812,50,تم الطباعة,f3827ec7,مسائي 3-07-26,كاشير 1,f7f8d8a0,محمد عبدالتواب,7/3/2026 19:55:41
99e1ecc3,7/3/2026,2026 7,3813,215,تم الطباعة,f3827ec7,مسائي 3-07-26,كاشير 1,f7f8d8a0,محمد عبدالتواب,7/3/2026 19:57:56
f7e2b0a7,7/3/2026,2026 7,3814,45,تم الطباعة,f3827ec7,مسائي 3-07-26,كاشير 1,f7f8d8a0,محمد عبدالتواب,7/3/2026 20:08:37
343bb504,7/3/2026,2026 7,3815,-990,تم الطباعة,f3827ec7,مسائي 3-07-26,كاشير 1,f7f8d8a0,محمد عبدالتواب,7/3/2026 20:22:35
02b95be5,7/3/2026,2026 7,3816,30,تم الطباعة,f3827ec7,مسائي 3-07-26,كاشير 1,f7f8d8a0,محمد عبدالتواب,7/3/2026 20:25:50
0834b784,7/3/2026,2026 7,3817,2500,تم الطباعة,f3827ec7,مسائي 3-07-26,كاشير 1,f7f8d8a0,محمد عبدالتواب,7/3/2026 20:29:56
08aa4939,7/3/2026,2026 7,3818,2030,تم الطباعة,f3827ec7,مسائي 3-07-26,كاشير 1,f7f8d8a0,محمد عبدالتواب,7/3/2026 20:46:06
d0e142d2,7/3/2026,2026 7,3819,-2910,تم الطباعة,f3827ec7,مسائي 3-07-26,كاشير 1,f7f8d8a0,محمد عبدالتواب,7/3/2026 20:47:39
4dcd4131,7/3/2026,2026 7,3820,23,تم الطباعة,f3827ec7,مسائي 3-07-26,كاشير 1,f7f8d8a0,محمد عبدالتواب,7/3/2026 20:54:14
5137558e,7/3/2026,2026 7,3821,-55,تم الطباعة,f3827ec7,مسائي 3-07-26,كاشير 1,f7f8d8a0,محمد عبدالتواب,7/3/2026 20:54:31
32feb955,7/3/2026,2026 7,3822,1000,تم الطباعة,f3827ec7,مسائي 3-07-26,كاشير 1,f7f8d8a0,محمد عبدالتواب,7/3/2026 20:57:21
43a4e8df,7/3/2026,2026 7,3823,610,تم الطباعة,f3827ec7,مسائي 3-07-26,كاشير 1,f7f8d8a0,محمد عبدالتواب,7/3/2026 20:59:57
0acd66b9,7/3/2026,2026 7,3824,-300,تم الطباعة,f3827ec7,مسائي 3-07-26,كاشير 1,f7f8d8a0,محمد عبدالتواب,7/3/2026 21:06:28
2c6aa463,7/3/2026,2026 7,3825,165,تم الطباعة,f3827ec7,مسائي 3-07-26,كاشير 1,f7f8d8a0,محمد عبدالتواب,7/3/2026 21:47:07
02f846aa,7/3/2026,2026 7,3826,90,تم الطباعة,f3827ec7,مسائي 3-07-26,كاشير 1,f7f8d8a0,محمد عبدالتواب,7/3/2026 21:53:05
afe41b17,7/3/2026,2026 7,3827,53,تم الطباعة,f3827ec7,مسائي 3-07-26,كاشير 1,f7f8d8a0,محمد عبدالتواب,7/3/2026 21:56:17
367b902b,7/3/2026,2026 7,3828,-500,تم الطباعة,f3827ec7,مسائي 3-07-26,كاشير 1,f7f8d8a0,محمد عبدالتواب,7/3/2026 21:56:35
af2ae505,7/3/2026,2026 7,3829,20,تم الطباعة,6bb1d1fb,مسائي 3-07-26,كاشير 2,04b9d4de,طارق ماسبيرو,7/3/2026 21:57:55
9b77677e,7/3/2026,2026 7,3830,10,تم الطباعة,6bb1d1fb,مسائي 3-07-26,كاشير 2,04b9d4de,طارق ماسبيرو,7/3/2026 21:59:34
9343f363,7/3/2026,2026 7,3830,422,تم الطباعة,f3827ec7,مسائي 3-07-26,كاشير 1,f7f8d8a0,محمد عبدالتواب,7/3/2026 22:11:09
302a127f,7/3/2026,2026 7,3832,2585,تم الطباعة,f3827ec7,مسائي 3-07-26,كاشير 1,f7f8d8a0,محمد عبدالتواب,7/3/2026 22:30:26
d27cb14f,7/3/2026,2026 7,3833,-295,تم الطباعة,f3827ec7,مسائي 3-07-26,كاشير 1,f7f8d8a0,محمد عبدالتواب,7/3/2026 23:42:32
2b558463,7/3/2026,2026 7,3834,-4000,تم الطباعة,f3827ec7,مسائي 3-07-26,كاشير 1,f7f8d8a0,محمد عبدالتواب,7/3/2026 23:46:48
26523273,7/3/2026,2026 7,3835,1000,تم الطباعة,f3827ec7,مسائي 3-07-26,كاشير 1,f7f8d8a0,محمد عبدالتواب,7/3/2026 23:56:14
1d8cf0f9,7/3/2026,2026 7,3836,25,تم الطباعة,f3827ec7,مسائي 3-07-26,كاشير 1,f7f8d8a0,محمد عبدالتواب,7/3/2026 23:59:18
b5626530,7/3/2026,2026 7,3837,148,تم الطباعة,f3827ec7,مسائي 3-07-26,كاشير 1,f7f8d8a0,محمد عبدالتواب,7/3/2026 23:59:46
941114c4,7/4/2026,2026 7,3838,23,تم الطباعة,5d0a84b7,مسائي 4-07-26,كاشير 1,0154dfaa,أ/ احمد زرزور,7/4/2026 0:16:51
b2555589,7/4/2026,2026 7,3839,45,تم الطباعة,5d0a84b7,مسائي 4-07-26,كاشير 1,0154dfaa,أ/ احمد زرزور,7/4/2026 0:17:46
55d05343,7/4/2026,2026 7,3840,5,تم الطباعة,5d0a84b7,مسائي 4-07-26,كاشير 1,0154dfaa,أ/ احمد زرزور,7/4/2026 0:22:31
da104655,7/4/2026,2026 7,3841,-500,تم الطباعة,5d0a84b7,مسائي 4-07-26,كاشير 1,0154dfaa,أ/ احمد زرزور,7/4/2026 0:28:32
516d99b5,7/4/2026,2026 7,3842,0,تم الطباعة,5d0a84b7,مسائي 4-07-26,كاشير 1,0154dfaa,أ/ احمد زرزور,7/4/2026 0:31:38
91d93c39,7/4/2026,2026 7,3843,-240,تم الطباعة,5d0a84b7,مسائي 4-07-26,كاشير 1,0154dfaa,أ/ احمد زرزور,7/4/2026 0:36:05
947304af,7/4/2026,2026 7,3844,-715,تم الطباعة,5d0a84b7,مسائي 4-07-26,كاشير 1,0154dfaa,أ/ احمد زرزور,7/4/2026 0:44:23
8dfe8a28,7/4/2026,2026 7,3845,241,تم الطباعة,5d0a84b7,مسائي 4-07-26,كاشير 1,0154dfaa,أ/ احمد زرزور,7/4/2026 0:51:21
c4938470,7/4/2026,2026 7,3846,5,تم الطباعة,5d0a84b7,مسائي 4-07-26,كاشير 1,0154dfaa,أ/ احمد زرزور,7/4/2026 0:59:08
8d70bca6,7/4/2026,2026 7,3847,0,تم الطباعة,5d0a84b7,مسائي 4-07-26,كاشير 1,0154dfaa,أ/ احمد زرزور,7/4/2026 1:09:03
22f37d81,7/4/2026,2026 7,3848,53,تم الطباعة,5d0a84b7,مسائي 4-07-26,كاشير 1,0154dfaa,أ/ احمد زرزور,7/4/2026 1:15:45
55f7d1f7,7/4/2026,2026 7,3849,705,تم الطباعة,5d0a84b7,مسائي 4-07-26,كاشير 1,0154dfaa,أ/ احمد زرزور,7/4/2026 1:20:39
8b7c5687,7/4/2026,2026 7,3850,811,تم الطباعة,5d0a84b7,مسائي 4-07-26,كاشير 1,0154dfaa,أ/ احمد زرزور,7/4/2026 1:23:17
f1b29dc9,7/4/2026,2026 7,3851,85,تم الطباعة,,,,0154dfaa,أ/ احمد زرزور,7/4/2026 1:28:28
b1169f72,7/4/2026,2026 7,3852,85,تم الطباعة,260cb931,مسائي 4-07-26,كاشير 1,0154dfaa,أ/ احمد زرزور,7/4/2026 1:34:12
c0151b09,7/4/2026,2026 7,3853,358,تم الطباعة,260cb931,مسائي 4-07-26,كاشير 1,0154dfaa,أ/ احمد زرزور,7/4/2026 1:39:54
cc205a23,7/4/2026,2026 7,3854,205,تم الطباعة,260cb931,مسائي 4-07-26,كاشير 1,0154dfaa,أ/ احمد زرزور,7/4/2026 2:18:23
a728bf13,7/4/2026,2026 7,3855,60,تم الطباعة,c06b5555,صباحي 4-07-26,كاشير 1,f7f8d8a0,محمد عبدالتواب,7/4/2026 8:55:27
37e9ba27,7/4/2026,2026 7,3856,3000,تم الطباعة,c06b5555,صباحي 4-07-26,كاشير 1,f7f8d8a0,محمد عبدالتواب,7/4/2026 10:08:30
3c8beb76,7/4/2026,2026 7,3857,-110,تم الطباعة,c06b5555,صباحي 4-07-26,كاشير 1,f7f8d8a0,محمد عبدالتواب,7/4/2026 10:15:41
5c1f7acc,7/4/2026,2026 7,3858,10,تم الطباعة,c06b5555,صباحي 4-07-26,كاشير 1,f7f8d8a0,محمد عبدالتواب,7/4/2026 10:18:30
8118b6df,7/4/2026,2026 7,3859,-670,تم الطباعة,c06b5555,صباحي 4-07-26,كاشير 1,f7f8d8a0,محمد عبدالتواب,7/4/2026 10:34:20
5b084641,7/4/2026,2026 7,3860,130,تم الطباعة,c06b5555,صباحي 4-07-26,كاشير 1,f7f8d8a0,محمد عبدالتواب,7/4/2026 10:52:36
af848021,7/4/2026,2026 7,3861,240,تم الطباعة,c06b5555,صباحي 4-07-26,كاشير 1,f7f8d8a0,محمد عبدالتواب,7/4/2026 10:56:26
a29740c9,7/4/2026,2026 7,3862,-490,تم الطباعة,c06b5555,صباحي 4-07-26,كاشير 1,f7f8d8a0,محمد عبدالتواب,7/4/2026 11:05:17
a06cc069,7/4/2026,2026 7,3863,15,تم الطباعة,c06b5555,صباحي 4-07-26,كاشير 1,f7f8d8a0,محمد عبدالتواب,7/4/2026 11:06:13
0706f8e5,7/4/2026,2026 7,3864,340,تم الطباعة,c06b5555,صباحي 4-07-26,كاشير 1,f7f8d8a0,محمد عبدالتواب,7/4/2026 11:07:31
3f3bd7c7,7/4/2026,2026 7,3865,-490,تم الطباعة,c06b5555,صباحي 4-07-26,كاشير 1,f7f8d8a0,محمد عبدالتواب,7/4/2026 11:17:36
6afc6782,7/4/2026,2026 7,3866,15,تم الطباعة,c06b5555,صباحي 4-07-26,كاشير 1,f7f8d8a0,محمد عبدالتواب,7/4/2026 11:18:50
7df0192f,7/4/2026,2026 7,3867,-2475,تم الطباعة,c06b5555,صباحي 4-07-26,كاشير 1,f7f8d8a0,محمد عبدالتواب,7/4/2026 11:38:54
fb96888d,7/4/2026,2026 7,3868,30,تم الطباعة,c06b5555,صباحي 4-07-26,كاشير 1,f7f8d8a0,محمد عبدالتواب,7/4/2026 11:39:51
c190fd29,7/4/2026,2026 7,3869,-495,تم الطباعة,c06b5555,صباحي 4-07-26,كاشير 1,f7f8d8a0,محمد عبدالتواب,7/4/2026 11:43:32
63c0a7b4,7/4/2026,2026 7,3870,4,تم الطباعة,c06b5555,صباحي 4-07-26,كاشير 1,f7f8d8a0,محمد عبدالتواب,7/4/2026 11:43:45
93934937,7/4/2026,2026 7,3871,600,تم الطباعة,c06b5555,صباحي 4-07-26,كاشير 1,f7f8d8a0,محمد عبدالتواب,7/4/2026 11:44:10
d3804c3b,7/4/2026,2026 7,3872,15,تم الطباعة,c06b5555,صباحي 4-07-26,كاشير 1,f7f8d8a0,محمد عبدالتواب,7/4/2026 11:50:01
a38e790f,7/4/2026,2026 7,3873,1348,تم الطباعة,c06b5555,صباحي 4-07-26,كاشير 1,f7f8d8a0,محمد عبدالتواب,7/4/2026 12:50:17
ee5bf5e1,7/4/2026,2026 7,3874,307,تم الطباعة,c06b5555,صباحي 4-07-26,كاشير 1,f7f8d8a0,محمد عبدالتواب,7/4/2026 12:52:49
87c9729d,7/4/2026,2026 7,3875,-640,تم الطباعة,c06b5555,صباحي 4-07-26,كاشير 1,f7f8d8a0,محمد عبدالتواب,7/4/2026 13:13:45
69fcacad,7/4/2026,2026 7,3876,100,تم الطباعة,e80001b9,صباحي 4-07-26,كاشير 2,e9ad5415,ابانوب ايليا,7/4/2026 13:36:42
74627a18,7/4/2026,2026 7,3877,405,تم الطباعة,c06b5555,صباحي 4-07-26,كاشير 1,f7f8d8a0,محمد عبدالتواب,7/4/2026 13:39:36
56d1b0aa,7/4/2026,2026 7,3878,5,تم الطباعة,c06b5555,صباحي 4-07-26,كاشير 1,f7f8d8a0,محمد عبدالتواب,7/4/2026 13:41:00
8cc39f37,7/4/2026,2026 7,3879,200,تم الطباعة,c06b5555,صباحي 4-07-26,كاشير 1,f7f8d8a0,محمد عبدالتواب,7/4/2026 13:44:34
3768809b,7/4/2026,2026 7,3880,20,تم الطباعة,c06b5555,صباحي 4-07-26,كاشير 1,f7f8d8a0,محمد عبدالتواب,7/4/2026 13:58:09
8c06d1c5,7/4/2026,2026 7,3881,20,تم الطباعة,e80001b9,صباحي 4-07-26,كاشير 2,e9ad5415,ابانوب ايليا,7/4/2026 14:05:18
965cd41c,7/4/2026,2026 7,3882,-195,تم الطباعة,c06b5555,صباحي 4-07-26,كاشير 1,f7f8d8a0,محمد عبدالتواب,7/4/2026 14:13:33
7ac958c7,7/4/2026,2026 7,3883,-4000,تم الطباعة,c06b5555,صباحي 4-07-26,كاشير 1,f7f8d8a0,محمد عبدالتواب,7/4/2026 14:28:47
77b26c26,7/4/2026,2026 7,3884,17,تم الطباعة,e80001b9,صباحي 4-07-26,كاشير 2,e9ad5415,ابانوب ايليا,7/4/2026 14:29:38
a2aa507a,7/4/2026,2026 7,3885,100,تم الطباعة,e80001b9,صباحي 4-07-26,كاشير 2,e9ad5415,ابانوب ايليا,7/4/2026 15:18:20
b9148eef,7/4/2026,2026 7,3886,-2000,تم الطباعة,c06b5555,صباحي 4-07-26,كاشير 1,f7f8d8a0,محمد عبدالتواب,7/4/2026 15:20:51
ce71fc61,7/4/2026,2026 7,3887,-4850,تم الطباعة,c06b5555,صباحي 4-07-26,كاشير 1,f7f8d8a0,محمد عبدالتواب,7/4/2026 15:30:56
41ff4150,7/4/2026,2026 7,3888,70,تم الطباعة,e80001b9,صباحي 4-07-26,كاشير 2,e9ad5415,ابانوب ايليا,7/4/2026 15:41:13
6d8f2d8c,7/4/2026,2026 7,3889,5,تم الطباعة,c06b5555,صباحي 4-07-26,كاشير 1,f7f8d8a0,محمد عبدالتواب,7/4/2026 15:54:40
59a66918,7/4/2026,2026 7,3890,530,تم الطباعة,c06b5555,صباحي 4-07-26,كاشير 1,f7f8d8a0,محمد عبدالتواب,7/4/2026 16:16:09
18faa01a,7/4/2026,2026 7,3891,5,تم الطباعة,e80001b9,صباحي 4-07-26,كاشير 2,e9ad5415,ابانوب ايليا,7/4/2026 16:22:29
8deac6a0,7/4/2026,2026 7,3892,15,تم الطباعة,c06b5555,صباحي 4-07-26,كاشير 1,f7f8d8a0,محمد عبدالتواب,7/4/2026 16:54:19
14f92631,7/4/2026,2026 7,3893,1900,تم الطباعة,c06b5555,صباحي 4-07-26,كاشير 1,f7f8d8a0,محمد عبدالتواب,7/4/2026 16:55:27
8763a6a5,7/4/2026,2026 7,3894,367,تم الطباعة,c06b5555,صباحي 4-07-26,كاشير 1,f7f8d8a0,محمد عبدالتواب,7/4/2026 17:09:38
b47060d1,7/4/2026,2026 7,3895,-1840,تم الطباعة,c06b5555,صباحي 4-07-26,كاشير 1,f7f8d8a0,محمد عبدالتواب,7/4/2026 17:15:03
d7cde22c,7/4/2026,2026 7,3896,35,تم الطباعة,c06b5555,صباحي 4-07-26,كاشير 1,f7f8d8a0,محمد عبدالتواب,7/4/2026 17:15:19
dd144783,7/4/2026,2026 7,3897,500,تم الطباعة,c06b5555,صباحي 4-07-26,كاشير 1,f7f8d8a0,محمد عبدالتواب,7/4/2026 17:19:31
22d16b4c,7/4/2026,2026 7,3898,-630,تم الطباعة,c06b5555,صباحي 4-07-26,كاشير 1,f7f8d8a0,محمد عبدالتواب,7/4/2026 17:32:15
4fd3973a,7/4/2026,2026 7,3899,112,تم الطباعة,e80001b9,صباحي 4-07-26,كاشير 2,e9ad5415,ابانوب ايليا,7/4/2026 17:45:36
b0945efc,7/4/2026,2026 7,3900,3940,تم الطباعة,c06b5555,صباحي 4-07-26,كاشير 1,f7f8d8a0,محمد عبدالتواب,7/4/2026 17:54:06
ac2543e3,7/4/2026,2026 7,3901,5,تم الطباعة,e80001b9,صباحي 4-07-26,كاشير 2,e9ad5415,ابانوب ايليا,7/4/2026 17:56:16
dacd1e36,7/4/2026,2026 7,3901,95,تم الطباعة,c06b5555,صباحي 4-07-26,كاشير 1,f7f8d8a0,محمد عبدالتواب,7/4/2026 18:07:13
1a4f875d,7/4/2026,2026 7,3902,-200,تم الطباعة,c06b5555,صباحي 4-07-26,كاشير 1,f7f8d8a0,محمد عبدالتواب,7/4/2026 18:07:23
ab3d78d2,7/4/2026,2026 7,3903,161,تم الطباعة,c06b5555,صباحي 4-07-26,كاشير 1,f7f8d8a0,محمد عبدالتواب,7/4/2026 18:08:32
1674550f,7/4/2026,2026 7,3905,20,تم الطباعة,c06b5555,صباحي 4-07-26,كاشير 1,f7f8d8a0,محمد عبدالتواب,7/4/2026 18:13:52
2505c56c,7/4/2026,2026 7,3906,80,تم الطباعة,c06b5555,صباحي 4-07-26,كاشير 1,f7f8d8a0,محمد عبدالتواب,7/4/2026 18:15:20
1391df7e,7/4/2026,2026 7,3907,45,تم الطباعة,e80001b9,صباحي 4-07-26,كاشير 2,e9ad5415,ابانوب ايليا,7/4/2026 18:22:18
71e5b5cf,7/4/2026,2026 7,3908,10,تم الطباعة,e80001b9,صباحي 4-07-26,كاشير 2,e9ad5415,ابانوب ايليا,7/4/2026 18:35:04
537a0d66,7/4/2026,2026 7,3909,455,تم الطباعة,aab0ebcd,مسائي 4-07-26,كاشير 2,04b9d4de,طارق ماسبيرو,7/4/2026 18:54:29
2ffe4741,7/4/2026,2026 7,3910,1000,تم الطباعة,aab0ebcd,مسائي 4-07-26,كاشير 2,04b9d4de,طارق ماسبيرو,7/4/2026 18:55:39
a5e3e263,7/4/2026,2026 7,3911,2000,تم الطباعة,aab0ebcd,مسائي 4-07-26,كاشير 2,04b9d4de,طارق ماسبيرو,7/4/2026 18:59:58
840cbb68,7/4/2026,2026 7,3911,15,تم الطباعة,2aee491a,مسائي 4-07-26,كاشير 1,e9ad5415,ابانوب ايليا,7/4/2026 19:00:38
6ae538f0,7/4/2026,2026 7,3912,210,تم الطباعة,aab0ebcd,مسائي 4-07-26,كاشير 2,04b9d4de,طارق ماسبيرو,7/4/2026 19:01:33
5ed9746a,7/4/2026,2026 7,3914,-400,تم الطباعة,aab0ebcd,مسائي 4-07-26,كاشير 2,04b9d4de,طارق ماسبيرو,7/4/2026 19:03:55
882fd905,7/4/2026,2026 7,3915,-1010,تم الطباعة,aab0ebcd,مسائي 4-07-26,كاشير 2,04b9d4de,طارق ماسبيرو,7/4/2026 19:06:00
d604803a,7/4/2026,2026 7,3916,150,تم الطباعة,aab0ebcd,مسائي 4-07-26,كاشير 2,04b9d4de,طارق ماسبيرو,7/4/2026 19:11:07
c2501a87,7/4/2026,2026 7,3917,-151,تم الطباعة,aab0ebcd,مسائي 4-07-26,كاشير 2,04b9d4de,طارق ماسبيرو,7/4/2026 19:11:37
6bb73598,7/4/2026,2026 7,3918,10,تم الطباعة,aab0ebcd,مسائي 4-07-26,كاشير 2,04b9d4de,طارق ماسبيرو,7/4/2026 19:35:01
6d05257d,7/4/2026,2026 7,3919,7,تم الطباعة,2aee491a,مسائي 4-07-26,كاشير 1,e9ad5415,ابانوب ايليا,7/4/2026 19:36:40
d057e91c,7/4/2026,2026 7,3920,10,تم الطباعة,2aee491a,مسائي 4-07-26,كاشير 1,e9ad5415,ابانوب ايليا,7/4/2026 19:39:05
33399d75,7/4/2026,2026 7,3921,8,تم الطباعة,aab0ebcd,مسائي 4-07-26,كاشير 2,04b9d4de,طارق ماسبيرو,7/4/2026 19:42:46
6e5e0e8e,7/4/2026,2026 7,3922,20,تم الطباعة,2aee491a,مسائي 4-07-26,كاشير 1,e9ad5415,ابانوب ايليا,7/4/2026 19:46:55
ccd9cbb7,7/4/2026,2026 7,3923,10,تم الطباعة,aab0ebcd,مسائي 4-07-26,كاشير 2,04b9d4de,طارق ماسبيرو,7/4/2026 20:14:05
7ebb4119,7/4/2026,2026 7,3924,20,تم الطباعة,7302b44f,مسائي 4-07-26,كاشير 1,4ac7873c,محمود سويفي,7/4/2026 20:21:06
af4001fc,7/4/2026,2026 7,3925,10,تم الطباعة,aab0ebcd,مسائي 4-07-26,كاشير 2,04b9d4de,طارق ماسبيرو,7/4/2026 20:36:30
9f640071,7/4/2026,2026 7,3926,26,تم الطباعة,7302b44f,مسائي 4-07-26,كاشير 1,4ac7873c,محمود سويفي,7/4/2026 20:38:38
27d5a68d,7/4/2026,2026 7,3927,7,تم الطباعة,7302b44f,مسائي 4-07-26,كاشير 1,4ac7873c,محمود سويفي,7/4/2026 20:46:01
c7c6dfe4,7/4/2026,2026 7,3928,20,تم الطباعة,aab0ebcd,مسائي 4-07-26,كاشير 2,04b9d4de,طارق ماسبيرو,7/4/2026 20:52:32
ab8b7886,7/4/2026,2026 7,3928,-145,تم الطباعة,7302b44f,مسائي 4-07-26,كاشير 1,4ac7873c,محمود سويفي,7/4/2026 20:52:57
53d29522,7/4/2026,2026 7,3929,170,تم الطباعة,7302b44f,مسائي 4-07-26,كاشير 1,4ac7873c,محمود سويفي,7/4/2026 20:53:47
e40acac4,7/4/2026,2026 7,3931,2,تم الطباعة,7302b44f,مسائي 4-07-26,كاشير 1,4ac7873c,محمود سويفي,7/4/2026 20:57:00
42c26e88,7/4/2026,2026 7,3932,75,تم الطباعة,aab0ebcd,مسائي 4-07-26,كاشير 2,04b9d4de,طارق ماسبيرو,7/4/2026 21:02:25
63fd657a,7/4/2026,2026 7,3932,7000,تم الطباعة,7302b44f,مسائي 4-07-26,كاشير 1,4ac7873c,محمود سويفي,7/4/2026 21:03:20
e590cc15,7/4/2026,2026 7,3934,-2460,تم الطباعة,7302b44f,مسائي 4-07-26,كاشير 1,4ac7873c,محمود سويفي,7/4/2026 21:05:26
36104f24,7/4/2026,2026 7,3935,495,تم الطباعة,7302b44f,مسائي 4-07-26,كاشير 1,4ac7873c,محمود سويفي,7/4/2026 21:11:24
3f6c4375,7/4/2026,2026 7,3936,-1383,تم الطباعة,7302b44f,مسائي 4-07-26,كاشير 1,4ac7873c,محمود سويفي,7/4/2026 21:24:18
453d5d14,7/4/2026,2026 7,3937,-915,تم الطباعة,7302b44f,مسائي 4-07-26,كاشير 1,4ac7873c,محمود سويفي,7/4/2026 21:27:41
74af30bf,7/4/2026,2026 7,3938,2,تم الطباعة,7302b44f,مسائي 4-07-26,كاشير 1,4ac7873c,محمود سويفي,7/4/2026 21:31:48
d9b563d2,7/4/2026,2026 7,3939,5,تم الطباعة,aab0ebcd,مسائي 4-07-26,كاشير 2,04b9d4de,طارق ماسبيرو,7/4/2026 21:41:00
58b8e6a9,7/4/2026,2026 7,3940,15,تم الطباعة,aab0ebcd,مسائي 4-07-26,كاشير 2,04b9d4de,طارق ماسبيرو,7/4/2026 21:43:16
d8456380,7/4/2026,2026 7,3941,-985,تم الطباعة,aab0ebcd,مسائي 4-07-26,كاشير 2,04b9d4de,طارق ماسبيرو,7/4/2026 21:43:51
ba95e3be,7/4/2026,2026 7,3942,-150,تم الطباعة,aab0ebcd,مسائي 4-07-26,كاشير 2,04b9d4de,طارق ماسبيرو,7/4/2026 21:44:35
ef440160,7/4/2026,2026 7,3943,55,تم الطباعة,aab0ebcd,مسائي 4-07-26,كاشير 2,04b9d4de,طارق ماسبيرو,7/4/2026 21:46:30
a5d9a5fa,7/4/2026,2026 7,3944,-1000,تم الطباعة,aab0ebcd,مسائي 4-07-26,كاشير 2,04b9d4de,طارق ماسبيرو,7/4/2026 21:53:06
2ccc95e0,7/4/2026,2026 7,3945,20,تم الطباعة,aab0ebcd,مسائي 4-07-26,كاشير 2,04b9d4de,طارق ماسبيرو,7/4/2026 21:55:14
d7600577,7/4/2026,2026 7,3946,5,تم الطباعة,7302b44f,مسائي 4-07-26,كاشير 1,4ac7873c,محمود سويفي,7/4/2026 21:59:17
54c05673,7/4/2026,2026 7,3947,60,تم الطباعة,aab0ebcd,مسائي 4-07-26,كاشير 2,04b9d4de,طارق ماسبيرو,7/4/2026 22:09:28
92f1dc2d,7/4/2026,2026 7,3948,160,تم الطباعة,aab0ebcd,مسائي 4-07-26,كاشير 2,04b9d4de,طارق ماسبيرو,7/4/2026 22:10:59
774f9fce,7/4/2026,2026 7,3949,10,تم الطباعة,7302b44f,مسائي 4-07-26,كاشير 1,4ac7873c,محمود سويفي,7/4/2026 22:15:25
de8bbd4f,7/4/2026,2026 7,3950,-395,تم الطباعة,7302b44f,مسائي 4-07-26,كاشير 1,4ac7873c,محمود سويفي,7/4/2026 22:29:38
9fdf1f45,7/4/2026,2026 7,3951,10,تم الطباعة,aab0ebcd,مسائي 4-07-26,كاشير 2,04b9d4de,طارق ماسبيرو,7/4/2026 22:37:09
38eacba8,7/4/2026,2026 7,3952,10,تم الطباعة,7302b44f,مسائي 4-07-26,كاشير 1,4ac7873c,محمود سويفي,7/4/2026 22:46:23
3067ffc1,7/4/2026,2026 7,3953,-95,تم الطباعة,7302b44f,مسائي 4-07-26,كاشير 1,4ac7873c,محمود سويفي,7/4/2026 22:47:49
b1930dca,7/4/2026,2026 7,3954,-970,تم الطباعة,7302b44f,مسائي 4-07-26,كاشير 1,4ac7873c,محمود سويفي,7/4/2026 22:51:51
ce7d23b0,7/4/2026,2026 7,3955,-790,تم الطباعة,7302b44f,مسائي 4-07-26,كاشير 1,4ac7873c,محمود سويفي,7/4/2026 22:53:48
1bf4d732,7/4/2026,2026 7,3956,5,تم الطباعة,aab0ebcd,مسائي 4-07-26,كاشير 2,04b9d4de,طارق ماسبيرو,7/4/2026 22:55:18
8807b153,7/4/2026,2026 7,3957,-400,تم الطباعة,aab0ebcd,مسائي 4-07-26,كاشير 2,04b9d4de,طارق ماسبيرو,7/4/2026 22:58:48
f061cd4c,7/4/2026,2026 7,3958,20,تم الطباعة,aab0ebcd,مسائي 4-07-26,كاشير 2,04b9d4de,طارق ماسبيرو,7/4/2026 23:00:33
6bab1854,7/4/2026,2026 7,3959,20,تم الطباعة,aab0ebcd,مسائي 4-07-26,كاشير 2,04b9d4de,طارق ماسبيرو,7/4/2026 23:02:09
d9f73a69,7/4/2026,2026 7,3960,10,تم الطباعة,aab0ebcd,مسائي 4-07-26,كاشير 2,04b9d4de,طارق ماسبيرو,7/4/2026 23:05:01
a353a3af,7/4/2026,2026 7,3961,250,تم الطباعة,aab0ebcd,مسائي 4-07-26,كاشير 2,04b9d4de,طارق ماسبيرو,7/4/2026 23:06:49
2074cf49,7/4/2026,2026 7,3962,600,تم الطباعة,aab0ebcd,مسائي 4-07-26,كاشير 2,04b9d4de,طارق ماسبيرو,7/4/2026 23:12:40
a1406e61,7/4/2026,2026 7,3963,5,تم الطباعة,7302b44f,مسائي 4-07-26,كاشير 1,4ac7873c,محمود سويفي,7/4/2026 23:14:49
46d09749,7/4/2026,2026 7,3964,5,تم الطباعة,7302b44f,مسائي 4-07-26,كاشير 1,4ac7873c,محمود سويفي,7/4/2026 23:19:11
34631b2e,7/4/2026,2026 7,3965,5,تم الطباعة,7302b44f,مسائي 4-07-26,كاشير 1,4ac7873c,محمود سويفي,7/4/2026 23:42:33
db0e5bf3,7/4/2026,2026 7,3966,40,تم الطباعة,7302b44f,مسائي 4-07-26,كاشير 1,4ac7873c,محمود سويفي,7/4/2026 23:44:57
4494522f,7/4/2026,2026 7,3966,100,تم الطباعة,aab0ebcd,مسائي 4-07-26,كاشير 2,04b9d4de,طارق ماسبيرو,7/4/2026 23:48:04
e8438a65,7/4/2026,2026 7,3967,-10,تم الطباعة,7302b44f,مسائي 4-07-26,كاشير 1,4ac7873c,محمود سويفي,7/4/2026 23:45:55
f8593436,7/4/2026,2026 7,3969,14465,تم الطباعة,7302b44f,مسائي 4-07-26,كاشير 1,4ac7873c,محمود سويفي,7/4/2026 23:52:08
03c20dfd,7/4/2026,2026 7,3970,-2955,تم الطباعة,7302b44f,مسائي 4-07-26,كاشير 1,4ac7873c,محمود سويفي,7/4/2026 23:52:44
affb77a8,7/4/2026,2026 7,3971,150,تم الطباعة,7302b44f,مسائي 4-07-26,كاشير 1,4ac7873c,محمود سويفي,7/4/2026 23:53:11
e11c074c,7/5/2026,2026 7,3972,30,تم الطباعة,aab0ebcd,مسائي 4-07-26,كاشير 2,04b9d4de,طارق ماسبيرو,7/5/2026 0:03:14
10bd2679,7/5/2026,2026 7,3973,5,تم الطباعة,aab0ebcd,مسائي 4-07-26,كاشير 2,04b9d4de,طارق ماسبيرو,7/5/2026 0:04:05
3f7115a0,7/5/2026,2026 7,3974,-2697,تم الطباعة,7302b44f,مسائي 4-07-26,كاشير 1,4ac7873c,محمود سويفي,7/5/2026 0:15:17
858bbbc3,7/5/2026,2026 7,3975,20,تم الطباعة,7302b44f,مسائي 4-07-26,كاشير 1,4ac7873c,محمود سويفي,7/5/2026 0:17:12
fb126032,7/5/2026,2026 7,3976,33,تم الطباعة,7302b44f,مسائي 4-07-26,كاشير 1,4ac7873c,محمود سويفي,7/5/2026 0:17:46
e1366c41,7/5/2026,2026 7,3977,2500,تم الطباعة,7b66ca98,صباحي 5-07-26,كاشير 1,f7f8d8a0,محمد عبدالتواب,7/5/2026 8:49:22
31d3f8b2,7/5/2026,2026 7,3978,5,تم الطباعة,7b66ca98,صباحي 5-07-26,كاشير 1,f7f8d8a0,محمد عبدالتواب,7/5/2026 9:31:37
d95d8599,7/5/2026,2026 7,3979,1130,تم الطباعة,7b66ca98,صباحي 5-07-26,كاشير 1,f7f8d8a0,محمد عبدالتواب,7/5/2026 9:51:46
25ea7f1a,7/5/2026,2026 7,3980,255,تم الطباعة,7b66ca98,صباحي 5-07-26,كاشير 1,f7f8d8a0,محمد عبدالتواب,7/5/2026 10:21:07
0ef15951,7/5/2026,2026 7,3981,40,تم الطباعة,7b66ca98,صباحي 5-07-26,كاشير 1,f7f8d8a0,محمد عبدالتواب,7/5/2026 10:47:47
6dd33565,7/5/2026,2026 7,3982,0,تم الطباعة,7b66ca98,صباحي 5-07-26,كاشير 1,f7f8d8a0,محمد عبدالتواب,7/5/2026 10:48:16
9e33f37c,7/5/2026,2026 7,3983,-4000,تم الطباعة,7b66ca98,صباحي 5-07-26,كاشير 1,f7f8d8a0,محمد عبدالتواب,7/5/2026 10:48:32
c270850b,7/5/2026,2026 7,3984,65,تم الطباعة,7b66ca98,صباحي 5-07-26,كاشير 1,f7f8d8a0,محمد عبدالتواب,7/5/2026 11:14:55
93e89d35,7/5/2026,2026 7,3985,165,تم الطباعة,7b66ca98,صباحي 5-07-26,كاشير 1,f7f8d8a0,محمد عبدالتواب,7/5/2026 11:24:16
78804f9c,7/5/2026,2026 7,3986,55,تم الطباعة,7b66ca98,صباحي 5-07-26,كاشير 1,f7f8d8a0,محمد عبدالتواب,7/5/2026 12:11:14
de8576c3,7/5/2026,2026 7,3987,-990,تم الطباعة,7b66ca98,صباحي 5-07-26,كاشير 1,f7f8d8a0,محمد عبدالتواب,7/5/2026 12:13:17
74372628,7/5/2026,2026 7,3988,-100,تم الطباعة,7b66ca98,صباحي 5-07-26,كاشير 1,f7f8d8a0,محمد عبدالتواب,7/5/2026 12:14:40
270ff767,7/5/2026,2026 7,3989,10,تم الطباعة,7b66ca98,صباحي 5-07-26,كاشير 1,f7f8d8a0,محمد عبدالتواب,7/5/2026 12:21:39
1f85f718,7/5/2026,2026 7,3990,23,تم الطباعة,7b66ca98,صباحي 5-07-26,كاشير 1,f7f8d8a0,محمد عبدالتواب,7/5/2026 12:22:15
8bc7afa8,7/5/2026,2026 7,3991,10,تم الطباعة,7b66ca98,صباحي 5-07-26,كاشير 1,f7f8d8a0,محمد عبدالتواب,7/5/2026 12:22:45
dadaf1f8,7/5/2026,2026 7,3992,610,تم الطباعة,7b66ca98,صباحي 5-07-26,كاشير 1,f7f8d8a0,محمد عبدالتواب,7/5/2026 12:23:55
e4dff62c,7/5/2026,2026 7,3993,33,تم الطباعة,7b66ca98,صباحي 5-07-26,كاشير 1,f7f8d8a0,محمد عبدالتواب,7/5/2026 12:42:26
c5e1d10c,7/5/2026,2026 7,3994,-1970,تم الطباعة,7b66ca98,صباحي 5-07-26,كاشير 1,f7f8d8a0,محمد عبدالتواب,7/5/2026 12:42:49
3656bf54,7/5/2026,2026 7,3995,-590,تم الطباعة,7b66ca98,صباحي 5-07-26,كاشير 1,f7f8d8a0,محمد عبدالتواب,7/5/2026 12:46:03
4868fd21,7/5/2026,2026 7,3996,2020,تم الطباعة,7b66ca98,صباحي 5-07-26,كاشير 1,f7f8d8a0,محمد عبدالتواب,7/5/2026 13:21:42
78a23bf0,7/5/2026,2026 7,3997,-250,تم الطباعة,7b66ca98,صباحي 5-07-26,كاشير 1,f7f8d8a0,محمد عبدالتواب,7/5/2026 13:38:39
44d5bdd7,7/5/2026,2026 7,3998,95,تم الطباعة,7b66ca98,صباحي 5-07-26,كاشير 1,f7f8d8a0,محمد عبدالتواب,7/5/2026 14:08:24
db2d3d1d,7/5/2026,2026 7,3999,-195,تم الطباعة,7b66ca98,صباحي 5-07-26,كاشير 1,f7f8d8a0,محمد عبدالتواب,7/5/2026 14:08:37
4fc5cd1b,7/5/2026,2026 7,4000,175,تم الطباعة,7b66ca98,صباحي 5-07-26,كاشير 1,f7f8d8a0,محمد عبدالتواب,7/5/2026 14:09:00
d70935eb,7/5/2026,2026 7,4001,-2365,تم الطباعة,7b66ca98,صباحي 5-07-26,كاشير 1,f7f8d8a0,محمد عبدالتواب,7/5/2026 14:10:47
9389709d,7/5/2026,2026 7,4002,1830,تم الطباعة,7b66ca98,صباحي 5-07-26,كاشير 1,f7f8d8a0,محمد عبدالتواب,7/5/2026 14:13:11
52b76f5a,7/5/2026,2026 7,4003,2020,تم الطباعة,7b66ca98,صباحي 5-07-26,كاشير 1,f7f8d8a0,محمد عبدالتواب,7/5/2026 14:23:50
c875f5a6,7/5/2026,2026 7,4004,-1485,تم الطباعة,7b66ca98,صباحي 5-07-26,كاشير 1,f7f8d8a0,محمد عبدالتواب,7/5/2026 14:33:11
dfcd6836,7/5/2026,2026 7,4005,-2955,تم الطباعة,7b66ca98,صباحي 5-07-26,كاشير 1,f7f8d8a0,محمد عبدالتواب,7/5/2026 14:44:53
52583a3a,7/5/2026,2026 7,4006,49,تم الطباعة,7b66ca98,صباحي 5-07-26,كاشير 1,f7f8d8a0,محمد عبدالتواب,7/5/2026 14:51:56
40f1d94a,7/5/2026,2026 7,4007,4040,تم الطباعة,7b66ca98,صباحي 5-07-26,كاشير 1,f7f8d8a0,محمد عبدالتواب,7/5/2026 14:54:15
09d3fc87,7/5/2026,2026 7,4008,15,تم الطباعة,7b66ca98,صباحي 5-07-26,كاشير 1,f7f8d8a0,محمد عبدالتواب,7/5/2026 14:58:10
29c6842c,7/5/2026,2026 7,4009,10,تم الطباعة,7b66ca98,صباحي 5-07-26,كاشير 1,f7f8d8a0,محمد عبدالتواب,7/5/2026 14:59:26
eb689e4c,7/5/2026,2026 7,4010,2425,تم الطباعة,7b66ca98,صباحي 5-07-26,كاشير 1,f7f8d8a0,محمد عبدالتواب,7/5/2026 15:08:31
56dbf7ec,7/5/2026,2026 7,4011,125,تم الطباعة,7b66ca98,صباحي 5-07-26,كاشير 1,f7f8d8a0,محمد عبدالتواب,7/5/2026 15:23:52
8abeaae3,7/5/2026,2026 7,4012,53,تم الطباعة,7b66ca98,صباحي 5-07-26,كاشير 1,f7f8d8a0,محمد عبدالتواب,7/5/2026 16:08:18
810c1dcd,7/5/2026,2026 7,4013,-1000,تم الطباعة,7b66ca98,صباحي 5-07-26,كاشير 1,f7f8d8a0,محمد عبدالتواب,7/5/2026 16:10:38
b7385cc7,7/5/2026,2026 7,4014,2000,تم الطباعة,7b66ca98,صباحي 5-07-26,كاشير 1,f7f8d8a0,محمد عبدالتواب,7/5/2026 16:19:39
43dd8622,7/5/2026,2026 7,4015,15,تم الطباعة,7b66ca98,صباحي 5-07-26,كاشير 1,f7f8d8a0,محمد عبدالتواب,7/5/2026 16:23:31
41592381,7/5/2026,2026 7,4016,75,تم الطباعة,7b66ca98,صباحي 5-07-26,كاشير 1,f7f8d8a0,محمد عبدالتواب,7/5/2026 16:23:58
7b511722,7/5/2026,2026 7,4017,2020,تم الطباعة,7b66ca98,صباحي 5-07-26,كاشير 1,f7f8d8a0,محمد عبدالتواب,7/5/2026 16:38:18
d76a9b02,7/5/2026,2026 7,4018,60,تم الطباعة,7b66ca98,صباحي 5-07-26,كاشير 1,f7f8d8a0,محمد عبدالتواب,7/5/2026 16:54:48
d0ca7a4b,7/5/2026,2026 7,4019,870,تم الطباعة,7b66ca98,صباحي 5-07-26,كاشير 1,f7f8d8a0,محمد عبدالتواب,7/5/2026 17:03:34
5059ee8c,7/5/2026,2026 7,4020,37,تم الطباعة,7b66ca98,صباحي 5-07-26,كاشير 1,f7f8d8a0,محمد عبدالتواب,7/5/2026 17:22:56
7cf6cc4c,7/5/2026,2026 7,4021,10,تم الطباعة,eddee7cf,مسائي 5-07-26,كاشير 2,04b9d4de,طارق ماسبيرو,7/5/2026 17:28:09
a63c420e,7/5/2026,2026 7,4022,15,تم الطباعة,eddee7cf,مسائي 5-07-26,كاشير 2,04b9d4de,طارق ماسبيرو,7/5/2026 17:40:21
361ea673,7/5/2026,2026 7,4023,20,تم الطباعة,eddee7cf,مسائي 5-07-26,كاشير 2,04b9d4de,طارق ماسبيرو,7/5/2026 17:53:21
6ffef7e2,7/5/2026,2026 7,4024,-985,تم الطباعة,bf1d3a4d,مسائي 5-07-26,كاشير 1,f7f8d8a0,محمد عبدالتواب,7/5/2026 18:12:45
5d128c5e,7/5/2026,2026 7,4025,305,تم الطباعة,eddee7cf,مسائي 5-07-26,كاشير 2,04b9d4de,طارق ماسبيرو,7/5/2026 18:21:12
d59ebf5e,7/5/2026,2026 7,4026,3,تم الطباعة,eddee7cf,مسائي 5-07-26,كاشير 2,04b9d4de,طارق ماسبيرو,7/5/2026 18:26:06
7b562a0b,7/5/2026,2026 7,4027,3,تم الطباعة,eddee7cf,مسائي 5-07-26,كاشير 2,04b9d4de,طارق ماسبيرو,7/5/2026 18:27:00
febfffc5,7/5/2026,2026 7,4028,20,تم الطباعة,eddee7cf,مسائي 5-07-26,كاشير 2,04b9d4de,طارق ماسبيرو,7/5/2026 18:29:02
f9bb9332,7/5/2026,2026 7,4029,2,تم الطباعة,8c73a292,مسائي 5-07-26,كاشير 1,0154dfaa,أ/ احمد زرزور,7/5/2026 18:29:56
8673ce50,7/5/2026,2026 7,4030,25,تم الطباعة,eddee7cf,مسائي 5-07-26,كاشير 2,04b9d4de,طارق ماسبيرو,7/5/2026 18:31:45
acbd9d5d,7/5/2026,2026 7,4031,5,تم الطباعة,8c73a292,مسائي 5-07-26,كاشير 1,0154dfaa,أ/ احمد زرزور,7/5/2026 18:52:22
eb1bb064,7/5/2026,2026 7,4032,-45,تم الطباعة,8c73a292,مسائي 5-07-26,كاشير 1,0154dfaa,أ/ احمد زرزور,7/5/2026 18:54:16
f8685616,7/5/2026,2026 7,4033,2,تم الطباعة,8c73a292,مسائي 5-07-26,كاشير 1,0154dfaa,أ/ احمد زرزور,7/5/2026 18:56:27
9ccf524e,7/5/2026,2026 7,4034,10,تم الطباعة,8c73a292,مسائي 5-07-26,كاشير 1,0154dfaa,أ/ احمد زرزور,7/5/2026 18:59:49
7981ab9c,7/5/2026,2026 7,4034,10,تم الطباعة,eddee7cf,مسائي 5-07-26,كاشير 2,04b9d4de,طارق ماسبيرو,7/5/2026 19:00:01
24dba24a,7/5/2026,2026 7,4036,50,تم الطباعة,eddee7cf,مسائي 5-07-26,كاشير 2,04b9d4de,طارق ماسبيرو,7/5/2026 19:01:25
db603a1e,7/5/2026,2026 7,4037,30,تم الطباعة,eddee7cf,مسائي 5-07-26,كاشير 2,04b9d4de,طارق ماسبيرو,7/5/2026 19:02:42
d10e7df5,7/5/2026,2026 7,4038,10,تم الطباعة,11e4f2bf,مسائي 5-07-26,كاشير 1,4ac7873c,محمود سويفي,7/5/2026 19:10:54
2073c6fd,7/5/2026,2026 7,4039,10072,تم الطباعة,8510c2b4,مسائي 5-07-26,كاشير 3,0154dfaa,أ/ احمد زرزور,7/5/2026 19:13:32
8baa070a,7/5/2026,2026 7,4040,0,تم الطباعة,8510c2b4,مسائي 5-07-26,كاشير 3,0154dfaa,أ/ احمد زرزور,7/5/2026 19:15:06
4fed0c45,7/5/2026,2026 7,4041,6,تم الطباعة,8510c2b4,مسائي 5-07-26,كاشير 3,0154dfaa,أ/ احمد زرزور,7/5/2026 19:21:02
73610c29,7/5/2026,2026 7,4042,710,تم الطباعة,8510c2b4,مسائي 5-07-26,كاشير 3,0154dfaa,أ/ احمد زرزور,7/5/2026 19:24:07
c3ac7ff5,7/5/2026,2026 7,4043,18,تم الطباعة,11e4f2bf,مسائي 5-07-26,كاشير 1,4ac7873c,محمود سويفي,7/5/2026 19:25:20
71eb6b1b,7/5/2026,2026 7,4044,20,تم الطباعة,8510c2b4,مسائي 5-07-26,كاشير 3,0154dfaa,أ/ احمد زرزور,7/5/2026 19:26:08
d3111795,7/5/2026,2026 7,4045,30,تم الطباعة,eddee7cf,مسائي 5-07-26,كاشير 2,04b9d4de,طارق ماسبيرو,7/5/2026 19:29:45
f81acbcc,7/5/2026,2026 7,4045,10,تم الطباعة,8510c2b4,مسائي 5-07-26,كاشير 3,0154dfaa,أ/ احمد زرزور,7/5/2026 19:30:03
094b8b9c,7/5/2026,2026 7,4047,25,تم الطباعة,11e4f2bf,مسائي 5-07-26,كاشير 1,4ac7873c,محمود سويفي,7/5/2026 19:32:11
0ace71a9,7/5/2026,2026 7,4048,11,تم الطباعة,11e4f2bf,مسائي 5-07-26,كاشير 1,4ac7873c,محمود سويفي,7/5/2026 19:36:36
fee34a75,7/5/2026,2026 7,4049,10,تم الطباعة,eddee7cf,مسائي 5-07-26,كاشير 2,04b9d4de,طارق ماسبيرو,7/5/2026 19:39:01
629d1666,7/5/2026,2026 7,4050,-2580,تم الطباعة,11e4f2bf,مسائي 5-07-26,كاشير 1,4ac7873c,محمود سويفي,7/5/2026 19:50:09
e11cb52d,7/5/2026,2026 7,4051,7,تم الطباعة,8510c2b4,مسائي 5-07-26,كاشير 3,0154dfaa,أ/ احمد زرزور,7/5/2026 19:50:54
e831eed1,7/5/2026,2026 7,4052,12,تم الطباعة,11e4f2bf,مسائي 5-07-26,كاشير 1,4ac7873c,محمود سويفي,7/5/2026 19:51:35
ea260203,7/5/2026,2026 7,4053,0,تم الطباعة,8510c2b4,مسائي 5-07-26,كاشير 3,0154dfaa,أ/ احمد زرزور,7/5/2026 19:55:03
0e2cfbaf,7/5/2026,2026 7,4054,100,تم الطباعة,eddee7cf,مسائي 5-07-26,كاشير 2,04b9d4de,طارق ماسبيرو,7/5/2026 20:00:22
92200bd4,7/5/2026,2026 7,4055,400,تم الطباعة,eddee7cf,مسائي 5-07-26,كاشير 2,04b9d4de,طارق ماسبيرو,7/5/2026 20:07:19
b0b7aa5a,7/5/2026,2026 7,4056,20,تم الطباعة,eddee7cf,مسائي 5-07-26,كاشير 2,04b9d4de,طارق ماسبيرو,7/5/2026 20:15:21
ff8441a4,7/5/2026,2026 7,4057,-490,تم الطباعة,11e4f2bf,مسائي 5-07-26,كاشير 1,4ac7873c,محمود سويفي,7/5/2026 20:17:35
13ffe849,7/5/2026,2026 7,4058,2300,تم الطباعة,11e4f2bf,مسائي 5-07-26,كاشير 1,4ac7873c,محمود سويفي,7/5/2026 20:19:23
768b9613,7/5/2026,2026 7,4059,560,تم الطباعة,11e4f2bf,مسائي 5-07-26,كاشير 1,4ac7873c,محمود سويفي,7/5/2026 20:26:17
6f11ac2e,7/5/2026,2026 7,4060,5,تم الطباعة,11e4f2bf,مسائي 5-07-26,كاشير 1,4ac7873c,محمود سويفي,7/5/2026 20:28:51
e0b7a76f,7/5/2026,2026 7,4061,-1970,تم الطباعة,11e4f2bf,مسائي 5-07-26,كاشير 1,4ac7873c,محمود سويفي,7/5/2026 20:33:13
c3a4c911,7/5/2026,2026 7,4062,2020,تم الطباعة,11e4f2bf,مسائي 5-07-26,كاشير 1,4ac7873c,محمود سويفي,7/5/2026 20:38:28
6f2473aa,7/5/2026,2026 7,4063,-1480,تم الطباعة,11e4f2bf,مسائي 5-07-26,كاشير 1,4ac7873c,محمود سويفي,7/5/2026 20:40:30
baf01a91,7/5/2026,2026 7,4064,10,تم الطباعة,11e4f2bf,مسائي 5-07-26,كاشير 1,4ac7873c,محمود سويفي,7/5/2026 20:46:12
66b5e418,7/5/2026,2026 7,4065,-1940,تم الطباعة,11e4f2bf,مسائي 5-07-26,كاشير 1,4ac7873c,محمود سويفي,7/5/2026 20:47:14
df4fb056,7/5/2026,2026 7,4066,600,تم الطباعة,eddee7cf,مسائي 5-07-26,كاشير 2,04b9d4de,طارق ماسبيرو,7/5/2026 20:49:59
7d0b7da8,7/5/2026,2026 7,4067,18,تم الطباعة,11e4f2bf,مسائي 5-07-26,كاشير 1,4ac7873c,محمود سويفي,7/5/2026 20:50:24
011db850,7/5/2026,2026 7,4068,0,تم الطباعة,11e4f2bf,مسائي 5-07-26,كاشير 1,4ac7873c,محمود سويفي,7/5/2026 20:51:42
ae1e3433,7/5/2026,2026 7,4069,750,تم الطباعة,eddee7cf,مسائي 5-07-26,كاشير 2,04b9d4de,طارق ماسبيرو,7/5/2026 21:13:21
7bbfd014,7/5/2026,2026 7,4070,0,تم الطباعة,eddee7cf,مسائي 5-07-26,كاشير 2,04b9d4de,طارق ماسبيرو,7/5/2026 21:14:33
01bf2e9c,7/5/2026,2026 7,4071,2830,تم الطباعة,11e4f2bf,مسائي 5-07-26,كاشير 1,4ac7873c,محمود سويفي,7/5/2026 21:16:32
5750422a,7/5/2026,2026 7,4072,2020,تم الطباعة,11e4f2bf,مسائي 5-07-26,كاشير 1,4ac7873c,محمود سويفي,7/5/2026 21:19:51
43c782c9,7/5/2026,2026 7,4073,100,تم الطباعة,eddee7cf,مسائي 5-07-26,كاشير 2,04b9d4de,طارق ماسبيرو,7/5/2026 21:26:10
2789ecfa,7/5/2026,2026 7,4074,810,تم الطباعة,8510c2b4,مسائي 5-07-26,كاشير 3,0154dfaa,أ/ احمد زرزور,7/5/2026 21:29:02
a3397f24,7/5/2026,2026 7,4074,748,تم الطباعة,eddee7cf,مسائي 5-07-26,كاشير 2,04b9d4de,طارق ماسبيرو,7/5/2026 21:29:36
eb666e17,7/5/2026,2026 7,4076,340,تم الطباعة,eddee7cf,مسائي 5-07-26,كاشير 2,04b9d4de,طارق ماسبيرو,7/5/2026 21:30:37
c133dffd,7/5/2026,2026 7,4077,50,تم الطباعة,8510c2b4,مسائي 5-07-26,كاشير 3,0154dfaa,أ/ احمد زرزور,7/5/2026 21:34:44
accfcd54,7/5/2026,2026 7,4078,-3399,تم الطباعة,11e4f2bf,مسائي 5-07-26,كاشير 1,4ac7873c,محمود سويفي,7/5/2026 21:36:29
8b233275,7/5/2026,2026 7,4079,5,تم الطباعة,11e4f2bf,مسائي 5-07-26,كاشير 1,4ac7873c,محمود سويفي,7/5/2026 21:39:43
2f31d8b1,7/5/2026,2026 7,4080,1515,تم الطباعة,eddee7cf,مسائي 5-07-26,كاشير 2,04b9d4de,طارق ماسبيرو,7/5/2026 21:47:22
839c1bbd,7/5/2026,2026 7,4081,25,تم الطباعة,eddee7cf,مسائي 5-07-26,كاشير 2,04b9d4de,طارق ماسبيرو,7/5/2026 21:51:18
47cd8fa1,7/5/2026,2026 7,4082,-500,تم الطباعة,11e4f2bf,مسائي 5-07-26,كاشير 1,4ac7873c,محمود سويفي,7/5/2026 21:51:59
e9056459,7/5/2026,2026 7,4083,810,تم الطباعة,11e4f2bf,مسائي 5-07-26,كاشير 1,4ac7873c,محمود سويفي,7/5/2026 21:52:58
4993a8ee,7/5/2026,2026 7,4084,-985,تم الطباعة,11e4f2bf,مسائي 5-07-26,كاشير 1,4ac7873c,محمود سويفي,7/5/2026 21:54:23
c211c4d0,7/5/2026,2026 7,4085,400,تم الطباعة,eddee7cf,مسائي 5-07-26,كاشير 2,04b9d4de,طارق ماسبيرو,7/5/2026 21:59:15
ec13433e,7/5/2026,2026 7,4086,505,تم الطباعة,8510c2b4,مسائي 5-07-26,كاشير 3,0154dfaa,أ/ احمد زرزور,7/5/2026 22:02:31
0c1d08a2,7/5/2026,2026 7,4087,-600,تم الطباعة,11e4f2bf,مسائي 5-07-26,كاشير 1,4ac7873c,محمود سويفي,7/5/2026 22:08:34
c248d5e6,7/5/2026,2026 7,4087,60,تم الطباعة,eddee7cf,مسائي 5-07-26,كاشير 2,04b9d4de,طارق ماسبيرو,7/5/2026 22:08:36
503aad9f,7/5/2026,2026 7,4088,40,تم الطباعة,eddee7cf,مسائي 5-07-26,كاشير 2,04b9d4de,طارق ماسبيرو,7/5/2026 22:08:49
68c4b62d,7/5/2026,2026 7,4089,50,تم الطباعة,11e4f2bf,مسائي 5-07-26,كاشير 1,4ac7873c,محمود سويفي,7/5/2026 22:10:09
a27980c0,7/5/2026,2026 7,4091,30,تم الطباعة,11e4f2bf,مسائي 5-07-26,كاشير 1,4ac7873c,محمود سويفي,7/5/2026 22:12:53
9484547c,7/5/2026,2026 7,4092,160,تم الطباعة,eddee7cf,مسائي 5-07-26,كاشير 2,04b9d4de,طارق ماسبيرو,7/5/2026 22:13:31
2bc0f32d,7/5/2026,2026 7,4093,40,تم الطباعة,11e4f2bf,مسائي 5-07-26,كاشير 1,4ac7873c,محمود سويفي,7/5/2026 22:18:11
cf53c845,7/5/2026,2026 7,4094,3,تم الطباعة,11e4f2bf,مسائي 5-07-26,كاشير 1,4ac7873c,محمود سويفي,7/5/2026 22:21:15
ecf85b3e,7/5/2026,2026 7,4095,75,تم الطباعة,8510c2b4,مسائي 5-07-26,كاشير 3,0154dfaa,أ/ احمد زرزور,7/5/2026 22:25:39
619d2872,7/5/2026,2026 7,4095,-4290,تم الطباعة,11e4f2bf,مسائي 5-07-26,كاشير 1,4ac7873c,محمود سويفي,7/5/2026 22:25:55
825a8300,7/5/2026,2026 7,4096,3,تم الطباعة,8510c2b4,مسائي 5-07-26,كاشير 3,0154dfaa,أ/ احمد زرزور,7/5/2026 22:29:26
ada0f853,7/5/2026,2026 7,4097,10,تم الطباعة,eddee7cf,مسائي 5-07-26,كاشير 2,04b9d4de,طارق ماسبيرو,7/5/2026 22:31:45
9158d88d,7/5/2026,2026 7,4098,10,تم الطباعة,8510c2b4,مسائي 5-07-26,كاشير 3,0154dfaa,أ/ احمد زرزور,7/5/2026 22:34:07
c40fe1cb,7/5/2026,2026 7,4100,1320,تم الطباعة,8510c2b4,مسائي 5-07-26,كاشير 3,0154dfaa,أ/ احمد زرزور,7/5/2026 22:47:03
e0653ee3,7/5/2026,2026 7,4101,5,تم الطباعة,eddee7cf,مسائي 5-07-26,كاشير 2,04b9d4de,طارق ماسبيرو,7/5/2026 22:47:45
95f13f45,7/5/2026,2026 7,4102,30,تم الطباعة,11e4f2bf,مسائي 5-07-26,كاشير 1,4ac7873c,محمود سويفي,7/5/2026 22:49:28
41807d8c,7/5/2026,2026 7,4102,210,تم الطباعة,8510c2b4,مسائي 5-07-26,كاشير 3,0154dfaa,أ/ احمد زرزور,7/5/2026 22:49:52
c5b05b6a,7/5/2026,2026 7,4104,25,تم الطباعة,8510c2b4,مسائي 5-07-26,كاشير 3,0154dfaa,أ/ احمد زرزور,7/5/2026 22:53:57
ca8bcf03,7/5/2026,2026 7,4105,520,تم الطباعة,11e4f2bf,مسائي 5-07-26,كاشير 1,4ac7873c,محمود سويفي,7/5/2026 22:57:07
53479dbf,7/5/2026,2026 7,4106,7,تم الطباعة,8510c2b4,مسائي 5-07-26,كاشير 3,0154dfaa,أ/ احمد زرزور,7/5/2026 23:03:23
38c79979,7/5/2026,2026 7,4107,23,تم الطباعة,11e4f2bf,مسائي 5-07-26,كاشير 1,4ac7873c,محمود سويفي,7/5/2026 23:11:14
29b72d98,7/5/2026,2026 7,4108,300,تم الطباعة,11e4f2bf,مسائي 5-07-26,كاشير 1,4ac7873c,محمود سويفي,7/5/2026 23:11:53
e8acc0f3,7/5/2026,2026 7,4109,51,تم الطباعة,11e4f2bf,مسائي 5-07-26,كاشير 1,4ac7873c,محمود سويفي,7/5/2026 23:15:30
5b4543cb,7/5/2026,2026 7,4110,-1970,تم الطباعة,11e4f2bf,مسائي 5-07-26,كاشير 1,4ac7873c,محمود سويفي,7/5/2026 23:22:00
5796c9a8,7/5/2026,2026 7,4111,-3940,تم الطباعة,11e4f2bf,مسائي 5-07-26,كاشير 1,4ac7873c,محمود سويفي,7/5/2026 23:25:43
f8a88dc6,7/5/2026,2026 7,4111,1000,تم الطباعة,eddee7cf,مسائي 5-07-26,كاشير 2,04b9d4de,طارق ماسبيرو,7/5/2026 23:26:11
360ac5b9,7/5/2026,2026 7,4112,10,تم الطباعة,11e4f2bf,مسائي 5-07-26,كاشير 1,4ac7873c,محمود سويفي,7/5/2026 23:30:53
55b4f103,7/5/2026,2026 7,4113,20,تم الطباعة,eddee7cf,مسائي 5-07-26,كاشير 2,04b9d4de,طارق ماسبيرو,7/5/2026 23:31:28
2a78216e,7/5/2026,2026 7,4115,25,تم الطباعة,eddee7cf,مسائي 5-07-26,كاشير 2,04b9d4de,طارق ماسبيرو,7/5/2026 23:34:18
6ef44b9e,7/5/2026,2026 7,4116,1500,تم الطباعة,11e4f2bf,مسائي 5-07-26,كاشير 1,4ac7873c,محمود سويفي,7/5/2026 23:36:21
869260d0,7/5/2026,2026 7,4117,85,تم الطباعة,11e4f2bf,مسائي 5-07-26,كاشير 1,4ac7873c,محمود سويفي,7/5/2026 23:39:05
928eafef,7/5/2026,2026 7,4118,-5000,تم الطباعة,11e4f2bf,مسائي 5-07-26,كاشير 1,4ac7873c,محمود سويفي,7/5/2026 23:55:08
697db30c,7/5/2026,2026 7,4119,400,تم الطباعة,11e4f2bf,مسائي 5-07-26,كاشير 1,4ac7873c,محمود سويفي,7/5/2026 23:55:34
a0830cde,7/5/2026,2026 7,4120,100,تم الطباعة,11e4f2bf,مسائي 5-07-26,كاشير 1,4ac7873c,محمود سويفي,7/5/2026 23:58:10
8eb9fd91,7/6/2026,2026 7,4121,2,تم الطباعة,11e4f2bf,مسائي 5-07-26,كاشير 1,4ac7873c,محمود سويفي,7/6/2026 0:00:45
81880bf9,7/6/2026,2026 7,4122,100,تم الطباعة,11e4f2bf,مسائي 5-07-26,كاشير 1,4ac7873c,محمود سويفي,7/6/2026 0:06:17
659b6450,7/6/2026,2026 7,4123,5050,تم الطباعة,11e4f2bf,مسائي 5-07-26,كاشير 1,4ac7873c,محمود سويفي,7/6/2026 0:07:19
fbb68196,7/6/2026,2026 7,4124,-200,تم الطباعة,11e4f2bf,مسائي 5-07-26,كاشير 1,4ac7873c,محمود سويفي,7/6/2026 0:08:58
217f11da,7/6/2026,2026 7,4125,15,تم الطباعة,11e4f2bf,مسائي 5-07-26,كاشير 1,4ac7873c,محمود سويفي,7/6/2026 0:12:17
885db0a7,7/6/2026,2026 7,4126,8000,تم الطباعة,11e4f2bf,مسائي 5-07-26,كاشير 1,4ac7873c,محمود سويفي,7/6/2026 0:13:47
eeec1469,7/6/2026,2026 7,4127,400,تم الطباعة,11e4f2bf,مسائي 5-07-26,كاشير 1,4ac7873c,محمود سويفي,7/6/2026 0:15:37
de8b4594,7/6/2026,2026 7,4128,-970,تم الطباعة,11e4f2bf,مسائي 5-07-26,كاشير 1,4ac7873c,محمود سويفي,7/6/2026 0:19:07
0a6c4a64,7/6/2026,2026 7,4129,-990,تم الطباعة,11e4f2bf,مسائي 5-07-26,كاشير 1,4ac7873c,محمود سويفي,7/6/2026 0:22:35
0006b1ed,7/6/2026,2026 7,4130,23,تم الطباعة,11e4f2bf,مسائي 5-07-26,كاشير 1,4ac7873c,محمود سويفي,7/6/2026 0:24:23
a80e2681,7/6/2026,2026 7,4131,133,تم الطباعة,11e4f2bf,مسائي 5-07-26,كاشير 1,4ac7873c,محمود سويفي,7/6/2026 0:28:07
9f70ddb1,7/6/2026,2026 7,4132,3670,تم الطباعة,3126471b,صباحي 6-07-26,كاشير 1,f7f8d8a0,محمد عبدالتواب,7/6/2026 8:50:50
ddc23c18,7/6/2026,2026 7,4133,25,تم الطباعة,3126471b,صباحي 6-07-26,كاشير 1,f7f8d8a0,محمد عبدالتواب,7/6/2026 9:14:52
fe59be65,7/6/2026,2026 7,4134,902,تم الطباعة,3126471b,صباحي 6-07-26,كاشير 1,f7f8d8a0,محمد عبدالتواب,7/6/2026 9:15:19
128c7b29,7/6/2026,2026 7,4135,5,تم الطباعة,3126471b,صباحي 6-07-26,كاشير 1,f7f8d8a0,محمد عبدالتواب,7/6/2026 9:15:33
21f637ca,7/6/2026,2026 7,4136,-6200,تم الطباعة,3126471b,صباحي 6-07-26,كاشير 1,f7f8d8a0,محمد عبدالتواب,7/6/2026 9:17:19
c7b06de0,7/6/2026,2026 7,4137,20,تم الطباعة,3126471b,صباحي 6-07-26,كاشير 1,f7f8d8a0,محمد عبدالتواب,7/6/2026 9:32:37
0165fbe6,7/6/2026,2026 7,4138,-970,تم الطباعة,3126471b,صباحي 6-07-26,كاشير 1,f7f8d8a0,محمد عبدالتواب,7/6/2026 9:32:49
189c6500,7/6/2026,2026 7,4139,250,تم الطباعة,3126471b,صباحي 6-07-26,كاشير 1,f7f8d8a0,محمد عبدالتواب,7/6/2026 9:45:42
377be1da,7/6/2026,2026 7,4140,8,تم الطباعة,3126471b,صباحي 6-07-26,كاشير 1,f7f8d8a0,محمد عبدالتواب,7/6/2026 10:14:26
a1075eb3,7/6/2026,2026 7,4141,-95,تم الطباعة,3126471b,صباحي 6-07-26,كاشير 1,f7f8d8a0,محمد عبدالتواب,7/6/2026 10:22:21
da70015e,7/6/2026,2026 7,4142,1557,تم الطباعة,3126471b,صباحي 6-07-26,كاشير 1,f7f8d8a0,محمد عبدالتواب,7/6/2026 10:57:49
4276f361,7/6/2026,2026 7,4143,5,تم الطباعة,3126471b,صباحي 6-07-26,كاشير 1,f7f8d8a0,محمد عبدالتواب,7/6/2026 11:07:44
108ef2c6,7/6/2026,2026 7,4144,-95,تم الطباعة,3126471b,صباحي 6-07-26,كاشير 1,f7f8d8a0,محمد عبدالتواب,7/6/2026 11:10:07
aa51b34f,7/6/2026,2026 7,4145,2000,تم الطباعة,3126471b,صباحي 6-07-26,كاشير 1,f7f8d8a0,محمد عبدالتواب,7/6/2026 11:10:47
7aba7b3c,7/6/2026,2026 7,4146,14,تم الطباعة,3126471b,صباحي 6-07-26,كاشير 1,f7f8d8a0,محمد عبدالتواب,7/6/2026 11:20:50
ccd859a2,7/6/2026,2026 7,4147,5,تم الطباعة,3126471b,صباحي 6-07-26,كاشير 1,f7f8d8a0,محمد عبدالتواب,7/6/2026 11:32:58
51ca4a88,7/6/2026,2026 7,4148,-500,تم الطباعة,3126471b,صباحي 6-07-26,كاشير 1,f7f8d8a0,محمد عبدالتواب,7/6/2026 11:58:44
10dc7f9c,7/6/2026,2026 7,4149,145,تم الطباعة,3126471b,صباحي 6-07-26,كاشير 1,f7f8d8a0,محمد عبدالتواب,7/6/2026 12:25:14
7b71e3fd,7/6/2026,2026 7,4150,-3705,تم الطباعة,3126471b,صباحي 6-07-26,كاشير 1,f7f8d8a0,محمد عبدالتواب,7/6/2026 12:35:06
e5f5b55f,7/6/2026,2026 7,4151,50,تم الطباعة,3126471b,صباحي 6-07-26,كاشير 1,f7f8d8a0,محمد عبدالتواب,7/6/2026 12:35:34
495744d5,7/6/2026,2026 7,4152,5,تم الطباعة,3126471b,صباحي 6-07-26,كاشير 1,f7f8d8a0,محمد عبدالتواب,7/6/2026 13:03:15
b39e1fa7,7/6/2026,2026 7,4153,33,تم الطباعة,3126471b,صباحي 6-07-26,كاشير 1,f7f8d8a0,محمد عبدالتواب,7/6/2026 13:11:38
2eecf8d1,7/6/2026,2026 7,4154,500,تم الطباعة,3126471b,صباحي 6-07-26,كاشير 1,f7f8d8a0,محمد عبدالتواب,7/6/2026 13:29:40
89b74d9f,7/6/2026,2026 7,4155,200,تم الطباعة,3126471b,صباحي 6-07-26,كاشير 1,f7f8d8a0,محمد عبدالتواب,7/6/2026 13:46:43
4f475f61,7/6/2026,2026 7,4156,-300,تم الطباعة,3126471b,صباحي 6-07-26,كاشير 1,f7f8d8a0,محمد عبدالتواب,7/6/2026 14:11:44
0060ef50,7/6/2026,2026 7,4155,117,تم الطباعة,bb16266c,صباحي 6-07-26,كاشير 2,e9ad5415,ابانوب ايليا,7/6/2026 14:20:32
dd87b334,7/6/2026,2026 7,4157,469,تم الطباعة,3126471b,صباحي 6-07-26,كاشير 1,f7f8d8a0,محمد عبدالتواب,7/6/2026 14:48:43
193289d5,7/6/2026,2026 7,4158,326,تم الطباعة,3126471b,صباحي 6-07-26,كاشير 1,f7f8d8a0,محمد عبدالتواب,7/6/2026 14:51:17
ca6017ef,7/6/2026,2026 7,4160,1858,تم الطباعة,3126471b,صباحي 6-07-26,كاشير 1,f7f8d8a0,محمد عبدالتواب,7/6/2026 15:31:59
56a6009a,7/6/2026,2026 7,4161,43,تم الطباعة,3126471b,صباحي 6-07-26,كاشير 1,f7f8d8a0,محمد عبدالتواب,7/6/2026 16:22:34
2870bdf6,7/6/2026,2026 7,4162,910,تم الطباعة,3126471b,صباحي 6-07-26,كاشير 1,f7f8d8a0,محمد عبدالتواب,7/6/2026 16:22:46
11c74d68,7/6/2026,2026 7,4163,-840,تم الطباعة,3126471b,صباحي 6-07-26,كاشير 1,f7f8d8a0,محمد عبدالتواب,7/6/2026 16:33:11
5cbce9fe,7/6/2026,2026 7,4164,-690,تم الطباعة,3126471b,صباحي 6-07-26,كاشير 1,f7f8d8a0,محمد عبدالتواب,7/6/2026 16:34:10
69a92270,7/6/2026,2026 7,4165,30,تم الطباعة,ff78a9ed,مسائي 6-07-26,كاشير 2,04b9d4de,طارق ماسبيرو,7/6/2026 17:07:42
a2e860de,7/6/2026,2026 7,4166,20,تم الطباعة,ff78a9ed,مسائي 6-07-26,كاشير 2,04b9d4de,طارق ماسبيرو,7/6/2026 17:31:33
82222acc,7/6/2026,2026 7,4166,-195,تم الطباعة,3b57fea3,مسائي 6-07-26,كاشير 1,e9ad5415,ابانوب ايليا,7/6/2026 17:38:41
64a12655,7/6/2026,2026 7,4167,957,تم الطباعة,3b57fea3,مسائي 6-07-26,كاشير 1,e9ad5415,ابانوب ايليا,7/6/2026 17:39:29
2309673a,7/6/2026,2026 7,4169,-394,تم الطباعة,3b57fea3,مسائي 6-07-26,كاشير 1,e9ad5415,ابانوب ايليا,7/6/2026 18:17:51
2b875bcc,7/6/2026,2026 7,4170,-695,تم الطباعة,3b57fea3,مسائي 6-07-26,كاشير 1,e9ad5415,ابانوب ايليا,7/6/2026 18:20:49
b9078b90,7/6/2026,2026 7,4171,1000,تم الطباعة,ff78a9ed,مسائي 6-07-26,كاشير 2,04b9d4de,طارق ماسبيرو,7/6/2026 18:33:54
a599b3e1,7/6/2026,2026 7,4172,-5220,تم الطباعة,3b57fea3,مسائي 6-07-26,كاشير 1,e9ad5415,ابانوب ايليا,7/6/2026 18:42:59
df8e0ef1,7/6/2026,2026 7,4173,50,تم الطباعة,3b57fea3,مسائي 6-07-26,كاشير 1,e9ad5415,ابانوب ايليا,7/6/2026 18:48:37
06de8263,7/6/2026,2026 7,4174,500,تم الطباعة,3b57fea3,مسائي 6-07-26,كاشير 1,e9ad5415,ابانوب ايليا,7/6/2026 18:50:16
df6c3465,7/6/2026,2026 7,4175,24,تم الطباعة,3b57fea3,مسائي 6-07-26,كاشير 1,e9ad5415,ابانوب ايليا,7/6/2026 18:51:04
53b7476a,7/6/2026,2026 7,4176,100,تم الطباعة,ff78a9ed,مسائي 6-07-26,كاشير 2,04b9d4de,طارق ماسبيرو,7/6/2026 18:56:11
2f3941d6,7/6/2026,2026 7,4177,8080,تم الطباعة,3b57fea3,مسائي 6-07-26,كاشير 1,e9ad5415,ابانوب ايليا,7/6/2026 19:01:26
b06825f1,7/6/2026,2026 7,4178,-245,تم الطباعة,3b57fea3,مسائي 6-07-26,كاشير 1,e9ad5415,ابانوب ايليا,7/6/2026 19:05:12
eb9c012d,7/6/2026,2026 7,4178,5,تم الطباعة,ff78a9ed,مسائي 6-07-26,كاشير 2,04b9d4de,طارق ماسبيرو,7/6/2026 19:05:17
f9d802d1,7/6/2026,2026 7,4179,15,تم الطباعة,3b57fea3,مسائي 6-07-26,كاشير 1,e9ad5415,ابانوب ايليا,7/6/2026 19:09:17
b0f2facd,7/6/2026,2026 7,4180,53,تم الطباعة,ff78a9ed,مسائي 6-07-26,كاشير 2,04b9d4de,طارق ماسبيرو,7/6/2026 19:11:16
0164e6da,7/6/2026,2026 7,4181,-250,تم الطباعة,3b57fea3,مسائي 6-07-26,كاشير 1,e9ad5415,ابانوب ايليا,7/6/2026 19:11:37
192407c2,7/6/2026,2026 7,4183,2400,تم الطباعة,3b57fea3,مسائي 6-07-26,كاشير 1,e9ad5415,ابانوب ايليا,7/6/2026 19:15:07
8b855b6b,7/6/2026,2026 7,4184,400,تم الطباعة,3b57fea3,مسائي 6-07-26,كاشير 1,e9ad5415,ابانوب ايليا,7/6/2026 19:20:13
a8ddd635,7/6/2026,2026 7,4185,9,تم الطباعة,3b57fea3,مسائي 6-07-26,كاشير 1,e9ad5415,ابانوب ايليا,7/6/2026 19:21:07
29b3f9ef,7/6/2026,2026 7,4186,5,تم الطباعة,3b57fea3,مسائي 6-07-26,كاشير 1,e9ad5415,ابانوب ايليا,7/6/2026 19:26:45
b963f4fd,7/6/2026,2026 7,4186,50,تم الطباعة,ff78a9ed,مسائي 6-07-26,كاشير 2,04b9d4de,طارق ماسبيرو,7/6/2026 19:26:58
d60a14fa,7/6/2026,2026 7,4187,2170,تم الطباعة,3b57fea3,مسائي 6-07-26,كاشير 1,e9ad5415,ابانوب ايليا,7/6/2026 19:30:31
4d0e8593,7/6/2026,2026 7,4189,400,تم الطباعة,3b57fea3,مسائي 6-07-26,كاشير 1,e9ad5415,ابانوب ايليا,7/6/2026 19:33:21
6b9120b5,7/6/2026,2026 7,4188,50,تم الطباعة,ff78a9ed,مسائي 6-07-26,كاشير 2,04b9d4de,طارق ماسبيرو,7/6/2026 19:33:55
8e09525b,7/6/2026,2026 7,4191,10,تم الطباعة,f4dbac7a,مسائي 6-07-26,كاشير 1,4ac7873c,محمود سويفي,7/6/2026 19:45:03
a9ee7db7,7/6/2026,2026 7,4192,3,تم الطباعة,f4dbac7a,مسائي 6-07-26,كاشير 1,4ac7873c,محمود سويفي,7/6/2026 19:45:21
8ed6adbb,7/6/2026,2026 7,4193,5,تم الطباعة,f4dbac7a,مسائي 6-07-26,كاشير 1,4ac7873c,محمود سويفي,7/6/2026 19:46:26
34a9c495,7/6/2026,2026 7,4194,-50,تم الطباعة,ff78a9ed,مسائي 6-07-26,كاشير 2,04b9d4de,طارق ماسبيرو,7/6/2026 20:10:17
918e1aaf,7/6/2026,2026 7,4195,296,تم الطباعة,ff78a9ed,مسائي 6-07-26,كاشير 2,04b9d4de,طارق ماسبيرو,7/6/2026 20:11:20
11811682,7/6/2026,2026 7,4196,40,تم الطباعة,ff78a9ed,مسائي 6-07-26,كاشير 2,04b9d4de,طارق ماسبيرو,7/6/2026 20:12:11
91558487,7/6/2026,2026 7,4197,120,تم الطباعة,ff78a9ed,مسائي 6-07-26,كاشير 2,04b9d4de,طارق ماسبيرو,7/6/2026 20:19:46
675a08ce,7/6/2026,2026 7,4198,5,تم الطباعة,f4dbac7a,مسائي 6-07-26,كاشير 1,4ac7873c,محمود سويفي,7/6/2026 20:20:55
f6a42980,7/6/2026,2026 7,4199,10,تم الطباعة,ff78a9ed,مسائي 6-07-26,كاشير 2,04b9d4de,طارق ماسبيرو,7/6/2026 20:24:00
a834bf57,7/6/2026,2026 7,4199,5,تم الطباعة,f4dbac7a,مسائي 6-07-26,كاشير 1,4ac7873c,محمود سويفي,7/6/2026 20:40:34
b34fa739,7/6/2026,2026 7,4201,30,تم الطباعة,f4dbac7a,مسائي 6-07-26,كاشير 1,4ac7873c,محمود سويفي,7/6/2026 20:50:39
8245812d,7/6/2026,2026 7,4202,10,تم الطباعة,ff78a9ed,مسائي 6-07-26,كاشير 2,04b9d4de,طارق ماسبيرو,7/6/2026 20:52:46
8c4bbf66,7/6/2026,2026 7,4202,245,تم الطباعة,f4dbac7a,مسائي 6-07-26,كاشير 1,4ac7873c,محمود سويفي,7/6/2026 20:53:14
f4d3dbfd,7/6/2026,2026 7,4204,-2897,تم الطباعة,f4dbac7a,مسائي 6-07-26,كاشير 1,4ac7873c,محمود سويفي,7/6/2026 21:17:46
3eda1355,7/6/2026,2026 7,4205,-984,تم الطباعة,f4dbac7a,مسائي 6-07-26,كاشير 1,4ac7873c,محمود سويفي,7/6/2026 21:17:58
36242a3d,7/6/2026,2026 7,4203,100,تم الطباعة,ff78a9ed,مسائي 6-07-26,كاشير 2,04b9d4de,طارق ماسبيرو,7/6/2026 21:08:09
53053430,7/6/2026,2026 7,4206,10,تم الطباعة,f4dbac7a,مسائي 6-07-26,كاشير 1,4ac7873c,محمود سويفي,7/6/2026 21:18:09
c7e5d5fa,7/6/2026,2026 7,4207,10,تم الطباعة,ff78a9ed,مسائي 6-07-26,كاشير 2,04b9d4de,طارق ماسبيرو,7/6/2026 21:26:28
9a93c02d,7/6/2026,2026 7,4208,37,تم الطباعة,f4dbac7a,مسائي 6-07-26,كاشير 1,4ac7873c,محمود سويفي,7/6/2026 21:29:18
d55f5bbe,7/6/2026,2026 7,4210,-485,تم الطباعة,f4dbac7a,مسائي 6-07-26,كاشير 1,4ac7873c,محمود سويفي,7/6/2026 21:30:55
6256b949,7/6/2026,2026 7,4211,1010,تم الطباعة,ff78a9ed,مسائي 6-07-26,كاشير 2,04b9d4de,طارق ماسبيرو,7/6/2026 21:36:41
6b28a12c,7/6/2026,2026 7,4212,-500,تم الطباعة,f4dbac7a,مسائي 6-07-26,كاشير 1,4ac7873c,محمود سويفي,7/6/2026 21:37:36
a123beeb,7/6/2026,2026 7,4213,-1000,تم الطباعة,f4dbac7a,مسائي 6-07-26,كاشير 1,4ac7873c,محمود سويفي,7/6/2026 21:38:33
9b00ac64,7/6/2026,2026 7,4214,1910,تم الطباعة,f4dbac7a,مسائي 6-07-26,كاشير 1,4ac7873c,محمود سويفي,7/6/2026 21:42:07
4a963474,7/6/2026,2026 7,4215,10,تم الطباعة,ff78a9ed,مسائي 6-07-26,كاشير 2,04b9d4de,طارق ماسبيرو,7/6/2026 21:50:44
6c68d6aa,7/6/2026,2026 7,4216,5,تم الطباعة,ff78a9ed,مسائي 6-07-26,كاشير 2,04b9d4de,طارق ماسبيرو,7/6/2026 21:52:11
fb0c5aad,7/6/2026,2026 7,4217,-4925,تم الطباعة,f4dbac7a,مسائي 6-07-26,كاشير 1,4ac7873c,محمود سويفي,7/6/2026 21:59:24
6176efa7,7/6/2026,2026 7,4218,123,تم الطباعة,f4dbac7a,مسائي 6-07-26,كاشير 1,4ac7873c,محمود سويفي,7/6/2026 22:03:53
81d26724,7/6/2026,2026 7,4219,-500,تم الطباعة,f4dbac7a,مسائي 6-07-26,كاشير 1,4ac7873c,محمود سويفي,7/6/2026 22:06:34
722ad7dd,7/6/2026,2026 7,4220,810,تم الطباعة,f4dbac7a,مسائي 6-07-26,كاشير 1,4ac7873c,محمود سويفي,7/6/2026 22:07:52
64fc59a7,7/6/2026,2026 7,4221,480,تم الطباعة,f4dbac7a,مسائي 6-07-26,كاشير 1,4ac7873c,محمود سويفي,7/6/2026 22:28:58
6abd1f2a,7/6/2026,2026 7,4222,10,تم الطباعة,f4dbac7a,مسائي 6-07-26,كاشير 1,4ac7873c,محمود سويفي,7/6/2026 22:43:46
a41a06c7,7/6/2026,2026 7,4223,3300,تم الطباعة,f4dbac7a,مسائي 6-07-26,كاشير 1,4ac7873c,محمود سويفي,7/6/2026 22:48:44
ed04b964,7/6/2026,2026 7,4224,1030,تم الطباعة,f4dbac7a,مسائي 6-07-26,كاشير 1,4ac7873c,محمود سويفي,7/6/2026 22:55:29
a19edbdf,7/6/2026,2026 7,4225,15,تم الطباعة,63589967,مسائي 6-07-26,كاشير 3,0154dfaa,أ/ احمد زرزور,7/6/2026 22:59:46
fbe735b9,7/6/2026,2026 7,4225,405,تم الطباعة,f4dbac7a,مسائي 6-07-26,كاشير 1,4ac7873c,محمود سويفي,7/6/2026 23:00:06
abdbe147,7/6/2026,2026 7,4226,100,تم الطباعة,ff78a9ed,مسائي 6-07-26,كاشير 2,04b9d4de,طارق ماسبيرو,7/6/2026 23:02:42
3adfd2bc,7/6/2026,2026 7,4227,10,تم الطباعة,f4dbac7a,مسائي 6-07-26,كاشير 1,4ac7873c,محمود سويفي,7/6/2026 23:06:27
f685fdc9,7/6/2026,2026 7,4229,20,تم الطباعة,f4dbac7a,مسائي 6-07-26,كاشير 1,4ac7873c,محمود سويفي,7/6/2026 23:10:15
47ef4977,7/6/2026,2026 7,4230,-190,تم الطباعة,f4dbac7a,مسائي 6-07-26,كاشير 1,4ac7873c,محمود سويفي,7/6/2026 23:20:36
6b05cc64,7/6/2026,2026 7,4231,-3880,تم الطباعة,f4dbac7a,مسائي 6-07-26,كاشير 1,4ac7873c,محمود سويفي,7/6/2026 23:21:12
0a28ee2e,7/6/2026,2026 7,4232,50,تم الطباعة,63589967,مسائي 6-07-26,كاشير 3,0154dfaa,أ/ احمد زرزور,7/6/2026 23:28:04
16d559b8,7/6/2026,2026 7,4233,20,تم الطباعة,ff78a9ed,مسائي 6-07-26,كاشير 2,04b9d4de,طارق ماسبيرو,7/6/2026 23:42:18
fe3a2767,7/6/2026,2026 7,4233,15,تم الطباعة,7af88b94,مسائي 6-07-26,كاشير 1,0154dfaa,أ/ احمد زرزور,7/6/2026 23:42:24
7f61e8ec,7/6/2026,2026 7,4235,5,تم الطباعة,ff78a9ed,مسائي 6-07-26,كاشير 2,04b9d4de,طارق ماسبيرو,7/6/2026 23:43:32
1c7540b6,7/6/2026,2026 7,4236,3,تم الطباعة,ff78a9ed,مسائي 6-07-26,كاشير 2,04b9d4de,طارق ماسبيرو,7/6/2026 23:45:38
41027c31,7/6/2026,2026 7,4237,5,تم الطباعة,ff78a9ed,مسائي 6-07-26,كاشير 2,04b9d4de,طارق ماسبيرو,7/6/2026 23:46:56
937ffe5b,7/6/2026,2026 7,4238,-1000,تم الطباعة,7af88b94,مسائي 6-07-26,كاشير 1,0154dfaa,أ/ احمد زرزور,7/6/2026 23:49:11
2c0785f9,7/6/2026,2026 7,4238,10,تم الطباعة,ff78a9ed,مسائي 6-07-26,كاشير 2,04b9d4de,طارق ماسبيرو,7/6/2026 23:49:12
e65641bf,7/6/2026,2026 7,4239,25,تم الطباعة,7af88b94,مسائي 6-07-26,كاشير 1,0154dfaa,أ/ احمد زرزور,7/6/2026 23:56:29
44520bf3,7/7/2026,2026 7,4240,50,تم الطباعة,ff78a9ed,مسائي 6-07-26,كاشير 2,04b9d4de,طارق ماسبيرو,7/7/2026 0:00:32
61fafe69,7/7/2026,2026 7,4241,1150,تم الطباعة,7af88b94,مسائي 6-07-26,كاشير 1,0154dfaa,أ/ احمد زرزور,7/7/2026 0:01:55
9a2def09,7/7/2026,2026 7,4242,30,تم الطباعة,ff78a9ed,مسائي 6-07-26,كاشير 2,04b9d4de,طارق ماسبيرو,7/7/2026 0:01:59
9f3397aa,7/7/2026,2026 7,4244,20,تم الطباعة,ff78a9ed,مسائي 6-07-26,كاشير 2,04b9d4de,طارق ماسبيرو,7/7/2026 0:05:19
1d52cbb7,7/7/2026,2026 7,4245,50,تم الطباعة,ff78a9ed,مسائي 6-07-26,كاشير 2,04b9d4de,طارق ماسبيرو,7/7/2026 0:06:25
c750400f,7/7/2026,2026 7,4246,-1285,تم الطباعة,7af88b94,مسائي 6-07-26,كاشير 1,0154dfaa,أ/ احمد زرزور,7/7/2026 0:15:09
4ab320ed,7/7/2026,2026 7,4247,1,تم الطباعة,ff78a9ed,مسائي 6-07-26,كاشير 2,04b9d4de,طارق ماسبيرو,7/7/2026 0:18:51
7321f0f7,7/7/2026,2026 7,4248,20,تم الطباعة,ff78a9ed,مسائي 6-07-26,كاشير 2,04b9d4de,طارق ماسبيرو,7/7/2026 0:22:43
acae5916,7/7/2026,2026 7,4248,-2970,تم الطباعة,7af88b94,مسائي 6-07-26,كاشير 1,0154dfaa,أ/ احمد زرزور,7/7/2026 0:23:39
67bfef51,7/7/2026,2026 7,4250,450,تم الطباعة,7af88b94,مسائي 6-07-26,كاشير 1,0154dfaa,أ/ احمد زرزور,7/7/2026 0:27:04
90632455,7/7/2026,2026 7,4251,25,تم الطباعة,7af88b94,مسائي 6-07-26,كاشير 1,0154dfaa,أ/ احمد زرزور,7/7/2026 0:28:54
d8b6b8c6,7/7/2026,2026 7,4252,49,تم الطباعة,ff78a9ed,مسائي 6-07-26,كاشير 2,04b9d4de,طارق ماسبيرو,7/7/2026 0:30:16
13b14b45,7/7/2026,2026 7,4253,48,تم الطباعة,7af88b94,مسائي 6-07-26,كاشير 1,0154dfaa,أ/ احمد زرزور,7/7/2026 0:37:48
7cdd2e4e,7/7/2026,2026 7,4254,220,تم الطباعة,5ae5e4b1,مسائي 7-07-26,كاشير 1,0154dfaa,أ/ احمد زرزور,7/7/2026 0:45:38
32318578,7/7/2026,2026 7,4255,20,تم الطباعة,5ae5e4b1,مسائي 7-07-26,كاشير 1,0154dfaa,أ/ احمد زرزور,7/7/2026 0:47:17
79e664e5,7/7/2026,2026 7,4256,505,تم الطباعة,c102ea28,صباحي 7-07-26,كاشير 1,f7f8d8a0,محمد عبدالتواب,7/7/2026 8:39:31
3030dd8f,7/7/2026,2026 7,4257,65,تم الطباعة,c102ea28,صباحي 7-07-26,كاشير 1,f7f8d8a0,محمد عبدالتواب,7/7/2026 8:46:25
be302438,7/7/2026,2026 7,4258,5,تم الطباعة,c102ea28,صباحي 7-07-26,كاشير 1,f7f8d8a0,محمد عبدالتواب,7/7/2026 8:46:48
15e0865d,7/7/2026,2026 7,4259,25,تم الطباعة,c102ea28,صباحي 7-07-26,كاشير 1,f7f8d8a0,محمد عبدالتواب,7/7/2026 9:03:07
3fb0528b,7/7/2026,2026 7,4260,-500,تم الطباعة,c102ea28,صباحي 7-07-26,كاشير 1,f7f8d8a0,محمد عبدالتواب,7/7/2026 9:03:56
76a286f2,7/7/2026,2026 7,4261,1203,تم الطباعة,c102ea28,صباحي 7-07-26,كاشير 1,f7f8d8a0,محمد عبدالتواب,7/7/2026 9:08:09
bc89e416,7/7/2026,2026 7,4262,20,تم الطباعة,c102ea28,صباحي 7-07-26,كاشير 1,f7f8d8a0,محمد عبدالتواب,7/7/2026 9:19:10
6dc3cc4e,7/7/2026,2026 7,4263,58,تم الطباعة,c102ea28,صباحي 7-07-26,كاشير 1,f7f8d8a0,محمد عبدالتواب,7/7/2026 9:27:58
2802d3ba,7/7/2026,2026 7,4264,10,تم الطباعة,c102ea28,صباحي 7-07-26,كاشير 1,f7f8d8a0,محمد عبدالتواب,7/7/2026 10:00:00
3a9ea4dd,7/7/2026,2026 7,4265,60,تم الطباعة,c102ea28,صباحي 7-07-26,كاشير 1,f7f8d8a0,محمد عبدالتواب,7/7/2026 10:01:10
22373c8c,7/7/2026,2026 7,4266,180,تم الطباعة,c102ea28,صباحي 7-07-26,كاشير 1,f7f8d8a0,محمد عبدالتواب,7/7/2026 10:54:33
5572a7da,7/7/2026,2026 7,4267,5005,تم الطباعة,c102ea28,صباحي 7-07-26,كاشير 1,f7f8d8a0,محمد عبدالتواب,7/7/2026 11:05:15
4bdb93e6,7/7/2026,2026 7,4268,5,تم الطباعة,c102ea28,صباحي 7-07-26,كاشير 1,f7f8d8a0,محمد عبدالتواب,7/7/2026 11:05:29
7e32eb34,7/7/2026,2026 7,4269,1000,تم الطباعة,c102ea28,صباحي 7-07-26,كاشير 1,f7f8d8a0,محمد عبدالتواب,7/7/2026 11:05:57
3dfca848,7/7/2026,2026 7,4270,-1280,تم الطباعة,c102ea28,صباحي 7-07-26,كاشير 1,f7f8d8a0,محمد عبدالتواب,7/7/2026 11:07:48
ca1fd822,7/7/2026,2026 7,4271,5005,تم الطباعة,c102ea28,صباحي 7-07-26,كاشير 1,f7f8d8a0,محمد عبدالتواب,7/7/2026 11:08:58
f92e5758,7/7/2026,2026 7,4272,3500,تم الطباعة,c102ea28,صباحي 7-07-26,كاشير 1,f7f8d8a0,محمد عبدالتواب,7/7/2026 11:27:45
5edfd087,7/7/2026,2026 7,4273,2500,تم الطباعة,c102ea28,صباحي 7-07-26,كاشير 1,f7f8d8a0,محمد عبدالتواب,7/7/2026 11:36:01
1f37150e,7/7/2026,2026 7,4274,350,تم الطباعة,c102ea28,صباحي 7-07-26,كاشير 1,f7f8d8a0,محمد عبدالتواب,7/7/2026 11:46:28
7b0a165b,7/7/2026,2026 7,4275,-830,تم الطباعة,c102ea28,صباحي 7-07-26,كاشير 1,f7f8d8a0,محمد عبدالتواب,7/7/2026 11:56:07
8adaf922,7/7/2026,2026 7,4276,1014,تم الطباعة,c102ea28,صباحي 7-07-26,كاشير 1,f7f8d8a0,محمد عبدالتواب,7/7/2026 12:01:10
8993fa09,7/7/2026,2026 7,4277,-720,تم الطباعة,c102ea28,صباحي 7-07-26,كاشير 1,f7f8d8a0,محمد عبدالتواب,7/7/2026 12:22:24
ee736b1e,7/7/2026,2026 7,4278,200,تم الطباعة,c102ea28,صباحي 7-07-26,كاشير 1,f7f8d8a0,محمد عبدالتواب,7/7/2026 12:29:03
047fd4ce,7/7/2026,2026 7,4279,8,تم الطباعة,c102ea28,صباحي 7-07-26,كاشير 1,f7f8d8a0,محمد عبدالتواب,7/7/2026 12:30:36
3776b519,7/7/2026,2026 7,4280,5,تم الطباعة,2a72bc00,صباحي 7-07-26,كاشير 2,e9ad5415,ابانوب ايليا,7/7/2026 12:32:54
0be6c62a,7/7/2026,2026 7,4281,30,تم الطباعة,c102ea28,صباحي 7-07-26,كاشير 1,f7f8d8a0,محمد عبدالتواب,7/7/2026 12:54:11
b93859d1,7/7/2026,2026 7,4282,1010,تم الطباعة,c102ea28,صباحي 7-07-26,كاشير 1,f7f8d8a0,محمد عبدالتواب,7/7/2026 13:01:15
bfc62f46,7/7/2026,2026 7,4283,85,تم الطباعة,c102ea28,صباحي 7-07-26,كاشير 1,f7f8d8a0,محمد عبدالتواب,7/7/2026 13:06:50
4d33439b,7/7/2026,2026 7,4284,100,تم الطباعة,2a72bc00,صباحي 7-07-26,كاشير 2,e9ad5415,ابانوب ايليا,7/7/2026 13:10:29
cd2868b2,7/7/2026,2026 7,4284,2890,تم الطباعة,c102ea28,صباحي 7-07-26,كاشير 1,f7f8d8a0,محمد عبدالتواب,7/7/2026 13:10:40
b4303b2a,7/7/2026,2026 7,4286,-490,تم الطباعة,c102ea28,صباحي 7-07-26,كاشير 1,f7f8d8a0,محمد عبدالتواب,7/7/2026 13:13:12
69fddb56,7/7/2026,2026 7,4287,165,تم الطباعة,c102ea28,صباحي 7-07-26,كاشير 1,f7f8d8a0,محمد عبدالتواب,7/7/2026 13:35:31
119399c5,7/7/2026,2026 7,4288,80,تم الطباعة,c102ea28,صباحي 7-07-26,كاشير 1,f7f8d8a0,محمد عبدالتواب,7/7/2026 13:36:55
f3ec1a97,7/7/2026,2026 7,4289,10,تم الطباعة,2a72bc00,صباحي 7-07-26,كاشير 2,e9ad5415,ابانوب ايليا,7/7/2026 13:37:47
ed505b88,7/7/2026,2026 7,4290,0,تم الطباعة,c102ea28,صباحي 7-07-26,كاشير 1,f7f8d8a0,محمد عبدالتواب,7/7/2026 13:39:07
a1a6fcbd,7/7/2026,2026 7,4291,305,تم الطباعة,c102ea28,صباحي 7-07-26,كاشير 1,f7f8d8a0,محمد عبدالتواب,7/7/2026 13:47:10
c88aa7c2,7/7/2026,2026 7,4292,1515,تم الطباعة,c102ea28,صباحي 7-07-26,كاشير 1,f7f8d8a0,محمد عبدالتواب,7/7/2026 13:47:53
ff8731df,7/7/2026,2026 7,4293,10,تم الطباعة,c102ea28,صباحي 7-07-26,كاشير 1,f7f8d8a0,محمد عبدالتواب,7/7/2026 13:48:36
fc8e03f1,7/7/2026,2026 7,4294,-1380,تم الطباعة,c102ea28,صباحي 7-07-26,كاشير 1,f7f8d8a0,محمد عبدالتواب,7/7/2026 14:10:03
df07af33,7/7/2026,2026 7,4295,4,تم الطباعة,c102ea28,صباحي 7-07-26,كاشير 1,f7f8d8a0,محمد عبدالتواب,7/7/2026 14:15:10
df308fb6,7/7/2026,2026 7,4295,60,تم الطباعة,2a72bc00,صباحي 7-07-26,كاشير 2,e9ad5415,ابانوب ايليا,7/7/2026 14:15:31
148ee1be,7/7/2026,2026 7,4296,-500,تم الطباعة,c102ea28,صباحي 7-07-26,كاشير 1,f7f8d8a0,محمد عبدالتواب,7/7/2026 14:31:26
711f94af,7/7/2026,2026 7,4298,200,تم الطباعة,c102ea28,صباحي 7-07-26,كاشير 1,f7f8d8a0,محمد عبدالتواب,7/7/2026 14:33:10
60eb35e8,7/7/2026,2026 7,4299,0,تم الطباعة,c102ea28,صباحي 7-07-26,كاشير 1,f7f8d8a0,محمد عبدالتواب,7/7/2026 14:38:38
6d67d2f6,7/7/2026,2026 7,4300,0,تم الطباعة,c102ea28,صباحي 7-07-26,كاشير 1,f7f8d8a0,محمد عبدالتواب,7/7/2026 14:42:30
26beae51,7/7/2026,2026 7,4301,5050,تم الطباعة,c102ea28,صباحي 7-07-26,كاشير 1,f7f8d8a0,محمد عبدالتواب,7/7/2026 14:44:08
575f4263,7/7/2026,2026 7,4302,42,تم الطباعة,c102ea28,صباحي 7-07-26,كاشير 1,f7f8d8a0,محمد عبدالتواب,7/7/2026 14:44:21
572ee92a,7/7/2026,2026 7,4303,822,تم الطباعة,c102ea28,صباحي 7-07-26,كاشير 1,f7f8d8a0,محمد عبدالتواب,7/7/2026 14:44:40
03b2e352,7/7/2026,2026 7,4304,271,تم الطباعة,c102ea28,صباحي 7-07-26,كاشير 1,f7f8d8a0,محمد عبدالتواب,7/7/2026 14:46:00
61cc4276,7/7/2026,2026 7,4305,100,تم الطباعة,2a72bc00,صباحي 7-07-26,كاشير 2,e9ad5415,ابانوب ايليا,7/7/2026 14:55:03
7dae3f7e,7/7/2026,2026 7,4306,30,تم الطباعة,c102ea28,صباحي 7-07-26,كاشير 1,f7f8d8a0,محمد عبدالتواب,7/7/2026 14:55:54
558d5616,7/7/2026,2026 7,4307,14,تم الطباعة,c102ea28,صباحي 7-07-26,كاشير 1,f7f8d8a0,محمد عبدالتواب,7/7/2026 14:58:59
7fbd9012,7/7/2026,2026 7,4308,60,تم الطباعة,c102ea28,صباحي 7-07-26,كاشير 1,f7f8d8a0,محمد عبدالتواب,7/7/2026 14:59:08
61f06b92,7/7/2026,2026 7,4309,105,تم الطباعة,c102ea28,صباحي 7-07-26,كاشير 1,f7f8d8a0,محمد عبدالتواب,7/7/2026 15:11:16
c7deeb23,7/7/2026,2026 7,4310,2,تم الطباعة,2a72bc00,صباحي 7-07-26,كاشير 2,e9ad5415,ابانوب ايليا,7/7/2026 15:19:20
ffefbcf7,7/7/2026,2026 7,4311,85,تم الطباعة,c102ea28,صباحي 7-07-26,كاشير 1,f7f8d8a0,محمد عبدالتواب,7/7/2026 15:21:46
b8eb67ea,7/7/2026,2026 7,4312,1000,تم الطباعة,c102ea28,صباحي 7-07-26,كاشير 1,f7f8d8a0,محمد عبدالتواب,7/7/2026 15:23:57
0c62aa38,7/7/2026,2026 7,4313,10,تم الطباعة,2a72bc00,صباحي 7-07-26,كاشير 2,e9ad5415,ابانوب ايليا,7/7/2026 15:43:43
efc82b96,7/7/2026,2026 7,4314,-1500,تم الطباعة,c102ea28,صباحي 7-07-26,كاشير 1,f7f8d8a0,محمد عبدالتواب,7/7/2026 15:48:31
5ee94f68,7/7/2026,2026 7,4315,544,تم الطباعة,c102ea28,صباحي 7-07-26,كاشير 1,f7f8d8a0,محمد عبدالتواب,7/7/2026 15:51:00
672f6e0c,7/7/2026,2026 7,4316,10,تم الطباعة,2a72bc00,صباحي 7-07-26,كاشير 2,e9ad5415,ابانوب ايليا,7/7/2026 15:54:30
331c8bc0,7/7/2026,2026 7,4317,10,تم الطباعة,c102ea28,صباحي 7-07-26,كاشير 1,f7f8d8a0,محمد عبدالتواب,7/7/2026 15:58:21
23d65dd4,7/7/2026,2026 7,4318,15,تم الطباعة,c102ea28,صباحي 7-07-26,كاشير 1,f7f8d8a0,محمد عبدالتواب,7/7/2026 15:58:39
2fc91fb2,7/7/2026,2026 7,4319,155,تم الطباعة,c102ea28,صباحي 7-07-26,كاشير 1,f7f8d8a0,محمد عبدالتواب,7/7/2026 16:11:45
6ef15d35,7/7/2026,2026 7,4320,1515,تم الطباعة,c102ea28,صباحي 7-07-26,كاشير 1,f7f8d8a0,محمد عبدالتواب,7/7/2026 16:13:41
51864aec,7/7/2026,2026 7,4321,20,تم الطباعة,c102ea28,صباحي 7-07-26,كاشير 1,f7f8d8a0,محمد عبدالتواب,7/7/2026 16:16:52
48d82928,7/7/2026,2026 7,4322,-1000,تم الطباعة,c102ea28,صباحي 7-07-26,كاشير 1,f7f8d8a0,محمد عبدالتواب,7/7/2026 16:20:33
8d168374,7/7/2026,2026 7,4323,100,تم الطباعة,2a72bc00,صباحي 7-07-26,كاشير 2,e9ad5415,ابانوب ايليا,7/7/2026 16:24:46
e21e8958,7/7/2026,2026 7,4324,10,تم الطباعة,c102ea28,صباحي 7-07-26,كاشير 1,f7f8d8a0,محمد عبدالتواب,7/7/2026 16:27:28
770d196a,7/7/2026,2026 7,4325,-865,تم الطباعة,c102ea28,صباحي 7-07-26,كاشير 1,f7f8d8a0,محمد عبدالتواب,7/7/2026 16:40:35
b519fe2b,7/7/2026,2026 7,4326,76,تم الطباعة,c102ea28,صباحي 7-07-26,كاشير 1,f7f8d8a0,محمد عبدالتواب,7/7/2026 16:43:50
e2bfa5f4,7/7/2026,2026 7,4327,1010,تم الطباعة,c102ea28,صباحي 7-07-26,كاشير 1,f7f8d8a0,محمد عبدالتواب,7/7/2026 16:54:24
cb87748e,7/7/2026,2026 7,4328,6,تم الطباعة,2a72bc00,صباحي 7-07-26,كاشير 2,e9ad5415,ابانوب ايليا,7/7/2026 17:08:03
df96dea3,7/7/2026,2026 7,4329,35,تم الطباعة,2a72bc00,صباحي 7-07-26,كاشير 2,e9ad5415,ابانوب ايليا,7/7/2026 17:10:12
ac98c150,7/7/2026,2026 7,4330,12,تم الطباعة,2a72bc00,صباحي 7-07-26,كاشير 2,e9ad5415,ابانوب ايليا,7/7/2026 17:27:43
b10328a2,7/7/2026,2026 7,4331,23,تم الطباعة,2a72bc00,صباحي 7-07-26,كاشير 2,e9ad5415,ابانوب ايليا,7/7/2026 17:31:47
1df0174a,7/7/2026,2026 7,4332,5,تم الطباعة,2a72bc00,صباحي 7-07-26,كاشير 2,e9ad5415,ابانوب ايليا,7/7/2026 17:34:20
c9eb07a7,7/7/2026,2026 7,4333,-340,تم الطباعة,2a72bc00,صباحي 7-07-26,كاشير 2,e9ad5415,ابانوب ايليا,7/7/2026 17:34:56
814873d4,7/7/2026,2026 7,4334,40,تم الطباعة,2a72bc00,صباحي 7-07-26,كاشير 2,e9ad5415,ابانوب ايليا,7/7/2026 17:58:47
4b79683b,7/7/2026,2026 7,4335,30,تم الطباعة,4557587a,مسائي 7-07-26,كاشير 1,e9ad5415,ابانوب ايليا,7/7/2026 18:07:18
8f9161f8,7/7/2026,2026 7,4336,-1775,تم الطباعة,4557587a,مسائي 7-07-26,كاشير 1,e9ad5415,ابانوب ايليا,7/7/2026 18:09:35
a735a5a5,7/7/2026,2026 7,4337,-300,تم الطباعة,4557587a,مسائي 7-07-26,كاشير 1,e9ad5415,ابانوب ايليا,7/7/2026 18:11:03
e1f10615,7/7/2026,2026 7,4338,2,تم الطباعة,cb47a0d9,مسائي 7-07-26,كاشير 2,04b9d4de,طارق ماسبيرو,7/7/2026 18:27:22
216501bb,7/7/2026,2026 7,4339,2020,تم الطباعة,4557587a,مسائي 7-07-26,كاشير 1,e9ad5415,ابانوب ايليا,7/7/2026 18:31:05
4ea4e588,7/7/2026,2026 7,4340,830,تم الطباعة,cb47a0d9,مسائي 7-07-26,كاشير 2,04b9d4de,طارق ماسبيرو,7/7/2026 18:32:24
78e7b014,7/7/2026,2026 7,4341,0,تم الطباعة,cb47a0d9,مسائي 7-07-26,كاشير 2,04b9d4de,طارق ماسبيرو,7/7/2026 18:52:13
fd7d8b4f,7/7/2026,2026 7,4342,-11820,تم الطباعة,4557587a,مسائي 7-07-26,كاشير 1,e9ad5415,ابانوب ايليا,7/7/2026 19:00:57
d1e8eaed,7/7/2026,2026 7,4343,130,تم الطباعة,4557587a,مسائي 7-07-26,كاشير 1,e9ad5415,ابانوب ايليا,7/7/2026 19:05:58
ca1dbb5e,7/7/2026,2026 7,4344,-190,تم الطباعة,10545bdf,مسائي 7-07-26,كاشير 1,4ac7873c,محمود سويفي,7/7/2026 19:26:39
9f77c5da,7/7/2026,2026 7,4345,1100,تم الطباعة,10545bdf,مسائي 7-07-26,كاشير 1,4ac7873c,محمود سويفي,7/7/2026 19:27:45
56edf78a,7/7/2026,2026 7,4346,10,تم الطباعة,10545bdf,مسائي 7-07-26,كاشير 1,4ac7873c,محمود سويفي,7/7/2026 19:42:36
01a4fe2c,7/7/2026,2026 7,4347,-495,تم الطباعة,10545bdf,مسائي 7-07-26,كاشير 1,4ac7873c,محمود سويفي,7/7/2026 19:58:46
d4ce4f5b,7/7/2026,2026 7,4348,-200,تم الطباعة,cb47a0d9,مسائي 7-07-26,كاشير 2,04b9d4de,طارق ماسبيرو,7/7/2026 20:07:55
de4dc534,7/7/2026,2026 7,4349,-885,تم الطباعة,cb47a0d9,مسائي 7-07-26,كاشير 2,04b9d4de,طارق ماسبيرو,7/7/2026 20:12:06
5d6c72b9,7/7/2026,2026 7,4350,510,تم الطباعة,cb47a0d9,مسائي 7-07-26,كاشير 2,04b9d4de,طارق ماسبيرو,7/7/2026 20:19:04
050ad14c,7/7/2026,2026 7,4351,-985,تم الطباعة,10545bdf,مسائي 7-07-26,كاشير 1,4ac7873c,محمود سويفي,7/7/2026 20:36:52
7cf23b1c,7/7/2026,2026 7,4352,30,تم الطباعة,cb47a0d9,مسائي 7-07-26,كاشير 2,04b9d4de,طارق ماسبيرو,7/7/2026 21:19:07
a8b1013c,7/7/2026,2026 7,4352,-1990,تم الطباعة,10545bdf,مسائي 7-07-26,كاشير 1,4ac7873c,محمود سويفي,7/7/2026 21:19:47
5e539c0d,7/7/2026,2026 7,4353,1515,تم الطباعة,10545bdf,مسائي 7-07-26,كاشير 1,4ac7873c,محمود سويفي,7/7/2026 21:24:07
bcdde128,7/7/2026,2026 7,4355,40,تم الطباعة,10545bdf,مسائي 7-07-26,كاشير 1,4ac7873c,محمود سويفي,7/7/2026 21:37:45
ad06fb62,7/7/2026,2026 7,4354,500,تم الطباعة,cb47a0d9,مسائي 7-07-26,كاشير 2,04b9d4de,طارق ماسبيرو,7/7/2026 21:39:46
5f197d19,7/7/2026,2026 7,4356,-1455,تم الطباعة,10545bdf,مسائي 7-07-26,كاشير 1,4ac7873c,محمود سويفي,7/7/2026 21:43:48
1b7fc4e9,7/7/2026,2026 7,4357,500,تم الطباعة,cb47a0d9,مسائي 7-07-26,كاشير 2,04b9d4de,طارق ماسبيرو,7/7/2026 21:47:24
b9cb7bf3,7/7/2026,2026 7,4359,15,تم الطباعة,cb47a0d9,مسائي 7-07-26,كاشير 2,04b9d4de,طارق ماسبيرو,7/7/2026 21:53:43
444c5d45,7/7/2026,2026 7,4360,316,تم الطباعة,10545bdf,مسائي 7-07-26,كاشير 1,4ac7873c,محمود سويفي,7/7/2026 22:02:08
0a6c42b4,7/7/2026,2026 7,4361,260,تم الطباعة,cb47a0d9,مسائي 7-07-26,كاشير 2,04b9d4de,طارق ماسبيرو,7/7/2026 22:07:24
96dab096,7/7/2026,2026 7,4362,-3880,تم الطباعة,cb47a0d9,مسائي 7-07-26,كاشير 2,04b9d4de,طارق ماسبيرو,7/7/2026 22:10:45
0e31aa3d,7/7/2026,2026 7,4363,250,تم الطباعة,cb47a0d9,مسائي 7-07-26,كاشير 2,04b9d4de,طارق ماسبيرو,7/7/2026 22:12:17
d75d8af0,7/7/2026,2026 7,4364,10,تم الطباعة,cb47a0d9,مسائي 7-07-26,كاشير 2,04b9d4de,طارق ماسبيرو,7/7/2026 22:12:35
714d200d,7/7/2026,2026 7,4365,18,تم الطباعة,10545bdf,مسائي 7-07-26,كاشير 1,4ac7873c,محمود سويفي,7/7/2026 22:13:51
d576b05b,7/7/2026,2026 7,4366,-195,تم الطباعة,10545bdf,مسائي 7-07-26,كاشير 1,4ac7873c,محمود سويفي,7/7/2026 22:16:11
0861f8aa,7/7/2026,2026 7,4367,77,تم الطباعة,a97fe873,صباحي 7-07-26,كاشير 3,0154dfaa,أ/ احمد زرزور,7/7/2026 22:20:00
ba3155e3,7/7/2026,2026 7,4368,3030,تم الطباعة,10545bdf,مسائي 7-07-26,كاشير 1,4ac7873c,محمود سويفي,7/7/2026 22:20:54
490cae51,7/7/2026,2026 7,4369,10,تم الطباعة,cb47a0d9,مسائي 7-07-26,كاشير 2,04b9d4de,طارق ماسبيرو,7/7/2026 22:28:46
69b683db,7/7/2026,2026 7,4370,-1435,تم الطباعة,10545bdf,مسائي 7-07-26,كاشير 1,4ac7873c,محمود سويفي,7/7/2026 22:41:20
08eadb8e,7/7/2026,2026 7,4371,-1180,تم الطباعة,10545bdf,مسائي 7-07-26,كاشير 1,4ac7873c,محمود سويفي,7/7/2026 22:44:43
fba50225,7/7/2026,2026 7,4372,-600,تم الطباعة,10545bdf,مسائي 7-07-26,كاشير 1,4ac7873c,محمود سويفي,7/7/2026 22:46:23
e517e9aa,7/7/2026,2026 7,4372,20,تم الطباعة,cb47a0d9,مسائي 7-07-26,كاشير 2,04b9d4de,طارق ماسبيرو,7/7/2026 22:46:39
9e7ff184,7/7/2026,2026 7,4373,100,تم الطباعة,cb47a0d9,مسائي 7-07-26,كاشير 2,04b9d4de,طارق ماسبيرو,7/7/2026 22:48:40
21efb025,7/7/2026,2026 7,4375,20,تم الطباعة,10545bdf,مسائي 7-07-26,كاشير 1,4ac7873c,محمود سويفي,7/7/2026 23:04:40
fe6a9a69,7/7/2026,2026 7,4376,200,تم الطباعة,cb47a0d9,مسائي 7-07-26,كاشير 2,04b9d4de,طارق ماسبيرو,7/7/2026 23:07:51
321f0e82,7/7/2026,2026 7,4376,4,تم الطباعة,10545bdf,مسائي 7-07-26,كاشير 1,4ac7873c,محمود سويفي,7/7/2026 23:07:31
eb24f861,7/7/2026,2026 7,4378,4,تم الطباعة,10545bdf,مسائي 7-07-26,كاشير 1,4ac7873c,محمود سويفي,7/7/2026 23:17:48
910f0568,7/7/2026,2026 7,4379,505,تم الطباعة,10545bdf,مسائي 7-07-26,كاشير 1,4ac7873c,محمود سويفي,7/7/2026 23:19:23
fda867e2,7/7/2026,2026 7,4380,-1455,تم الطباعة,10545bdf,مسائي 7-07-26,كاشير 1,4ac7873c,محمود سويفي,7/7/2026 23:36:47
15a44666,7/7/2026,2026 7,4381,20,تم الطباعة,10545bdf,مسائي 7-07-26,كاشير 1,4ac7873c,محمود سويفي,7/7/2026 23:41:01
4214637b,7/7/2026,2026 7,4382,105,تم الطباعة,10545bdf,مسائي 7-07-26,كاشير 1,4ac7873c,محمود سويفي,7/7/2026 23:41:18
52f522c6,7/7/2026,2026 7,4383,50,تم الطباعة,a97fe873,صباحي 7-07-26,كاشير 3,0154dfaa,أ/ احمد زرزور,7/7/2026 23:44:27
ccad0545,7/7/2026,2026 7,4384,5,تم الطباعة,10545bdf,مسائي 7-07-26,كاشير 1,4ac7873c,محمود سويفي,7/7/2026 23:51:29
edc11b44,7/7/2026,2026 7,4385,32,تم الطباعة,10545bdf,مسائي 7-07-26,كاشير 1,4ac7873c,محمود سويفي,7/7/2026 23:53:34
b364b0ec,7/8/2026,2026 7,4386,12,تم الطباعة,10545bdf,مسائي 7-07-26,كاشير 1,4ac7873c,محمود سويفي,7/8/2026 0:07:29
a258f0c6,7/8/2026,2026 7,4387,30,تم الطباعة,de739934,صباحي 8-07-26,كاشير 1,f7f8d8a0,محمد عبدالتواب,7/8/2026 9:41:21
44532057,7/8/2026,2026 7,4388,-5000,تم الطباعة,de739934,صباحي 8-07-26,كاشير 1,f7f8d8a0,محمد عبدالتواب,7/8/2026 10:17:05
58ad0dd8,7/8/2026,2026 7,4389,38,تم الطباعة,de739934,صباحي 8-07-26,كاشير 1,f7f8d8a0,محمد عبدالتواب,7/8/2026 10:55:09
421c6c11,7/8/2026,2026 7,4390,-140,تم الطباعة,de739934,صباحي 8-07-26,كاشير 1,f7f8d8a0,محمد عبدالتواب,7/8/2026 10:55:38
9d01be23,7/8/2026,2026 7,4391,1000,تم الطباعة,de739934,صباحي 8-07-26,كاشير 1,f7f8d8a0,محمد عبدالتواب,7/8/2026 11:00:21
18227a75,7/8/2026,2026 7,4392,1300,تم الطباعة,de739934,صباحي 8-07-26,كاشير 1,f7f8d8a0,محمد عبدالتواب,7/8/2026 11:01:46
a73349fa,7/8/2026,2026 7,4393,-295,تم الطباعة,de739934,صباحي 8-07-26,كاشير 1,f7f8d8a0,محمد عبدالتواب,7/8/2026 11:14:36
dc900b9c,7/8/2026,2026 7,4394,8,تم الطباعة,de739934,صباحي 8-07-26,كاشير 1,f7f8d8a0,محمد عبدالتواب,7/8/2026 11:14:45
f135ad55,7/8/2026,2026 7,4395,338,تم الطباعة,de739934,صباحي 8-07-26,كاشير 1,f7f8d8a0,محمد عبدالتواب,7/8/2026 11:42:22
08ce3948,7/8/2026,2026 7,4396,-85,تم الطباعة,de739934,صباحي 8-07-26,كاشير 1,f7f8d8a0,محمد عبدالتواب,7/8/2026 11:53:28
2f63dc1b,7/8/2026,2026 7,4397,15,تم الطباعة,7fa00a5f,صباحي 8-07-26,كاشير 2,e9ad5415,ابانوب ايليا,7/8/2026 11:58:42
a36ed5ea,7/8/2026,2026 7,4398,21,تم الطباعة,de739934,صباحي 8-07-26,كاشير 1,f7f8d8a0,محمد عبدالتواب,7/8/2026 12:03:11
08d19c07,7/8/2026,2026 7,4399,90,تم الطباعة,de739934,صباحي 8-07-26,كاشير 1,f7f8d8a0,محمد عبدالتواب,7/8/2026 12:04:05
41730ee7,7/8/2026,2026 7,4400,36,تم الطباعة,de739934,صباحي 8-07-26,كاشير 1,f7f8d8a0,محمد عبدالتواب,7/8/2026 12:29:05
23aeecdb,7/8/2026,2026 7,4401,10,تم الطباعة,de739934,صباحي 8-07-26,كاشير 1,f7f8d8a0,محمد عبدالتواب,7/8/2026 12:30:10
b6f04a4b,7/8/2026,2026 7,4402,5,تم الطباعة,de739934,صباحي 8-07-26,كاشير 1,f7f8d8a0,محمد عبدالتواب,7/8/2026 12:30:20
0cf03fd5,7/8/2026,2026 7,4403,0,تم الطباعة,de739934,صباحي 8-07-26,كاشير 1,f7f8d8a0,محمد عبدالتواب,7/8/2026 12:31:38
cb90afd3,7/8/2026,2026 7,4404,300,تم الطباعة,de739934,صباحي 8-07-26,كاشير 1,f7f8d8a0,محمد عبدالتواب,7/8/2026 12:33:32
74b92ab6,7/8/2026,2026 7,4405,90,تم الطباعة,de739934,صباحي 8-07-26,كاشير 1,f7f8d8a0,محمد عبدالتواب,7/8/2026 12:39:42
64919266,7/8/2026,2026 7,4406,100,تم الطباعة,7fa00a5f,صباحي 8-07-26,كاشير 2,e9ad5415,ابانوب ايليا,7/8/2026 12:42:24
eb24efeb,7/8/2026,2026 7,4407,18,تم الطباعة,de739934,صباحي 8-07-26,كاشير 1,f7f8d8a0,محمد عبدالتواب,7/8/2026 12:46:07
9df5bc87,7/8/2026,2026 7,4408,7070,تم الطباعة,de739934,صباحي 8-07-26,كاشير 1,f7f8d8a0,محمد عبدالتواب,7/8/2026 12:53:10
f1276ec1,7/8/2026,2026 7,4409,20,تم الطباعة,de739934,صباحي 8-07-26,كاشير 1,f7f8d8a0,محمد عبدالتواب,7/8/2026 12:53:27
45ae9fd3,7/8/2026,2026 7,4410,-295,تم الطباعة,de739934,صباحي 8-07-26,كاشير 1,f7f8d8a0,محمد عبدالتواب,7/8/2026 13:44:25
386999f7,7/8/2026,2026 7,4411,-245,تم الطباعة,de739934,صباحي 8-07-26,كاشير 1,f7f8d8a0,محمد عبدالتواب,7/8/2026 13:51:40
d2f82c7d,7/8/2026,2026 7,4412,-1000,تم الطباعة,de739934,صباحي 8-07-26,كاشير 1,f7f8d8a0,محمد عبدالتواب,7/8/2026 14:00:43
af3edb71,7/8/2026,2026 7,4413,230,تم الطباعة,de739934,صباحي 8-07-26,كاشير 1,f7f8d8a0,محمد عبدالتواب,7/8/2026 14:05:23
9a9e96bb,7/8/2026,2026 7,4414,120,تم الطباعة,de739934,صباحي 8-07-26,كاشير 1,f7f8d8a0,محمد عبدالتواب,7/8/2026 14:06:07
456a10ca,7/8/2026,2026 7,4415,5,تم الطباعة,de739934,صباحي 8-07-26,كاشير 1,f7f8d8a0,محمد عبدالتواب,7/8/2026 14:20:12
9a3f938c,7/8/2026,2026 7,4416,510,تم الطباعة,de739934,صباحي 8-07-26,كاشير 1,f7f8d8a0,محمد عبدالتواب,7/8/2026 14:24:20
a7dbffb0,7/8/2026,2026 7,4416,100,تم الطباعة,7fa00a5f,صباحي 8-07-26,كاشير 2,e9ad5415,ابانوب ايليا,7/8/2026 14:41:23
35cf9e6e,7/8/2026,2026 7,4417,10100,تم الطباعة,de739934,صباحي 8-07-26,كاشير 1,f7f8d8a0,محمد عبدالتواب,7/8/2026 14:47:33
4f355da3,7/8/2026,2026 7,4419,4,تم الطباعة,7fa00a5f,صباحي 8-07-26,كاشير 2,e9ad5415,ابانوب ايليا,7/8/2026 14:56:38
6f9257cb,7/8/2026,2026 7,4420,-145,تم الطباعة,de739934,صباحي 8-07-26,كاشير 1,f7f8d8a0,محمد عبدالتواب,7/8/2026 15:01:47
ce2bdb98,7/8/2026,2026 7,4421,200,تم الطباعة,de739934,صباحي 8-07-26,كاشير 1,f7f8d8a0,محمد عبدالتواب,7/8/2026 15:06:28
06c625f4,7/8/2026,2026 7,4422,10,تم الطباعة,7fa00a5f,صباحي 8-07-26,كاشير 2,e9ad5415,ابانوب ايليا,7/8/2026 15:08:25
77961f32,7/8/2026,2026 7,4422,300,تم الطباعة,de739934,صباحي 8-07-26,كاشير 1,f7f8d8a0,محمد عبدالتواب,7/8/2026 15:06:37
48f46cd3,7/8/2026,2026 7,4423,5,تم الطباعة,7fa00a5f,صباحي 8-07-26,كاشير 2,e9ad5415,ابانوب ايليا,7/8/2026 15:10:05
ab8ae90f,7/8/2026,2026 7,4425,-4850,تم الطباعة,de739934,صباحي 8-07-26,كاشير 1,f7f8d8a0,محمد عبدالتواب,7/8/2026 15:18:31
3a45c0ac,7/8/2026,2026 7,4426,26,تم الطباعة,de739934,صباحي 8-07-26,كاشير 1,f7f8d8a0,محمد عبدالتواب,7/8/2026 15:20:17
01f07e04,7/8/2026,2026 7,4427,1460,تم الطباعة,de739934,صباحي 8-07-26,كاشير 1,f7f8d8a0,محمد عبدالتواب,7/8/2026 15:21:51
0471e5b9,7/8/2026,2026 7,4428,20,تم الطباعة,de739934,صباحي 8-07-26,كاشير 1,f7f8d8a0,محمد عبدالتواب,7/8/2026 15:25:48
41bc387d,7/8/2026,2026 7,4429,1920,تم الطباعة,de739934,صباحي 8-07-26,كاشير 1,f7f8d8a0,محمد عبدالتواب,7/8/2026 15:28:52
c304b697,7/8/2026,2026 7,4430,10,تم الطباعة,de739934,صباحي 8-07-26,كاشير 1,f7f8d8a0,محمد عبدالتواب,7/8/2026 15:29:17
6898d935,7/8/2026,2026 7,4431,10,تم الطباعة,7fa00a5f,صباحي 8-07-26,كاشير 2,e9ad5415,ابانوب ايليا,7/8/2026 15:33:15
6bf80a7d,7/8/2026,2026 7,4432,25,تم الطباعة,de739934,صباحي 8-07-26,كاشير 1,f7f8d8a0,محمد عبدالتواب,7/8/2026 15:38:18
e7a4c5ac,7/8/2026,2026 7,4433,30,تم الطباعة,de739934,صباحي 8-07-26,كاشير 1,f7f8d8a0,محمد عبدالتواب,7/8/2026 15:53:23
a371e045,7/8/2026,2026 7,4434,46,تم الطباعة,de739934,صباحي 8-07-26,كاشير 1,f7f8d8a0,محمد عبدالتواب,7/8/2026 16:07:37
9faec3f0,7/8/2026,2026 7,4435,2500,تم الطباعة,de739934,صباحي 8-07-26,كاشير 1,f7f8d8a0,محمد عبدالتواب,7/8/2026 16:23:57
89c2dfee,7/8/2026,2026 7,4436,100,تم الطباعة,7fa00a5f,صباحي 8-07-26,كاشير 2,e9ad5415,ابانوب ايليا,7/8/2026 16:31:24
5c3f9b2c,7/8/2026,2026 7,4437,0,تم الطباعة,de739934,صباحي 8-07-26,كاشير 1,f7f8d8a0,محمد عبدالتواب,7/8/2026 16:34:20
3f3bfd10,7/8/2026,2026 7,4438,15,تم الطباعة,de739934,صباحي 8-07-26,كاشير 1,f7f8d8a0,محمد عبدالتواب,7/8/2026 16:51:21
1fc40d0e,7/8/2026,2026 7,4439,145,تم الطباعة,de739934,صباحي 8-07-26,كاشير 1,f7f8d8a0,محمد عبدالتواب,7/8/2026 16:51:46
46c9adc0,7/8/2026,2026 7,4440,-1145,تم الطباعة,de739934,صباحي 8-07-26,كاشير 1,f7f8d8a0,محمد عبدالتواب,7/8/2026 16:55:03
fa3988f0,7/8/2026,2026 7,4441,-5000,تم الطباعة,de739934,صباحي 8-07-26,كاشير 1,f7f8d8a0,محمد عبدالتواب,7/8/2026 17:00:06
9b96a423,7/8/2026,2026 7,4442,-465,تم الطباعة,de739934,صباحي 8-07-26,كاشير 1,f7f8d8a0,محمد عبدالتواب,7/8/2026 17:01:25
6ae8d929,7/8/2026,2026 7,4443,-985,تم الطباعة,de739934,صباحي 8-07-26,كاشير 1,f7f8d8a0,محمد عبدالتواب,7/8/2026 17:02:26
de9aac50,7/8/2026,2026 7,4444,-200,تم الطباعة,de739934,صباحي 8-07-26,كاشير 1,f7f8d8a0,محمد عبدالتواب,7/8/2026 17:09:58
3df7acc5,7/8/2026,2026 7,4445,13,تم الطباعة,de739934,صباحي 8-07-26,كاشير 1,f7f8d8a0,محمد عبدالتواب,7/8/2026 17:12:54
36aeeb96,7/8/2026,2026 7,4446,100,تم الطباعة,7fa00a5f,صباحي 8-07-26,كاشير 2,e9ad5415,ابانوب ايليا,7/8/2026 17:22:36
651a33b9,7/8/2026,2026 7,4447,30,تم الطباعة,6c7711c4,مسائي 8-07-26,كاشير 2,04b9d4de,طارق ماسبيرو,7/8/2026 17:32:28
9a67e4be,7/8/2026,2026 7,4448,10,تم الطباعة,6c7711c4,مسائي 8-07-26,كاشير 2,04b9d4de,طارق ماسبيرو,7/8/2026 17:32:42
24482bb5,7/8/2026,2026 7,4449,10,تم الطباعة,6c7711c4,مسائي 8-07-26,كاشير 2,04b9d4de,طارق ماسبيرو,7/8/2026 17:33:17
e2b13e93,7/8/2026,2026 7,4450,5,تم الطباعة,d3f955a6,مسائي 8-07-26,كاشير 1,4ac7873c,محمود سويفي,7/8/2026 17:39:33
4c19672d,7/8/2026,2026 7,4450,600,تم الطباعة,6c7711c4,مسائي 8-07-26,كاشير 2,04b9d4de,طارق ماسبيرو,7/8/2026 17:58:59
2d6d4b7b,7/8/2026,2026 7,4452,-100,تم الطباعة,d3f955a6,مسائي 8-07-26,كاشير 1,4ac7873c,محمود سويفي,7/8/2026 18:33:56
5fd5da4d,7/8/2026,2026 7,4453,2200,تم الطباعة,6c7711c4,مسائي 8-07-26,كاشير 2,04b9d4de,طارق ماسبيرو,7/8/2026 18:36:02
4149f999,7/8/2026,2026 7,4454,25,تم الطباعة,6c7711c4,مسائي 8-07-26,كاشير 2,04b9d4de,طارق ماسبيرو,7/8/2026 18:41:59
c62159ba,7/8/2026,2026 7,4455,10,تم الطباعة,d3f955a6,مسائي 8-07-26,كاشير 1,4ac7873c,محمود سويفي,7/8/2026 18:44:32
250cb574,7/8/2026,2026 7,4456,8,تم الطباعة,d3f955a6,مسائي 8-07-26,كاشير 1,4ac7873c,محمود سويفي,7/8/2026 18:46:14
b98ff2b4,7/8/2026,2026 7,4457,-2075,تم الطباعة,d3f955a6,مسائي 8-07-26,كاشير 1,4ac7873c,محمود سويفي,7/8/2026 19:00:50
a6d4ff15,7/8/2026,2026 7,4458,40,تم الطباعة,d3f955a6,مسائي 8-07-26,كاشير 1,4ac7873c,محمود سويفي,7/8/2026 19:02:15
5febe470,7/8/2026,2026 7,4459,405,تم الطباعة,d3f955a6,مسائي 8-07-26,كاشير 1,4ac7873c,محمود سويفي,7/8/2026 19:03:08
cae5556c,7/8/2026,2026 7,4460,15,تم الطباعة,d3f955a6,مسائي 8-07-26,كاشير 1,4ac7873c,محمود سويفي,7/8/2026 19:06:19
cb235a77,7/8/2026,2026 7,4461,-50,تم الطباعة,6c7711c4,مسائي 8-07-26,كاشير 2,04b9d4de,طارق ماسبيرو,7/8/2026 19:25:20
2ea1c85c,7/8/2026,2026 7,4462,8,تم الطباعة,d3f955a6,مسائي 8-07-26,كاشير 1,4ac7873c,محمود سويفي,7/8/2026 19:26:47
88eee219,7/8/2026,2026 7,4463,30,تم الطباعة,6c7711c4,مسائي 8-07-26,كاشير 2,04b9d4de,طارق ماسبيرو,7/8/2026 19:29:12
fab16f24,7/8/2026,2026 7,4464,-6790,تم الطباعة,d3f955a6,مسائي 8-07-26,كاشير 1,4ac7873c,محمود سويفي,7/8/2026 19:38:02
feba32b0,7/8/2026,2026 7,4465,-990,تم الطباعة,d3f955a6,مسائي 8-07-26,كاشير 1,4ac7873c,محمود سويفي,7/8/2026 19:38:44
dcbddcc8,7/8/2026,2026 7,4464,-95,تم الطباعة,6c7711c4,مسائي 8-07-26,كاشير 2,04b9d4de,طارق ماسبيرو,7/8/2026 19:39:14
01d6dfc9,7/8/2026,2026 7,4465,100,تم الطباعة,6c7711c4,مسائي 8-07-26,كاشير 2,04b9d4de,طارق ماسبيرو,7/8/2026 19:39:44
0eb981e3,7/8/2026,2026 7,4467,215,تم الطباعة,d3f955a6,مسائي 8-07-26,كاشير 1,4ac7873c,محمود سويفي,7/8/2026 19:41:35
cf2086d3,7/8/2026,2026 7,4468,2,تم الطباعة,d3f955a6,مسائي 8-07-26,كاشير 1,4ac7873c,محمود سويفي,7/8/2026 19:42:35
6469af46,7/8/2026,2026 7,4470,100,تم الطباعة,d3f955a6,مسائي 8-07-26,كاشير 1,4ac7873c,محمود سويفي,7/8/2026 19:50:23
d8259635,7/8/2026,2026 7,4471,70,تم الطباعة,d3f955a6,مسائي 8-07-26,كاشير 1,4ac7873c,محمود سويفي,7/8/2026 20:16:49
d93526b5,7/8/2026,2026 7,4472,-700,تم الطباعة,d3f955a6,مسائي 8-07-26,كاشير 1,4ac7873c,محمود سويفي,7/8/2026 20:23:55
ed81b518,7/8/2026,2026 7,4472,500,تم الطباعة,6c7711c4,مسائي 8-07-26,كاشير 2,04b9d4de,طارق ماسبيرو,7/8/2026 20:24:17
12d0bb25,7/8/2026,2026 7,4474,100,تم الطباعة,6c7711c4,مسائي 8-07-26,كاشير 2,04b9d4de,طارق ماسبيرو,7/8/2026 20:26:59
2b5245a4,7/8/2026,2026 7,4475,30,تم الطباعة,d3f955a6,مسائي 8-07-26,كاشير 1,4ac7873c,محمود سويفي,7/8/2026 20:31:16
39aa7c9c,7/8/2026,2026 7,4476,405,تم الطباعة,d3f955a6,مسائي 8-07-26,كاشير 1,4ac7873c,محمود سويفي,7/8/2026 20:36:01
81410fb7,7/8/2026,2026 7,4477,210,تم الطباعة,d3f955a6,مسائي 8-07-26,كاشير 1,4ac7873c,محمود سويفي,7/8/2026 20:42:27
49024779,7/8/2026,2026 7,4478,485,تم الطباعة,d3f955a6,مسائي 8-07-26,كاشير 1,4ac7873c,محمود سويفي,7/8/2026 20:46:06
6df15a19,7/8/2026,2026 7,4479,30,تم الطباعة,d3f955a6,مسائي 8-07-26,كاشير 1,4ac7873c,محمود سويفي,7/8/2026 20:46:33
27de31b2,7/8/2026,2026 7,4479,10,تم الطباعة,6c7711c4,مسائي 8-07-26,كاشير 2,04b9d4de,طارق ماسبيرو,7/8/2026 20:46:50
2692b328,7/8/2026,2026 7,4481,1005,تم الطباعة,6c7711c4,مسائي 8-07-26,كاشير 2,04b9d4de,طارق ماسبيرو,7/8/2026 20:57:28
69a152cc,7/8/2026,2026 7,4482,5,تم الطباعة,d3f955a6,مسائي 8-07-26,كاشير 1,4ac7873c,محمود سويفي,7/8/2026 21:15:09
4bbddb22,7/8/2026,2026 7,4483,-4245,تم الطباعة,d3f955a6,مسائي 8-07-26,كاشير 1,4ac7873c,محمود سويفي,7/8/2026 21:17:47
4f378034,7/8/2026,2026 7,4483,100,تم الطباعة,6c7711c4,مسائي 8-07-26,كاشير 2,04b9d4de,طارق ماسبيرو,7/8/2026 21:18:09
597cc817,7/8/2026,2026 7,4484,-490,تم الطباعة,d3f955a6,مسائي 8-07-26,كاشير 1,4ac7873c,محمود سويفي,7/8/2026 21:19:47
6a345d63,7/8/2026,2026 7,4486,500,تم الطباعة,d3f955a6,مسائي 8-07-26,كاشير 1,4ac7873c,محمود سويفي,7/8/2026 21:22:21
53d818ad,7/8/2026,2026 7,4487,200,تم الطباعة,d3f955a6,مسائي 8-07-26,كاشير 1,4ac7873c,محمود سويفي,7/8/2026 21:28:47
b8b25121,7/8/2026,2026 7,4488,-485,تم الطباعة,d3f955a6,مسائي 8-07-26,كاشير 1,4ac7873c,محمود سويفي,7/8/2026 21:31:05
deff592c,7/8/2026,2026 7,4489,100,تم الطباعة,6c7711c4,مسائي 8-07-26,كاشير 2,04b9d4de,طارق ماسبيرو,7/8/2026 21:35:28
7c35167c,7/8/2026,2026 7,4490,2,تم الطباعة,6c7711c4,مسائي 8-07-26,كاشير 2,04b9d4de,طارق ماسبيرو,7/8/2026 21:48:49
80711600,7/8/2026,2026 7,4491,15,تم الطباعة,6c7711c4,مسائي 8-07-26,كاشير 2,04b9d4de,طارق ماسبيرو,7/8/2026 21:56:34
25f78fe0,7/8/2026,2026 7,4492,150,تم الطباعة,6c7711c4,مسائي 8-07-26,كاشير 2,04b9d4de,طارق ماسبيرو,7/8/2026 22:12:04
efc5ae12,7/8/2026,2026 7,4493,20,تم الطباعة,6c7711c4,مسائي 8-07-26,كاشير 2,04b9d4de,طارق ماسبيرو,7/8/2026 22:16:43
3df87f10,7/8/2026,2026 7,4494,79,تم الطباعة,d3f955a6,مسائي 8-07-26,كاشير 1,4ac7873c,محمود سويفي,7/8/2026 22:25:11
4bb46492,7/8/2026,2026 7,4495,600,تم الطباعة,d3f955a6,مسائي 8-07-26,كاشير 1,4ac7873c,محمود سويفي,7/8/2026 22:35:54
e07d6a78,7/8/2026,2026 7,4496,5,تم الطباعة,d3f955a6,مسائي 8-07-26,كاشير 1,4ac7873c,محمود سويفي,7/8/2026 22:39:56
6b29e65f,7/8/2026,2026 7,4497,111,تم الطباعة,d3f955a6,مسائي 8-07-26,كاشير 1,4ac7873c,محمود سويفي,7/8/2026 22:41:46
dd767298,7/8/2026,2026 7,4498,1180,تم الطباعة,d3f955a6,مسائي 8-07-26,كاشير 1,4ac7873c,محمود سويفي,7/8/2026 22:42:09
976e4ab7,7/8/2026,2026 7,4499,505,تم الطباعة,6c7711c4,مسائي 8-07-26,كاشير 2,04b9d4de,طارق ماسبيرو,7/8/2026 22:44:48
ee9a7c4b,7/8/2026,2026 7,4500,3030,تم الطباعة,d3f955a6,مسائي 8-07-26,كاشير 1,4ac7873c,محمود سويفي,7/8/2026 22:48:13
35ef70bd,7/8/2026,2026 7,4501,-1600,تم الطباعة,d3f955a6,مسائي 8-07-26,كاشير 1,4ac7873c,محمود سويفي,7/8/2026 22:50:49
f50a4c0b,7/8/2026,2026 7,4502,-1185,تم الطباعة,d3f955a6,مسائي 8-07-26,كاشير 1,4ac7873c,محمود سويفي,7/8/2026 22:51:34
cc4b84ee,7/8/2026,2026 7,4503,2260,تم الطباعة,d3f955a6,مسائي 8-07-26,كاشير 1,4ac7873c,محمود سويفي,7/8/2026 22:53:21
77ed452e,7/8/2026,2026 7,4504,20,تم الطباعة,d3f955a6,مسائي 8-07-26,كاشير 1,4ac7873c,محمود سويفي,7/8/2026 22:58:33
6cc08cc7,7/8/2026,2026 7,4505,2100,تم الطباعة,d3f955a6,مسائي 8-07-26,كاشير 1,4ac7873c,محمود سويفي,7/8/2026 23:24:33
37cdbf1d,7/8/2026,2026 7,4506,-985,تم الطباعة,d3f955a6,مسائي 8-07-26,كاشير 1,4ac7873c,محمود سويفي,7/8/2026 23:28:36
bba35b66,7/8/2026,2026 7,4507,20,تم الطباعة,6c7711c4,مسائي 8-07-26,كاشير 2,04b9d4de,طارق ماسبيرو,7/8/2026 23:33:48
e59292de,7/8/2026,2026 7,4508,20,تم الطباعة,3a956986,مسائي 8-07-26,كاشير 1,0154dfaa,أ/ احمد زرزور,7/8/2026 23:46:14
ae0e0943,7/8/2026,2026 7,4509,-300,تم الطباعة,3a956986,مسائي 8-07-26,كاشير 1,0154dfaa,أ/ احمد زرزور,7/8/2026 23:46:31
3fa79031,7/8/2026,2026 7,4510,10,تم الطباعة,6c7711c4,مسائي 8-07-26,كاشير 2,04b9d4de,طارق ماسبيرو,7/8/2026 23:48:14
55b73897,7/8/2026,2026 7,4511,-5000,تم الطباعة,3a956986,مسائي 8-07-26,كاشير 1,0154dfaa,أ/ احمد زرزور,7/8/2026 23:50:57
5c0366e3,7/8/2026,2026 7,4512,-970,تم الطباعة,3a956986,مسائي 8-07-26,كاشير 1,0154dfaa,أ/ احمد زرزور,7/8/2026 23:54:59
dc8715bb,7/8/2026,2026 7,4513,-2000,تم الطباعة,3a956986,مسائي 8-07-26,كاشير 1,0154dfaa,أ/ احمد زرزور,7/8/2026 23:56:17
9358345c,7/8/2026,2026 7,4514,90,تم الطباعة,6c7711c4,مسائي 8-07-26,كاشير 2,04b9d4de,طارق ماسبيرو,7/8/2026 23:57:40
da2d15e6,7/9/2026,2026 7,4515,8745,تم الطباعة,3a956986,مسائي 8-07-26,كاشير 1,0154dfaa,أ/ احمد زرزور,7/9/2026 0:01:16
552db505,7/9/2026,2026 7,4516,30,تم الطباعة,6c7711c4,مسائي 8-07-26,كاشير 2,04b9d4de,طارق ماسبيرو,7/9/2026 0:01:58
006e6cb8,7/9/2026,2026 7,4517,10,تم الطباعة,3a956986,مسائي 8-07-26,كاشير 1,0154dfaa,أ/ احمد زرزور,7/9/2026 0:04:09
a8f7e464,7/9/2026,2026 7,4517,0,تم الطباعة,6c7711c4,مسائي 8-07-26,كاشير 2,04b9d4de,طارق ماسبيرو,7/9/2026 0:06:26
fad4d6ee,7/9/2026,2026 7,4519,10,تم الطباعة,6c7711c4,مسائي 8-07-26,كاشير 2,04b9d4de,طارق ماسبيرو,7/9/2026 0:10:41
b21a76f1,7/9/2026,2026 7,4520,5,تم الطباعة,6c7711c4,مسائي 8-07-26,كاشير 2,04b9d4de,طارق ماسبيرو,7/9/2026 0:11:48
f295207e,7/9/2026,2026 7,4521,26,تم الطباعة,6c7711c4,مسائي 8-07-26,كاشير 2,04b9d4de,طارق ماسبيرو,7/9/2026 0:13:49
8ec05d42,7/9/2026,2026 7,4522,1300,تم الطباعة,3a956986,مسائي 8-07-26,كاشير 1,0154dfaa,أ/ احمد زرزور,7/9/2026 0:30:12
18219cd2,7/9/2026,2026 7,4523,26,تم الطباعة,6c7711c4,مسائي 8-07-26,كاشير 2,04b9d4de,طارق ماسبيرو,7/9/2026 0:45:54
27365619,7/9/2026,2026 7,4524,77,تم الطباعة,3a956986,مسائي 8-07-26,كاشير 1,0154dfaa,أ/ احمد زرزور,7/9/2026 0:50:39
90ef93bd,7/9/2026,2026 7,4525,505,تم الطباعة,3a956986,مسائي 8-07-26,كاشير 1,0154dfaa,أ/ احمد زرزور,7/9/2026 0:51:50
08f9b777,7/9/2026,2026 7,4526,-5910,تم الطباعة,b061e49f,صباحي 9-07-26,كاشير 1,f7f8d8a0,محمد عبدالتواب,7/9/2026 9:00:25
179ac874,7/9/2026,2026 7,4527,2020,تم الطباعة,b061e49f,صباحي 9-07-26,كاشير 1,f7f8d8a0,محمد عبدالتواب,7/9/2026 9:22:26
c57e9dd3,7/9/2026,2026 7,4528,-3960,تم الطباعة,b061e49f,صباحي 9-07-26,كاشير 1,f7f8d8a0,محمد عبدالتواب,7/9/2026 9:39:46
ce55c409,7/9/2026,2026 7,4529,200,تم الطباعة,b061e49f,صباحي 9-07-26,كاشير 1,f7f8d8a0,محمد عبدالتواب,7/9/2026 9:53:21
d6ff7d53,7/9/2026,2026 7,4530,-1980,تم الطباعة,b061e49f,صباحي 9-07-26,كاشير 1,f7f8d8a0,محمد عبدالتواب,7/9/2026 9:58:45
b29f840d,7/9/2026,2026 7,4531,30,تم الطباعة,b061e49f,صباحي 9-07-26,كاشير 1,f7f8d8a0,محمد عبدالتواب,7/9/2026 10:01:59
5da80f4b,7/9/2026,2026 7,4532,200,تم الطباعة,b061e49f,صباحي 9-07-26,كاشير 1,f7f8d8a0,محمد عبدالتواب,7/9/2026 10:20:47
f06698c3,7/9/2026,2026 7,4533,-195,تم الطباعة,b061e49f,صباحي 9-07-26,كاشير 1,f7f8d8a0,محمد عبدالتواب,7/9/2026 10:32:50
4943943a,7/9/2026,2026 7,4534,10,تم الطباعة,b061e49f,صباحي 9-07-26,كاشير 1,f7f8d8a0,محمد عبدالتواب,7/9/2026 10:45:14
d655f207,7/9/2026,2026 7,4535,5,تم الطباعة,b061e49f,صباحي 9-07-26,كاشير 1,f7f8d8a0,محمد عبدالتواب,7/9/2026 10:45:23
c45431a8,7/9/2026,2026 7,4536,10,تم الطباعة,b061e49f,صباحي 9-07-26,كاشير 1,f7f8d8a0,محمد عبدالتواب,7/9/2026 11:00:29
5376e7c9,7/9/2026,2026 7,4537,1020,تم الطباعة,b061e49f,صباحي 9-07-26,كاشير 1,f7f8d8a0,محمد عبدالتواب,7/9/2026 11:06:32
e59dcfc5,7/9/2026,2026 7,4538,0,تم الطباعة,b061e49f,صباحي 9-07-26,كاشير 1,f7f8d8a0,محمد عبدالتواب,7/9/2026 11:10:07
83a509ea,7/9/2026,2026 7,4539,0,تم الطباعة,b061e49f,صباحي 9-07-26,كاشير 1,f7f8d8a0,محمد عبدالتواب,7/9/2026 11:19:21
18291932,7/9/2026,2026 7,4540,-1475,تم الطباعة,b061e49f,صباحي 9-07-26,كاشير 1,f7f8d8a0,محمد عبدالتواب,7/9/2026 11:30:54
2a89462d,7/9/2026,2026 7,4541,302,تم الطباعة,b061e49f,صباحي 9-07-26,كاشير 1,f7f8d8a0,محمد عبدالتواب,7/9/2026 11:53:12
b38a923e,7/9/2026,2026 7,4542,20,تم الطباعة,b061e49f,صباحي 9-07-26,كاشير 1,f7f8d8a0,محمد عبدالتواب,7/9/2026 12:05:07
5f8df899,7/9/2026,2026 7,4543,1000,تم الطباعة,b061e49f,صباحي 9-07-26,كاشير 1,f7f8d8a0,محمد عبدالتواب,7/9/2026 12:19:38
c064364a,7/9/2026,2026 7,4544,450,تم الطباعة,b061e49f,صباحي 9-07-26,كاشير 1,f7f8d8a0,محمد عبدالتواب,7/9/2026 12:20:40
90f86833,7/9/2026,2026 7,4545,15,تم الطباعة,b061e49f,صباحي 9-07-26,كاشير 1,f7f8d8a0,محمد عبدالتواب,7/9/2026 12:39:57
b7b3d856,7/9/2026,2026 7,4546,17,تم الطباعة,cc56664e,صباحي 9-07-26,كاشير 2,e9ad5415,ابانوب ايليا,7/9/2026 12:44:29
e46e09d5,7/9/2026,2026 7,4547,-295,تم الطباعة,b061e49f,صباحي 9-07-26,كاشير 1,f7f8d8a0,محمد عبدالتواب,7/9/2026 13:00:08
c893e985,7/9/2026,2026 7,4548,-1330,تم الطباعة,b061e49f,صباحي 9-07-26,كاشير 1,f7f8d8a0,محمد عبدالتواب,7/9/2026 13:05:35
5405df82,7/9/2026,2026 7,4549,316,تم الطباعة,b061e49f,صباحي 9-07-26,كاشير 1,f7f8d8a0,محمد عبدالتواب,7/9/2026 13:13:33
4cb808ba,7/9/2026,2026 7,4550,24,تم الطباعة,cc56664e,صباحي 9-07-26,كاشير 2,e9ad5415,ابانوب ايليا,7/9/2026 13:24:46
f29351d1,7/9/2026,2026 7,4551,405,تم الطباعة,b061e49f,صباحي 9-07-26,كاشير 1,f7f8d8a0,محمد عبدالتواب,7/9/2026 13:31:43
ce411a6b,7/9/2026,2026 7,4552,5,تم الطباعة,cc56664e,صباحي 9-07-26,كاشير 2,e9ad5415,ابانوب ايليا,7/9/2026 13:46:49
a21a786e,7/9/2026,2026 7,4553,-185,تم الطباعة,b061e49f,صباحي 9-07-26,كاشير 1,f7f8d8a0,محمد عبدالتواب,7/9/2026 14:08:47
b3f1fab4,7/9/2026,2026 7,4554,-195,تم الطباعة,b061e49f,صباحي 9-07-26,كاشير 1,f7f8d8a0,محمد عبدالتواب,7/9/2026 14:12:10
954a6bc0,7/9/2026,2026 7,4555,30,تم الطباعة,b061e49f,صباحي 9-07-26,كاشير 1,f7f8d8a0,محمد عبدالتواب,7/9/2026 14:14:34
028fde70,7/9/2026,2026 7,4556,225,تم الطباعة,b061e49f,صباحي 9-07-26,كاشير 1,f7f8d8a0,محمد عبدالتواب,7/9/2026 14:28:16
86cb1ba1,7/9/2026,2026 7,4557,6810,تم الطباعة,b061e49f,صباحي 9-07-26,كاشير 1,f7f8d8a0,محمد عبدالتواب,7/9/2026 14:30:57
7703fb83,7/9/2026,2026 7,4558,3030,تم الطباعة,b061e49f,صباحي 9-07-26,كاشير 1,f7f8d8a0,محمد عبدالتواب,7/9/2026 14:32:52
6e2ba8e5,7/9/2026,2026 7,4559,190,تم الطباعة,b061e49f,صباحي 9-07-26,كاشير 1,f7f8d8a0,محمد عبدالتواب,7/9/2026 14:58:21
7f25e413,7/9/2026,2026 7,4560,-2000,تم الطباعة,b061e49f,صباحي 9-07-26,كاشير 1,f7f8d8a0,محمد عبدالتواب,7/9/2026 15:11:47
fd838d5a,7/9/2026,2026 7,4561,15,تم الطباعة,cc56664e,صباحي 9-07-26,كاشير 2,e9ad5415,ابانوب ايليا,7/9/2026 15:15:09
141bf18e,7/9/2026,2026 7,4561,20,تم الطباعة,b061e49f,صباحي 9-07-26,كاشير 1,f7f8d8a0,محمد عبدالتواب,7/9/2026 15:15:15
d3c2adce,7/9/2026,2026 7,4562,20,تم الطباعة,cc56664e,صباحي 9-07-26,كاشير 2,e9ad5415,ابانوب ايليا,7/9/2026 15:19:37
02e13e46,7/9/2026,2026 7,4564,3585,تم الطباعة,b061e49f,صباحي 9-07-26,كاشير 1,f7f8d8a0,محمد عبدالتواب,7/9/2026 15:46:16
2adb42dc,7/9/2026,2026 7,4565,-395,تم الطباعة,b061e49f,صباحي 9-07-26,كاشير 1,f7f8d8a0,محمد عبدالتواب,7/9/2026 15:47:02
35fde0c1,7/9/2026,2026 7,4566,-350,تم الطباعة,b061e49f,صباحي 9-07-26,كاشير 1,f7f8d8a0,محمد عبدالتواب,7/9/2026 15:49:49
4dce421c,7/9/2026,2026 7,4567,700,تم الطباعة,b061e49f,صباحي 9-07-26,كاشير 1,f7f8d8a0,محمد عبدالتواب,7/9/2026 15:54:42
29794acb,7/9/2026,2026 7,4568,-1000,تم الطباعة,b061e49f,صباحي 9-07-26,كاشير 1,f7f8d8a0,محمد عبدالتواب,7/9/2026 15:59:03
2524d880,7/9/2026,2026 7,4569,2100,تم الطباعة,b061e49f,صباحي 9-07-26,كاشير 1,f7f8d8a0,محمد عبدالتواب,7/9/2026 16:02:16
a911d166,7/9/2026,2026 7,4570,2020,تم الطباعة,b061e49f,صباحي 9-07-26,كاشير 1,f7f8d8a0,محمد عبدالتواب,7/9/2026 16:03:16
b82419c2,7/9/2026,2026 7,4571,-20,تم الطباعة,b061e49f,صباحي 9-07-26,كاشير 1,f7f8d8a0,محمد عبدالتواب,7/9/2026 16:07:56
2ed93643,7/9/2026,2026 7,4572,100,تم الطباعة,b061e49f,صباحي 9-07-26,كاشير 1,f7f8d8a0,محمد عبدالتواب,7/9/2026 16:18:10
1099c2b1,7/9/2026,2026 7,4573,35,تم الطباعة,b061e49f,صباحي 9-07-26,كاشير 1,f7f8d8a0,محمد عبدالتواب,7/9/2026 17:06:48
30ad26f1,7/9/2026,2026 7,4574,-193,تم الطباعة,cc56664e,صباحي 9-07-26,كاشير 2,e9ad5415,ابانوب ايليا,7/9/2026 17:23:42
95a717a4,7/9/2026,2026 7,4575,30,تم الطباعة,cc56664e,صباحي 9-07-26,كاشير 2,e9ad5415,ابانوب ايليا,7/9/2026 17:31:33
2e008c02,7/9/2026,2026 7,4576,-250,تم الطباعة,5ea42609,مسائي 9-07-26,كاشير 1,e9ad5415,ابانوب ايليا,7/9/2026 17:41:40
cfec07b0,7/9/2026,2026 7,4577,-195,تم الطباعة,5ea42609,مسائي 9-07-26,كاشير 1,e9ad5415,ابانوب ايليا,7/9/2026 17:42:20
64b5b924,7/9/2026,2026 7,4578,100,تم الطباعة,b8fad6f7,مسائي 9-07-26,كاشير 2,04b9d4de,طارق ماسبيرو,7/9/2026 17:43:55
d9066062,7/9/2026,2026 7,4579,30,تم الطباعة,b8fad6f7,مسائي 9-07-26,كاشير 2,04b9d4de,طارق ماسبيرو,7/9/2026 17:58:21
56a26db9,7/9/2026,2026 7,4580,450,تم الطباعة,b8fad6f7,مسائي 9-07-26,كاشير 2,04b9d4de,طارق ماسبيرو,7/9/2026 17:58:56
8d9c6134,7/9/2026,2026 7,4581,175,تم الطباعة,5ea42609,مسائي 9-07-26,كاشير 1,e9ad5415,ابانوب ايليا,7/9/2026 18:06:14
8c140bf6,7/9/2026,2026 7,4582,195,تم الطباعة,b8fad6f7,مسائي 9-07-26,كاشير 2,04b9d4de,طارق ماسبيرو,7/9/2026 18:28:41
851447a3,7/9/2026,2026 7,4583,505,تم الطباعة,5ea42609,مسائي 9-07-26,كاشير 1,e9ad5415,ابانوب ايليا,7/9/2026 18:36:29
ac3c46c9,7/9/2026,2026 7,4584,-400,تم الطباعة,5ea42609,مسائي 9-07-26,كاشير 1,e9ad5415,ابانوب ايليا,7/9/2026 19:07:13
b06f18e6,7/9/2026,2026 7,4585,-890,تم الطباعة,5ea42609,مسائي 9-07-26,كاشير 1,e9ad5415,ابانوب ايليا,7/9/2026 19:08:53
e86966a8,7/9/2026,2026 7,4586,6,تم الطباعة,5ea42609,مسائي 9-07-26,كاشير 1,e9ad5415,ابانوب ايليا,7/9/2026 19:10:47
bfafb513,7/9/2026,2026 7,4586,100,تم الطباعة,b8fad6f7,مسائي 9-07-26,كاشير 2,04b9d4de,طارق ماسبيرو,7/9/2026 19:12:15
6b247e9f,7/9/2026,2026 7,4587,-8865,تم الطباعة,5ea42609,مسائي 9-07-26,كاشير 1,e9ad5415,ابانوب ايليا,7/9/2026 19:19:40
86c91b47,7/9/2026,2026 7,4588,3,تم الطباعة,b8fad6f7,مسائي 9-07-26,كاشير 2,04b9d4de,طارق ماسبيرو,7/9/2026 19:27:00
edcbc152,7/9/2026,2026 7,4589,1020,تم الطباعة,5ea42609,مسائي 9-07-26,كاشير 1,e9ad5415,ابانوب ايليا,7/9/2026 19:39:56
b4d9e3ff,7/9/2026,2026 7,4590,50,تم الطباعة,b8fad6f7,مسائي 9-07-26,كاشير 2,04b9d4de,طارق ماسبيرو,7/9/2026 19:43:22
1f52e307,7/9/2026,2026 7,4591,15150,تم الطباعة,5ea42609,مسائي 9-07-26,كاشير 1,e9ad5415,ابانوب ايليا,7/9/2026 20:07:32
2c147c25,7/9/2026,2026 7,4592,100,تم الطباعة,b8fad6f7,مسائي 9-07-26,كاشير 2,04b9d4de,طارق ماسبيرو,7/9/2026 20:07:57
0dda0f23,7/9/2026,2026 7,4594,90,تم الطباعة,5ea42609,مسائي 9-07-26,كاشير 1,e9ad5415,ابانوب ايليا,7/9/2026 20:13:38
614d443e,7/9/2026,2026 7,4595,100,تم الطباعة,5ea42609,مسائي 9-07-26,كاشير 1,e9ad5415,ابانوب ايليا,7/9/2026 20:17:43
f95d69ca,7/9/2026,2026 7,4596,290,تم الطباعة,5ea42609,مسائي 9-07-26,كاشير 1,e9ad5415,ابانوب ايليا,7/9/2026 20:28:29
212f764b,7/9/2026,2026 7,4597,100,تم الطباعة,b8fad6f7,مسائي 9-07-26,كاشير 2,04b9d4de,طارق ماسبيرو,7/9/2026 20:31:27
f4262b12,7/9/2026,2026 7,4598,110,تم الطباعة,b8fad6f7,مسائي 9-07-26,كاشير 2,04b9d4de,طارق ماسبيرو,7/9/2026 20:33:48
bab6173e,7/9/2026,2026 7,4599,5,تم الطباعة,b8fad6f7,مسائي 9-07-26,كاشير 2,04b9d4de,طارق ماسبيرو,7/9/2026 20:39:51
1477197c,7/9/2026,2026 7,4600,-1000,تم الطباعة,b8fad6f7,مسائي 9-07-26,كاشير 2,04b9d4de,طارق ماسبيرو,7/9/2026 20:40:49
63889031,7/9/2026,2026 7,4601,-1000,تم الطباعة,b8fad6f7,مسائي 9-07-26,كاشير 2,04b9d4de,طارق ماسبيرو,7/9/2026 20:47:45
18f0e305,7/9/2026,2026 7,4602,-4850,تم الطباعة,b8fad6f7,مسائي 9-07-26,كاشير 2,04b9d4de,طارق ماسبيرو,7/9/2026 20:52:06
028722fd,7/9/2026,2026 7,4603,275,تم الطباعة,469f8ad1,مسائي 9-07-26,كاشير 1,0154dfaa,أ/ احمد زرزور,7/9/2026 21:02:24
a768e6b4,7/9/2026,2026 7,4604,100,تم الطباعة,b8fad6f7,مسائي 9-07-26,كاشير 2,04b9d4de,طارق ماسبيرو,7/9/2026 21:03:20
1726b66f,7/9/2026,2026 7,4605,1010,تم الطباعة,469f8ad1,مسائي 9-07-26,كاشير 1,0154dfaa,أ/ احمد زرزور,7/9/2026 21:11:18
755ca9a4,7/9/2026,2026 7,4606,5,تم الطباعة,469f8ad1,مسائي 9-07-26,كاشير 1,0154dfaa,أ/ احمد زرزور,7/9/2026 21:12:54
e211fb1b,7/9/2026,2026 7,4607,-990,تم الطباعة,469f8ad1,مسائي 9-07-26,كاشير 1,0154dfaa,أ/ احمد زرزور,7/9/2026 21:13:24
12d22050,7/9/2026,2026 7,4608,7,تم الطباعة,469f8ad1,مسائي 9-07-26,كاشير 1,0154dfaa,أ/ احمد زرزور,7/9/2026 21:15:31
b0da57c4,7/9/2026,2026 7,4609,5,تم الطباعة,469f8ad1,مسائي 9-07-26,كاشير 1,0154dfaa,أ/ احمد زرزور,7/9/2026 21:16:21
b76b659f,7/9/2026,2026 7,4610,5,تم الطباعة,b8fad6f7,مسائي 9-07-26,كاشير 2,04b9d4de,طارق ماسبيرو,7/9/2026 21:39:05
ab7ba800,7/9/2026,2026 7,4611,910,تم الطباعة,469f8ad1,مسائي 9-07-26,كاشير 1,0154dfaa,أ/ احمد زرزور,7/9/2026 21:41:06
2a3acfab,7/9/2026,2026 7,4612,10,تم الطباعة,b8fad6f7,مسائي 9-07-26,كاشير 2,04b9d4de,طارق ماسبيرو,7/9/2026 21:41:55
a6ba3c93,7/9/2026,2026 7,4613,0,تم الطباعة,b8fad6f7,مسائي 9-07-26,كاشير 2,04b9d4de,طارق ماسبيرو,7/9/2026 21:50:00
802e3f3f,7/9/2026,2026 7,4614,60,تم الطباعة,b8fad6f7,مسائي 9-07-26,كاشير 2,04b9d4de,طارق ماسبيرو,7/9/2026 21:53:55
eec15d74,7/9/2026,2026 7,4615,69,تم الطباعة,469f8ad1,مسائي 9-07-26,كاشير 1,0154dfaa,أ/ احمد زرزور,7/9/2026 21:58:44
79ea19ea,7/9/2026,2026 7,4616,-95,تم الطباعة,469f8ad1,مسائي 9-07-26,كاشير 1,0154dfaa,أ/ احمد زرزور,7/9/2026 22:00:47
2f295928,7/9/2026,2026 7,4617,53,تم الطباعة,469f8ad1,مسائي 9-07-26,كاشير 1,0154dfaa,أ/ احمد زرزور,7/9/2026 22:04:00
d62fe7ee,7/9/2026,2026 7,4618,60,تم الطباعة,469f8ad1,مسائي 9-07-26,كاشير 1,0154dfaa,أ/ احمد زرزور,7/9/2026 22:06:49
43d42451,7/9/2026,2026 7,4619,3010,تم الطباعة,469f8ad1,مسائي 9-07-26,كاشير 1,0154dfaa,أ/ احمد زرزور,7/9/2026 22:20:50
354ff1fa,7/9/2026,2026 7,4620,10000,تم الطباعة,469f8ad1,مسائي 9-07-26,كاشير 1,0154dfaa,أ/ احمد زرزور,7/9/2026 22:32:33
be3f5861,7/9/2026,2026 7,4621,100,تم الطباعة,b8fad6f7,مسائي 9-07-26,كاشير 2,04b9d4de,طارق ماسبيرو,7/9/2026 22:33:18
507a427b,7/9/2026,2026 7,4622,308,تم الطباعة,469f8ad1,مسائي 9-07-26,كاشير 1,0154dfaa,أ/ احمد زرزور,7/9/2026 22:38:49
fbc7aba7,7/9/2026,2026 7,4623,5000,تم الطباعة,469f8ad1,مسائي 9-07-26,كاشير 1,0154dfaa,أ/ احمد زرزور,7/9/2026 22:45:41
9ed38653,7/9/2026,2026 7,4623,40,تم الطباعة,ecc30456,مسائي 9-07-26,كاشير 3,4ac7873c,محمود سويفي,7/9/2026 22:45:46
8b343be5,7/9/2026,2026 7,4625,35,تم الطباعة,441c5de6,مسائي 9-07-26,كاشير 1,0154dfaa,أ/ احمد زرزور,7/9/2026 22:54:12
1a30c3d8,7/9/2026,2026 7,4626,-1380,تم الطباعة,441c5de6,مسائي 9-07-26,كاشير 1,0154dfaa,أ/ احمد زرزور,7/9/2026 22:57:33
a6ae1277,7/9/2026,2026 7,4627,30,تم الطباعة,b8fad6f7,مسائي 9-07-26,كاشير 2,04b9d4de,طارق ماسبيرو,7/9/2026 23:03:49
66178e3d,7/9/2026,2026 7,4628,166,تم الطباعة,e44ba7e8,مسائي 9-07-26,كاشير 1,4ac7873c,محمود سويفي,7/9/2026 23:15:50
d3ab4d5a,7/9/2026,2026 7,4629,11,تم الطباعة,e44ba7e8,مسائي 9-07-26,كاشير 1,4ac7873c,محمود سويفي,7/9/2026 23:23:23
638b84fb,7/9/2026,2026 7,4630,6,تم الطباعة,e44ba7e8,مسائي 9-07-26,كاشير 1,4ac7873c,محمود سويفي,7/9/2026 23:28:45
397eb72e,7/9/2026,2026 7,4631,-850,تم الطباعة,e44ba7e8,مسائي 9-07-26,كاشير 1,4ac7873c,محمود سويفي,7/9/2026 23:31:32
0abb2f1e,7/9/2026,2026 7,4632,150,تم الطباعة,e44ba7e8,مسائي 9-07-26,كاشير 1,4ac7873c,محمود سويفي,7/9/2026 23:32:15
833c73d3,7/9/2026,2026 7,4633,-100,تم الطباعة,e44ba7e8,مسائي 9-07-26,كاشير 1,4ac7873c,محمود سويفي,7/9/2026 23:39:33
55b1e354,7/9/2026,2026 7,4634,55,تم الطباعة,e44ba7e8,مسائي 9-07-26,كاشير 1,4ac7873c,محمود سويفي,7/9/2026 23:44:47
66df36de,7/9/2026,2026 7,4635,-400,تم الطباعة,e44ba7e8,مسائي 9-07-26,كاشير 1,4ac7873c,محمود سويفي,7/9/2026 23:53:40
36def578,7/9/2026,2026 7,4636,-150,تم الطباعة,e44ba7e8,مسائي 9-07-26,كاشير 1,4ac7873c,محمود سويفي,7/9/2026 23:58:12
d1f5743b,7/10/2026,2026 7,4637,-4940,تم الطباعة,e44ba7e8,مسائي 9-07-26,كاشير 1,4ac7873c,محمود سويفي,7/10/2026 0:08:33
631c7cd4,7/10/2026,2026 7,4638,-120,تم الطباعة,e44ba7e8,مسائي 9-07-26,كاشير 1,4ac7873c,محمود سويفي,7/10/2026 0:10:04
7ef0ee78,7/10/2026,2026 7,4639,35,تم الطباعة,e44ba7e8,مسائي 9-07-26,كاشير 1,4ac7873c,محمود سويفي,7/10/2026 0:15:55
2448abcf,7/10/2026,2026 7,4640,180,تم الطباعة,,,,0154dfaa,أ/ احمد زرزور,7/10/2026 0:34:24
7a53a6b4,7/10/2026,2026 7,4641,10,تم الطباعة,4ecc8e3e,مسائي 10-07-26,كاشير 1,0154dfaa,أ/ احمد زرزور,7/10/2026 0:43:44
13599473,7/10/2026,2026 7,4642,-300,تم الطباعة,4ecc8e3e,مسائي 10-07-26,كاشير 1,0154dfaa,أ/ احمد زرزور,7/10/2026 1:26:21
c41b3ca2,7/10/2026,2026 7,4643,200,تم الطباعة,4ecc8e3e,مسائي 10-07-26,كاشير 1,0154dfaa,أ/ احمد زرزور,7/10/2026 1:51:42
6a7d65f2,7/10/2026,2026 7,4644,30,تم الطباعة,4ecc8e3e,مسائي 10-07-26,كاشير 1,0154dfaa,أ/ احمد زرزور,7/10/2026 1:56:16
f424f90d,7/10/2026,2026 7,4645,-110,تم الطباعة,4ecc8e3e,مسائي 10-07-26,كاشير 1,0154dfaa,أ/ احمد زرزور,7/10/2026 2:17:02
0b60c468,7/10/2026,2026 7,4646,-990,تم الطباعة,280091ea,صباحي 10-07-26,كاشير 1,e9ad5415,ابانوب ايليا,7/10/2026 13:58:44
6f3a27e1,7/10/2026,2026 7,4647,30,تم الطباعة,280091ea,صباحي 10-07-26,كاشير 1,e9ad5415,ابانوب ايليا,7/10/2026 14:38:10
1dbc0dcc,7/10/2026,2026 7,4648,-400,تم الطباعة,280091ea,صباحي 10-07-26,كاشير 1,e9ad5415,ابانوب ايليا,7/10/2026 15:13:07
b2870315,7/10/2026,2026 7,4649,-1590,تم الطباعة,280091ea,صباحي 10-07-26,كاشير 1,e9ad5415,ابانوب ايليا,7/10/2026 15:15:58
90a8dc98,7/10/2026,2026 7,4650,6,تم الطباعة,280091ea,صباحي 10-07-26,كاشير 1,e9ad5415,ابانوب ايليا,7/10/2026 15:35:05
386c8628,7/10/2026,2026 7,4651,-495,تم الطباعة,280091ea,صباحي 10-07-26,كاشير 1,e9ad5415,ابانوب ايليا,7/10/2026 15:48:34
10e444f9,7/10/2026,2026 7,4652,1010,تم الطباعة,280091ea,صباحي 10-07-26,كاشير 1,e9ad5415,ابانوب ايليا,7/10/2026 15:50:23
360ed7ea,7/10/2026,2026 7,4653,-3500,تم الطباعة,280091ea,صباحي 10-07-26,كاشير 1,e9ad5415,ابانوب ايليا,7/10/2026 15:56:38
cbb1b033,7/10/2026,2026 7,4654,20,تم الطباعة,280091ea,صباحي 10-07-26,كاشير 1,e9ad5415,ابانوب ايليا,7/10/2026 15:59:59
b82effd7,7/10/2026,2026 7,4655,400,تم الطباعة,280091ea,صباحي 10-07-26,كاشير 1,e9ad5415,ابانوب ايليا,7/10/2026 16:08:06
8a4b32a2,7/10/2026,2026 7,4656,-2985,تم الطباعة,280091ea,صباحي 10-07-26,كاشير 1,e9ad5415,ابانوب ايليا,7/10/2026 16:12:29
f14d12ec,7/10/2026,2026 7,4657,268,تم الطباعة,280091ea,صباحي 10-07-26,كاشير 1,e9ad5415,ابانوب ايليا,7/10/2026 16:18:45
8d591ffd,7/10/2026,2026 7,4658,-1970,تم الطباعة,280091ea,صباحي 10-07-26,كاشير 1,e9ad5415,ابانوب ايليا,7/10/2026 16:33:04
05a8b43d,7/10/2026,2026 7,4659,500,تم الطباعة,280091ea,صباحي 10-07-26,كاشير 1,e9ad5415,ابانوب ايليا,7/10/2026 16:36:42
91a41866,7/10/2026,2026 7,4660,220,تم الطباعة,280091ea,صباحي 10-07-26,كاشير 1,e9ad5415,ابانوب ايليا,7/10/2026 16:40:08
c08109ee,7/10/2026,2026 7,4661,5,تم الطباعة,280091ea,صباحي 10-07-26,كاشير 1,e9ad5415,ابانوب ايليا,7/10/2026 16:40:24
ec9597e9,7/10/2026,2026 7,4662,5,تم الطباعة,280091ea,صباحي 10-07-26,كاشير 1,e9ad5415,ابانوب ايليا,7/10/2026 16:58:36
87c481a3,7/10/2026,2026 7,4663,600,تم الطباعة,280091ea,صباحي 10-07-26,كاشير 1,e9ad5415,ابانوب ايليا,7/10/2026 17:02:23
57a6c6d0,7/10/2026,2026 7,4664,10,تم الطباعة,280091ea,صباحي 10-07-26,كاشير 1,e9ad5415,ابانوب ايليا,7/10/2026 17:05:42
a57fd96d,7/10/2026,2026 7,4665,115,تم الطباعة,280091ea,صباحي 10-07-26,كاشير 1,e9ad5415,ابانوب ايليا,7/10/2026 17:16:06
00635c95,7/10/2026,2026 7,4666,8,تم الطباعة,280091ea,صباحي 10-07-26,كاشير 1,e9ad5415,ابانوب ايليا,7/10/2026 17:23:56
54285d12,7/10/2026,2026 7,4666,45,تم الطباعة,727549c6,مسائي 10-07-26,كاشير 2,04b9d4de,طارق ماسبيرو,7/10/2026 17:20:18
b217163d,7/10/2026,2026 7,4667,10,تم الطباعة,727549c6,مسائي 10-07-26,كاشير 2,04b9d4de,طارق ماسبيرو,7/10/2026 17:38:24
5b761846,7/10/2026,2026 7,4669,1400,تم الطباعة,280091ea,صباحي 10-07-26,كاشير 1,e9ad5415,ابانوب ايليا,7/10/2026 18:27:03
e71f1b36,7/10/2026,2026 7,4670,15,تم الطباعة,280091ea,صباحي 10-07-26,كاشير 1,e9ad5415,ابانوب ايليا,7/10/2026 18:27:24
109803fb,7/10/2026,2026 7,4668,-145,تم الطباعة,727549c6,مسائي 10-07-26,كاشير 2,04b9d4de,طارق ماسبيرو,7/10/2026 17:47:44
1c347575,7/10/2026,2026 7,4672,120,تم الطباعة,727549c6,مسائي 10-07-26,كاشير 2,04b9d4de,طارق ماسبيرو,7/10/2026 18:33:10
6798f2b7,7/10/2026,2026 7,4673,0,تم الطباعة,280091ea,صباحي 10-07-26,كاشير 1,e9ad5415,ابانوب ايليا,7/10/2026 18:50:17
06748aaf,7/10/2026,2026 7,4674,470,تم الطباعة,280091ea,صباحي 10-07-26,كاشير 1,e9ad5415,ابانوب ايليا,7/10/2026 18:56:01
7e4677f3,7/10/2026,2026 7,4675,13,تم الطباعة,280091ea,صباحي 10-07-26,كاشير 1,e9ad5415,ابانوب ايليا,7/10/2026 19:10:35
dddb3243,7/10/2026,2026 7,4676,25,تم الطباعة,727549c6,مسائي 10-07-26,كاشير 2,04b9d4de,طارق ماسبيرو,7/10/2026 19:38:58
dfd1b28c,7/10/2026,2026 7,4677,40,تم الطباعة,280091ea,صباحي 10-07-26,كاشير 1,e9ad5415,ابانوب ايليا,7/10/2026 19:46:13
65f97643,7/10/2026,2026 7,4678,5,تم الطباعة,280091ea,صباحي 10-07-26,كاشير 1,e9ad5415,ابانوب ايليا,7/10/2026 19:47:20
7c00415d,7/10/2026,2026 7,4679,10,تم الطباعة,280091ea,صباحي 10-07-26,كاشير 1,e9ad5415,ابانوب ايليا,7/10/2026 20:12:19
7c6b6636,7/10/2026,2026 7,4680,5772,تم الطباعة,280091ea,صباحي 10-07-26,كاشير 1,e9ad5415,ابانوب ايليا,7/10/2026 20:51:34
7977ac31,7/10/2026,2026 7,4681,-1970,تم الطباعة,280091ea,صباحي 10-07-26,كاشير 1,e9ad5415,ابانوب ايليا,7/10/2026 20:52:26
eb0a5ff8,7/10/2026,2026 7,4682,10,تم الطباعة,727549c6,مسائي 10-07-26,كاشير 2,04b9d4de,طارق ماسبيرو,7/10/2026 20:53:45
f8a728be,7/10/2026,2026 7,4683,400,تم الطباعة,280091ea,صباحي 10-07-26,كاشير 1,e9ad5415,ابانوب ايليا,7/10/2026 20:55:23
6230d082,7/10/2026,2026 7,4684,11,تم الطباعة,280091ea,صباحي 10-07-26,كاشير 1,e9ad5415,ابانوب ايليا,7/10/2026 21:02:55
9090d871,7/10/2026,2026 7,4685,0,تم الطباعة,727549c6,مسائي 10-07-26,كاشير 2,04b9d4de,طارق ماسبيرو,7/10/2026 21:06:07
a03b5613,7/10/2026,2026 7,4686,50,تم الطباعة,727549c6,مسائي 10-07-26,كاشير 2,04b9d4de,طارق ماسبيرو,7/10/2026 21:18:05
566ff3a1,7/10/2026,2026 7,4687,35,تم الطباعة,727549c6,مسائي 10-07-26,كاشير 2,04b9d4de,طارق ماسبيرو,7/10/2026 21:23:02
ad7834a8,7/10/2026,2026 7,4688,-3960,تم الطباعة,280091ea,صباحي 10-07-26,كاشير 1,e9ad5415,ابانوب ايليا,7/10/2026 21:29:53
aa39af44,7/10/2026,2026 7,4689,4,تم الطباعة,280091ea,صباحي 10-07-26,كاشير 1,e9ad5415,ابانوب ايليا,7/10/2026 21:30:55
c3b8177b,7/10/2026,2026 7,4690,100,تم الطباعة,280091ea,صباحي 10-07-26,كاشير 1,e9ad5415,ابانوب ايليا,7/10/2026 21:47:39
cf362076,7/10/2026,2026 7,4691,1575,تم الطباعة,280091ea,صباحي 10-07-26,كاشير 1,e9ad5415,ابانوب ايليا,7/10/2026 21:52:47
c5006deb,7/10/2026,2026 7,4692,112,تم الطباعة,280091ea,صباحي 10-07-26,كاشير 1,e9ad5415,ابانوب ايليا,7/10/2026 21:54:34
2e13b595,7/10/2026,2026 7,4693,1010,تم الطباعة,727549c6,مسائي 10-07-26,كاشير 2,04b9d4de,طارق ماسبيرو,7/10/2026 21:55:45
3b443737,7/10/2026,2026 7,4694,15,تم الطباعة,280091ea,صباحي 10-07-26,كاشير 1,e9ad5415,ابانوب ايليا,7/10/2026 22:08:42
e0585a8a,7/10/2026,2026 7,4695,0,تم الطباعة,280091ea,صباحي 10-07-26,كاشير 1,e9ad5415,ابانوب ايليا,7/10/2026 22:11:32
2719bc91,7/10/2026,2026 7,4696,150,تم الطباعة,280091ea,صباحي 10-07-26,كاشير 1,e9ad5415,ابانوب ايليا,7/10/2026 22:18:43
643b0617,7/10/2026,2026 7,4697,100,تم الطباعة,727549c6,مسائي 10-07-26,كاشير 2,04b9d4de,طارق ماسبيرو,7/10/2026 22:30:58
b41a4e0d,7/10/2026,2026 7,4698,70,تم الطباعة,727549c6,مسائي 10-07-26,كاشير 2,04b9d4de,طارق ماسبيرو,7/10/2026 22:32:30
a287dd12,7/10/2026,2026 7,4699,38,تم الطباعة,280091ea,صباحي 10-07-26,كاشير 1,e9ad5415,ابانوب ايليا,7/10/2026 22:33:50
cc974c5d,7/10/2026,2026 7,4700,-600,تم الطباعة,280091ea,صباحي 10-07-26,كاشير 1,e9ad5415,ابانوب ايليا,7/10/2026 22:40:02
0b8e4ba8,7/10/2026,2026 7,4701,25,تم الطباعة,727549c6,مسائي 10-07-26,كاشير 2,04b9d4de,طارق ماسبيرو,7/10/2026 22:46:22
6fbc91ad,7/10/2026,2026 7,4702,50,تم الطباعة,727549c6,مسائي 10-07-26,كاشير 2,04b9d4de,طارق ماسبيرو,7/10/2026 22:46:44
ba20ee12,7/10/2026,2026 7,4703,1110,تم الطباعة,280091ea,صباحي 10-07-26,كاشير 1,e9ad5415,ابانوب ايليا,7/10/2026 22:52:20
6fcc4f55,7/10/2026,2026 7,4704,100,تم الطباعة,280091ea,صباحي 10-07-26,كاشير 1,e9ad5415,ابانوب ايليا,7/10/2026 22:54:27
c590e331,7/10/2026,2026 7,4705,92,تم الطباعة,280091ea,صباحي 10-07-26,كاشير 1,e9ad5415,ابانوب ايليا,7/10/2026 22:56:54
de07ba12,7/10/2026,2026 7,4705,308,تم الطباعة,727549c6,مسائي 10-07-26,كاشير 2,04b9d4de,طارق ماسبيرو,7/10/2026 22:57:13
bc05a928,7/10/2026,2026 7,4707,2810,تم الطباعة,4d5fb7ee,مسائي 10-07-26,كاشير 1,0154dfaa,أ/ احمد زرزور,7/10/2026 23:01:00
3cfa2736,7/10/2026,2026 7,4708,-275,تم الطباعة,4d5fb7ee,مسائي 10-07-26,كاشير 1,0154dfaa,أ/ احمد زرزور,7/10/2026 23:09:37
ebd0d2f7,7/10/2026,2026 7,4708,310,تم الطباعة,727549c6,مسائي 10-07-26,كاشير 2,04b9d4de,طارق ماسبيرو,7/10/2026 23:10:09
b7dcd371,7/10/2026,2026 7,4710,100,تم الطباعة,727549c6,مسائي 10-07-26,كاشير 2,04b9d4de,طارق ماسبيرو,7/10/2026 23:11:09
a3f7d769,7/10/2026,2026 7,4711,5,تم الطباعة,727549c6,مسائي 10-07-26,كاشير 2,04b9d4de,طارق ماسبيرو,7/10/2026 23:11:39
4196a1cb,7/10/2026,2026 7,4712,-245,تم الطباعة,4d5fb7ee,مسائي 10-07-26,كاشير 1,0154dfaa,أ/ احمد زرزور,7/10/2026 23:13:14
60252857,7/10/2026,2026 7,4713,-1920,تم الطباعة,4d5fb7ee,مسائي 10-07-26,كاشير 1,0154dfaa,أ/ احمد زرزور,7/10/2026 23:17:23
862e7b01,7/10/2026,2026 7,4714,15,تم الطباعة,727549c6,مسائي 10-07-26,كاشير 2,04b9d4de,طارق ماسبيرو,7/10/2026 23:18:31
406d2ce7,7/10/2026,2026 7,4715,-1000,تم الطباعة,4d5fb7ee,مسائي 10-07-26,كاشير 1,0154dfaa,أ/ احمد زرزور,7/10/2026 23:21:09
821bc8c1,7/10/2026,2026 7,4716,50,تم الطباعة,727549c6,مسائي 10-07-26,كاشير 2,04b9d4de,طارق ماسبيرو,7/10/2026 23:25:11
c42887de,7/10/2026,2026 7,4717,390,تم الطباعة,4d5fb7ee,مسائي 10-07-26,كاشير 1,0154dfaa,أ/ احمد زرزور,7/10/2026 23:29:59
124e704d,7/10/2026,2026 7,4718,3,تم الطباعة,727549c6,مسائي 10-07-26,كاشير 2,04b9d4de,طارق ماسبيرو,7/10/2026 23:30:58
777d0842,7/10/2026,2026 7,4718,-20,تم الطباعة,4d5fb7ee,مسائي 10-07-26,كاشير 1,0154dfaa,أ/ احمد زرزور,7/10/2026 23:31:05
bc73a8ec,7/10/2026,2026 7,4720,10,تم الطباعة,727549c6,مسائي 10-07-26,كاشير 2,04b9d4de,طارق ماسبيرو,7/10/2026 23:36:37
f42c9631,7/10/2026,2026 7,4721,-244,تم الطباعة,727549c6,مسائي 10-07-26,كاشير 2,04b9d4de,طارق ماسبيرو,7/10/2026 23:49:04
1c467e14,7/10/2026,2026 7,4722,6,تم الطباعة,727549c6,مسائي 10-07-26,كاشير 2,04b9d4de,طارق ماسبيرو,7/10/2026 23:53:58
b5ed7316,7/10/2026,2026 7,4723,3,تم الطباعة,727549c6,مسائي 10-07-26,كاشير 2,04b9d4de,طارق ماسبيرو,7/10/2026 23:54:22
d5309b68,7/10/2026,2026 7,4724,105,تم الطباعة,727549c6,مسائي 10-07-26,كاشير 2,04b9d4de,طارق ماسبيرو,7/10/2026 23:57:12
2fa74b8f,7/11/2026,2026 7,4725,-985,تم الطباعة,4d5fb7ee,مسائي 10-07-26,كاشير 1,0154dfaa,أ/ احمد زرزور,7/11/2026 0:03:45
340d166b,7/11/2026,2026 7,4726,30,تم الطباعة,4d5fb7ee,مسائي 10-07-26,كاشير 1,0154dfaa,أ/ احمد زرزور,7/11/2026 0:10:45
c6cfca1c,7/11/2026,2026 7,4727,80,تم الطباعة,4d5fb7ee,مسائي 10-07-26,كاشير 1,0154dfaa,أ/ احمد زرزور,7/11/2026 0:20:51
8350ab47,7/11/2026,2026 7,4728,425,تم الطباعة,4d5fb7ee,مسائي 10-07-26,كاشير 1,0154dfaa,أ/ احمد زرزور,7/11/2026 0:31:43
8194a35c,7/11/2026,2026 7,4729,50,تم الطباعة,4d5fb7ee,مسائي 10-07-26,كاشير 1,0154dfaa,أ/ احمد زرزور,7/11/2026 0:33:11
497b1316,7/11/2026,2026 7,4730,-350,تم الطباعة,4d5fb7ee,مسائي 10-07-26,كاشير 1,0154dfaa,أ/ احمد زرزور,7/11/2026 0:45:27
5ef41f6b,7/11/2026,2026 7,4731,-80,تم الطباعة,4d5fb7ee,مسائي 10-07-26,كاشير 1,0154dfaa,أ/ احمد زرزور,7/11/2026 0:51:25
6f833b69,7/11/2026,2026 7,4732,-985,تم الطباعة,4d5fb7ee,مسائي 10-07-26,كاشير 1,0154dfaa,أ/ احمد زرزور,7/11/2026 1:00:43
47d009f4,7/11/2026,2026 7,4733,4,تم الطباعة,4d5fb7ee,مسائي 10-07-26,كاشير 1,0154dfaa,أ/ احمد زرزور,7/11/2026 1:03:28
aea61e5e,7/11/2026,2026 7,4734,2,تم الطباعة,4d5fb7ee,مسائي 10-07-26,كاشير 1,0154dfaa,أ/ احمد زرزور,7/11/2026 1:16:45
b071b054,7/11/2026,2026 7,4735,0,تم الطباعة,4d5fb7ee,مسائي 10-07-26,كاشير 1,0154dfaa,أ/ احمد زرزور,7/11/2026 1:18:32
6381a0cb,7/11/2026,2026 7,4736,1185,تم الطباعة,4d5fb7ee,مسائي 10-07-26,كاشير 1,0154dfaa,أ/ احمد زرزور,7/11/2026 1:38:37
6ac5d092,7/11/2026,2026 7,4737,1400,تم الطباعة,4d5fb7ee,مسائي 10-07-26,كاشير 1,0154dfaa,أ/ احمد زرزور,7/11/2026 1:47:55
33f8bdb8,7/11/2026,2026 7,4738,100,تم الطباعة,4d5fb7ee,مسائي 10-07-26,كاشير 1,0154dfaa,أ/ احمد زرزور,7/11/2026 2:00:52
2cd84d35,7/11/2026,2026 7,4739,555,تم الطباعة,51734908,مسائي 11-07-26,كاشير 1,0154dfaa,أ/ احمد زرزور,7/11/2026 2:30:32
303e88ba,7/11/2026,2026 7,4740,30,تم الطباعة,83764580,مسائي 11-07-26,كاشير 1,0154dfaa,أ/ احمد زرزور,7/11/2026 3:27:37
0a2b1962,7/11/2026,2026 7,4741,20,تم الطباعة,6a216e83,صباحي 11-07-26,كاشير 1,36fa3ef0,ابراهيم هيما,7/11/2026 9:38:12
559d2dd8,7/11/2026,2026 7,4742,-1890,تم الطباعة,6a216e83,صباحي 11-07-26,كاشير 1,36fa3ef0,ابراهيم هيما,7/11/2026 10:22:55
4ea7747d,7/11/2026,2026 7,4743,-3890,تم الطباعة,6a216e83,صباحي 11-07-26,كاشير 1,36fa3ef0,ابراهيم هيما,7/11/2026 10:25:52
197f6aec,7/11/2026,2026 7,4744,1600,تم الطباعة,6a216e83,صباحي 11-07-26,كاشير 1,36fa3ef0,ابراهيم هيما,7/11/2026 10:26:06
50075ace,7/11/2026,2026 7,4745,2000,تم الطباعة,6a216e83,صباحي 11-07-26,كاشير 1,36fa3ef0,ابراهيم هيما,7/11/2026 10:59:29
8d03bee0,7/11/2026,2026 7,4746,200,تم الطباعة,6a216e83,صباحي 11-07-26,كاشير 1,36fa3ef0,ابراهيم هيما,7/11/2026 10:59:59
38d1352b,7/11/2026,2026 7,4747,2476,تم الطباعة,6a216e83,صباحي 11-07-26,كاشير 1,36fa3ef0,ابراهيم هيما,7/11/2026 11:51:46
3ce47329,7/11/2026,2026 7,4748,12,تم الطباعة,6a216e83,صباحي 11-07-26,كاشير 1,36fa3ef0,ابراهيم هيما,7/11/2026 12:06:49
705f475b,7/11/2026,2026 7,4749,10,تم الطباعة,6a216e83,صباحي 11-07-26,كاشير 1,36fa3ef0,ابراهيم هيما,7/11/2026 12:10:43
084dbdb8,7/11/2026,2026 7,4750,520,تم الطباعة,6a216e83,صباحي 11-07-26,كاشير 1,36fa3ef0,ابراهيم هيما,7/11/2026 12:34:24
29664c75,7/11/2026,2026 7,4751,5,تم الطباعة,af4320c7,صباحي 11-07-26,كاشير 2,e9ad5415,ابانوب ايليا,7/11/2026 12:37:01
a878e96e,7/11/2026,2026 7,4752,25,تم الطباعة,6a216e83,صباحي 11-07-26,كاشير 1,36fa3ef0,ابراهيم هيما,7/11/2026 12:42:46
0ed42e4c,7/11/2026,2026 7,4753,5,تم الطباعة,6a216e83,صباحي 11-07-26,كاشير 1,36fa3ef0,ابراهيم هيما,7/11/2026 12:48:09
f536b1f4,7/11/2026,2026 7,4754,510,تم الطباعة,6a216e83,صباحي 11-07-26,كاشير 1,36fa3ef0,ابراهيم هيما,7/11/2026 13:00:57
dca9745f,7/11/2026,2026 7,4755,20,تم الطباعة,6a216e83,صباحي 11-07-26,كاشير 1,36fa3ef0,ابراهيم هيما,7/11/2026 13:09:01
e9a079d4,7/11/2026,2026 7,4756,705,تم الطباعة,6a216e83,صباحي 11-07-26,كاشير 1,36fa3ef0,ابراهيم هيما,7/11/2026 13:09:48
94885dde,7/11/2026,2026 7,4757,-5910,تم الطباعة,6a216e83,صباحي 11-07-26,كاشير 1,36fa3ef0,ابراهيم هيما,7/11/2026 13:24:46
856ee842,7/11/2026,2026 7,4758,2000,تم الطباعة,6a216e83,صباحي 11-07-26,كاشير 1,36fa3ef0,ابراهيم هيما,7/11/2026 13:30:11
fece6ac8,7/11/2026,2026 7,4759,80,تم الطباعة,6a216e83,صباحي 11-07-26,كاشير 1,36fa3ef0,ابراهيم هيما,7/11/2026 14:12:12
547b88ed,7/11/2026,2026 7,4760,5,تم الطباعة,6a216e83,صباحي 11-07-26,كاشير 1,36fa3ef0,ابراهيم هيما,7/11/2026 14:17:08
a8edc572,7/11/2026,2026 7,4761,10,تم الطباعة,6a216e83,صباحي 11-07-26,كاشير 1,36fa3ef0,ابراهيم هيما,7/11/2026 14:24:10
7d5f510f,7/11/2026,2026 7,4762,10,تم الطباعة,af4320c7,صباحي 11-07-26,كاشير 2,e9ad5415,ابانوب ايليا,7/11/2026 14:40:40
78042d55,7/11/2026,2026 7,4763,15,تم الطباعة,af4320c7,صباحي 11-07-26,كاشير 2,e9ad5415,ابانوب ايليا,7/11/2026 14:55:08
2ffbd2d0,7/11/2026,2026 7,4764,-700,تم الطباعة,6a216e83,صباحي 11-07-26,كاشير 1,36fa3ef0,ابراهيم هيما,7/11/2026 15:15:49
ecdd9de4,7/11/2026,2026 7,4765,23,تم الطباعة,6a216e83,صباحي 11-07-26,كاشير 1,36fa3ef0,ابراهيم هيما,7/11/2026 15:16:13
03fdeb59,7/11/2026,2026 7,4766,5,تم الطباعة,6a216e83,صباحي 11-07-26,كاشير 1,36fa3ef0,ابراهيم هيما,7/11/2026 15:19:05
3e14d76b,7/11/2026,2026 7,4767,710,تم الطباعة,6a216e83,صباحي 11-07-26,كاشير 1,36fa3ef0,ابراهيم هيما,7/11/2026 15:47:36
5bfd711f,7/11/2026,2026 7,4768,-6600,تم الطباعة,6a216e83,صباحي 11-07-26,كاشير 1,36fa3ef0,ابراهيم هيما,7/11/2026 15:50:35
19ce231a,7/11/2026,2026 7,4769,22,تم الطباعة,6a216e83,صباحي 11-07-26,كاشير 1,36fa3ef0,ابراهيم هيما,7/11/2026 15:53:21
97b0bc47,7/11/2026,2026 7,4770,200,تم الطباعة,6a216e83,صباحي 11-07-26,كاشير 1,36fa3ef0,ابراهيم هيما,7/11/2026 15:55:57
a39854a3,7/11/2026,2026 7,4771,9,تم الطباعة,6a216e83,صباحي 11-07-26,كاشير 1,36fa3ef0,ابراهيم هيما,7/11/2026 15:58:38
3ee5194d,7/11/2026,2026 7,4772,810,تم الطباعة,047c1c8c,مسائي 11-07-26,كاشير 1,f7f8d8a0,محمد عبدالتواب,7/11/2026 16:19:11
26228fc8,7/11/2026,2026 7,4773,-25,تم الطباعة,047c1c8c,مسائي 11-07-26,كاشير 1,f7f8d8a0,محمد عبدالتواب,7/11/2026 16:41:27
d7d8198f,7/11/2026,2026 7,4774,220,تم الطباعة,047c1c8c,مسائي 11-07-26,كاشير 1,f7f8d8a0,محمد عبدالتواب,7/11/2026 16:45:49
37dda969,7/11/2026,2026 7,4775,700,تم الطباعة,047c1c8c,مسائي 11-07-26,كاشير 1,f7f8d8a0,محمد عبدالتواب,7/11/2026 17:10:47
c22277de,7/11/2026,2026 7,4776,100,تم الطباعة,047c1c8c,مسائي 11-07-26,كاشير 1,f7f8d8a0,محمد عبدالتواب,7/11/2026 17:11:22
e11c8348,7/11/2026,2026 7,4777,3,تم الطباعة,047c1c8c,مسائي 11-07-26,كاشير 1,f7f8d8a0,محمد عبدالتواب,7/11/2026 17:23:40
d2da0385,7/11/2026,2026 7,4778,20,تم الطباعة,af4320c7,صباحي 11-07-26,كاشير 2,e9ad5415,ابانوب ايليا,7/11/2026 17:40:36
66caffd5,7/11/2026,2026 7,4778,-985,تم الطباعة,047c1c8c,مسائي 11-07-26,كاشير 1,f7f8d8a0,محمد عبدالتواب,7/11/2026 17:38:43
a8459000,7/11/2026,2026 7,4779,40,تم الطباعة,047c1c8c,مسائي 11-07-26,كاشير 1,f7f8d8a0,محمد عبدالتواب,7/11/2026 17:40:07
648569da,7/11/2026,2026 7,4780,505,تم الطباعة,047c1c8c,مسائي 11-07-26,كاشير 1,f7f8d8a0,محمد عبدالتواب,7/11/2026 17:40:21
19b0763a,7/11/2026,2026 7,4782,5050,تم الطباعة,047c1c8c,مسائي 11-07-26,كاشير 1,f7f8d8a0,محمد عبدالتواب,7/11/2026 17:47:14
b5c96912,7/11/2026,2026 7,4783,10,تم الطباعة,903f8070,مسائي 11-07-26,كاشير 2,04b9d4de,طارق ماسبيرو,7/11/2026 17:49:54
7664b615,7/11/2026,2026 7,4784,400,تم الطباعة,047c1c8c,مسائي 11-07-26,كاشير 1,f7f8d8a0,محمد عبدالتواب,7/11/2026 17:51:24
0fbc8103,7/11/2026,2026 7,4785,800,تم الطباعة,047c1c8c,مسائي 11-07-26,كاشير 1,f7f8d8a0,محمد عبدالتواب,7/11/2026 17:54:05
3d5d8735,7/11/2026,2026 7,4786,30,تم الطباعة,047c1c8c,مسائي 11-07-26,كاشير 1,f7f8d8a0,محمد عبدالتواب,7/11/2026 17:55:05
d531d4bf,7/11/2026,2026 7,4787,-25,تم الطباعة,047c1c8c,مسائي 11-07-26,كاشير 1,f7f8d8a0,محمد عبدالتواب,7/11/2026 17:55:18
4b3cd264,7/11/2026,2026 7,4788,-400,تم الطباعة,047c1c8c,مسائي 11-07-26,كاشير 1,f7f8d8a0,محمد عبدالتواب,7/11/2026 18:08:02
cfce1b8f,7/11/2026,2026 7,4789,10,تم الطباعة,903f8070,مسائي 11-07-26,كاشير 2,04b9d4de,طارق ماسبيرو,7/11/2026 18:16:53
1ed336f4,7/11/2026,2026 7,4790,10,تم الطباعة,047c1c8c,مسائي 11-07-26,كاشير 1,f7f8d8a0,محمد عبدالتواب,7/11/2026 18:20:57
f77f7833,7/11/2026,2026 7,4791,100,تم الطباعة,903f8070,مسائي 11-07-26,كاشير 2,04b9d4de,طارق ماسبيرو,7/11/2026 18:23:04
2774b8cd,7/11/2026,2026 7,4792,-1500,تم الطباعة,047c1c8c,مسائي 11-07-26,كاشير 1,f7f8d8a0,محمد عبدالتواب,7/11/2026 18:35:46
54c2415d,7/11/2026,2026 7,4793,-200,تم الطباعة,047c1c8c,مسائي 11-07-26,كاشير 1,f7f8d8a0,محمد عبدالتواب,7/11/2026 19:05:44
fb7107e7,7/11/2026,2026 7,4794,140,تم الطباعة,047c1c8c,مسائي 11-07-26,كاشير 1,f7f8d8a0,محمد عبدالتواب,7/11/2026 19:07:11
61f7d866,7/11/2026,2026 7,4795,5,تم الطباعة,047c1c8c,مسائي 11-07-26,كاشير 1,f7f8d8a0,محمد عبدالتواب,7/11/2026 19:08:28
19e00fb2,7/11/2026,2026 7,4796,6565,تم الطباعة,047c1c8c,مسائي 11-07-26,كاشير 1,f7f8d8a0,محمد عبدالتواب,7/11/2026 19:11:38
54b09291,7/11/2026,2026 7,4797,-345,تم الطباعة,047c1c8c,مسائي 11-07-26,كاشير 1,f7f8d8a0,محمد عبدالتواب,7/11/2026 19:14:33
947e3ea3,7/11/2026,2026 7,4798,23,تم الطباعة,047c1c8c,مسائي 11-07-26,كاشير 1,f7f8d8a0,محمد عبدالتواب,7/11/2026 19:20:26
65f56312,7/11/2026,2026 7,4799,5,تم الطباعة,047c1c8c,مسائي 11-07-26,كاشير 1,f7f8d8a0,محمد عبدالتواب,7/11/2026 19:30:32
a09e6278,7/11/2026,2026 7,4800,515,تم الطباعة,047c1c8c,مسائي 11-07-26,كاشير 1,f7f8d8a0,محمد عبدالتواب,7/11/2026 19:31:15
9ffa0cdb,7/11/2026,2026 7,4801,5,تم الطباعة,903f8070,مسائي 11-07-26,كاشير 2,04b9d4de,طارق ماسبيرو,7/11/2026 20:02:29
4416d059,7/11/2026,2026 7,4802,5,تم الطباعة,047c1c8c,مسائي 11-07-26,كاشير 1,f7f8d8a0,محمد عبدالتواب,7/11/2026 20:04:04
e11de64f,7/11/2026,2026 7,4803,2,تم الطباعة,903f8070,مسائي 11-07-26,كاشير 2,04b9d4de,طارق ماسبيرو,7/11/2026 20:05:00
b75c888d,7/11/2026,2026 7,4804,2,تم الطباعة,047c1c8c,مسائي 11-07-26,كاشير 1,f7f8d8a0,محمد عبدالتواب,7/11/2026 20:07:28
2677716c,7/11/2026,2026 7,4805,4,تم الطباعة,047c1c8c,مسائي 11-07-26,كاشير 1,f7f8d8a0,محمد عبدالتواب,7/11/2026 20:07:49
bd63bd68,7/11/2026,2026 7,4806,25,تم الطباعة,903f8070,مسائي 11-07-26,كاشير 2,04b9d4de,طارق ماسبيرو,7/11/2026 20:17:02
d1ff60ac,7/11/2026,2026 7,4807,575,تم الطباعة,903f8070,مسائي 11-07-26,كاشير 2,04b9d4de,طارق ماسبيرو,7/11/2026 20:26:23
e6e85b95,7/11/2026,2026 7,4808,-575,تم الطباعة,903f8070,مسائي 11-07-26,كاشير 2,04b9d4de,طارق ماسبيرو,7/11/2026 20:28:36
7e242cde,7/11/2026,2026 7,4809,-500,تم الطباعة,047c1c8c,مسائي 11-07-26,كاشير 1,f7f8d8a0,محمد عبدالتواب,7/11/2026 20:30:11
822c34a7,7/11/2026,2026 7,4810,510,تم الطباعة,903f8070,مسائي 11-07-26,كاشير 2,04b9d4de,طارق ماسبيرو,7/11/2026 20:36:26
62c5c2ca,7/11/2026,2026 7,4811,5,تم الطباعة,047c1c8c,مسائي 11-07-26,كاشير 1,f7f8d8a0,محمد عبدالتواب,7/11/2026 20:38:48
4788dfd3,7/11/2026,2026 7,4812,55,تم الطباعة,903f8070,مسائي 11-07-26,كاشير 2,04b9d4de,طارق ماسبيرو,7/11/2026 20:42:23
23f1cffc,7/11/2026,2026 7,4813,405,تم الطباعة,047c1c8c,مسائي 11-07-26,كاشير 1,f7f8d8a0,محمد عبدالتواب,7/11/2026 20:45:59
0d0024c4,7/11/2026,2026 7,4814,5,تم الطباعة,903f8070,مسائي 11-07-26,كاشير 2,04b9d4de,طارق ماسبيرو,7/11/2026 20:47:22
b8c86bef,7/11/2026,2026 7,4815,5,تم الطباعة,903f8070,مسائي 11-07-26,كاشير 2,04b9d4de,طارق ماسبيرو,7/11/2026 20:47:53
55ce2503,7/11/2026,2026 7,4816,14,تم الطباعة,047c1c8c,مسائي 11-07-26,كاشير 1,f7f8d8a0,محمد عبدالتواب,7/11/2026 20:52:40
bdf53ac4,7/11/2026,2026 7,4817,-195,تم الطباعة,047c1c8c,مسائي 11-07-26,كاشير 1,f7f8d8a0,محمد عبدالتواب,7/11/2026 20:54:17
9da37e48,7/11/2026,2026 7,4818,200,تم الطباعة,047c1c8c,مسائي 11-07-26,كاشير 1,f7f8d8a0,محمد عبدالتواب,7/11/2026 20:55:38
63c7d6ca,7/11/2026,2026 7,4819,5,تم الطباعة,903f8070,مسائي 11-07-26,كاشير 2,04b9d4de,طارق ماسبيرو,7/11/2026 21:02:27
9409156f,7/11/2026,2026 7,4820,5,تم الطباعة,903f8070,مسائي 11-07-26,كاشير 2,04b9d4de,طارق ماسبيرو,7/11/2026 21:06:50
be29fd8e,7/11/2026,2026 7,4821,30,تم الطباعة,903f8070,مسائي 11-07-26,كاشير 2,04b9d4de,طارق ماسبيرو,7/11/2026 21:12:13
82d7bd5f,7/11/2026,2026 7,4822,4,تم الطباعة,047c1c8c,مسائي 11-07-26,كاشير 1,f7f8d8a0,محمد عبدالتواب,7/11/2026 21:40:33
faa0594e,7/11/2026,2026 7,4823,140,تم الطباعة,047c1c8c,مسائي 11-07-26,كاشير 1,f7f8d8a0,محمد عبدالتواب,7/11/2026 21:41:43
3741c9b0,7/11/2026,2026 7,4824,100,تم الطباعة,903f8070,مسائي 11-07-26,كاشير 2,04b9d4de,طارق ماسبيرو,7/11/2026 21:44:58
574fc4f8,7/11/2026,2026 7,4825,30,تم الطباعة,047c1c8c,مسائي 11-07-26,كاشير 1,f7f8d8a0,محمد عبدالتواب,7/11/2026 21:49:46
8863c73e,7/11/2026,2026 7,4826,40,تم الطباعة,047c1c8c,مسائي 11-07-26,كاشير 1,f7f8d8a0,محمد عبدالتواب,7/11/2026 21:53:37
d3ed91e3,7/11/2026,2026 7,4827,50,تم الطباعة,047c1c8c,مسائي 11-07-26,كاشير 1,f7f8d8a0,محمد عبدالتواب,7/11/2026 21:57:21
11c86c16,7/11/2026,2026 7,4828,25,تم الطباعة,047c1c8c,مسائي 11-07-26,كاشير 1,f7f8d8a0,محمد عبدالتواب,7/11/2026 22:05:59
86152732,7/11/2026,2026 7,4829,10,تم الطباعة,047c1c8c,مسائي 11-07-26,كاشير 1,f7f8d8a0,محمد عبدالتواب,7/11/2026 22:07:18
e4b738f9,7/11/2026,2026 7,4830,5,تم الطباعة,903f8070,مسائي 11-07-26,كاشير 2,04b9d4de,طارق ماسبيرو,7/11/2026 22:16:13
47ae4f87,7/11/2026,2026 7,4831,2,تم الطباعة,903f8070,مسائي 11-07-26,كاشير 2,04b9d4de,طارق ماسبيرو,7/11/2026 22:20:46
b1a0f055,7/11/2026,2026 7,4832,-590,تم الطباعة,047c1c8c,مسائي 11-07-26,كاشير 1,f7f8d8a0,محمد عبدالتواب,7/11/2026 22:24:13
9f8cbca1,7/11/2026,2026 7,4833,10,تم الطباعة,047c1c8c,مسائي 11-07-26,كاشير 1,f7f8d8a0,محمد عبدالتواب,7/11/2026 22:26:23
49559ac9,7/11/2026,2026 7,4834,1010,تم الطباعة,047c1c8c,مسائي 11-07-26,كاشير 1,f7f8d8a0,محمد عبدالتواب,7/11/2026 22:37:28
a669b636,7/11/2026,2026 7,4835,65,تم الطباعة,047c1c8c,مسائي 11-07-26,كاشير 1,f7f8d8a0,محمد عبدالتواب,7/11/2026 22:38:36
b2f8028d,7/11/2026,2026 7,4836,10120,تم الطباعة,047c1c8c,مسائي 11-07-26,كاشير 1,f7f8d8a0,محمد عبدالتواب,7/11/2026 22:41:15
5eb6746b,7/11/2026,2026 7,4837,-985,تم الطباعة,047c1c8c,مسائي 11-07-26,كاشير 1,f7f8d8a0,محمد عبدالتواب,7/11/2026 22:44:15
7f532d47,7/11/2026,2026 7,4838,305,تم الطباعة,047c1c8c,مسائي 11-07-26,كاشير 1,f7f8d8a0,محمد عبدالتواب,7/11/2026 22:44:31
efd5b54f,7/11/2026,2026 7,4839,10072,تم الطباعة,047c1c8c,مسائي 11-07-26,كاشير 1,f7f8d8a0,محمد عبدالتواب,7/11/2026 22:48:23
0771f9f1,7/11/2026,2026 7,4840,-195,تم الطباعة,047c1c8c,مسائي 11-07-26,كاشير 1,f7f8d8a0,محمد عبدالتواب,7/11/2026 22:50:44
9bcb7c1f,7/11/2026,2026 7,4841,45,تم الطباعة,903f8070,مسائي 11-07-26,كاشير 2,04b9d4de,طارق ماسبيرو,7/11/2026 22:58:02
b64924a9,7/11/2026,2026 7,4842,30,تم الطباعة,047c1c8c,مسائي 11-07-26,كاشير 1,f7f8d8a0,محمد عبدالتواب,7/11/2026 23:03:56
699d4924,7/11/2026,2026 7,4843,30,تم الطباعة,047c1c8c,مسائي 11-07-26,كاشير 1,f7f8d8a0,محمد عبدالتواب,7/11/2026 23:06:01
dcf768ab,7/11/2026,2026 7,4844,2420,تم الطباعة,047c1c8c,مسائي 11-07-26,كاشير 1,f7f8d8a0,محمد عبدالتواب,7/11/2026 23:12:00
a6296bf0,7/11/2026,2026 7,4845,-975,تم الطباعة,047c1c8c,مسائي 11-07-26,كاشير 1,f7f8d8a0,محمد عبدالتواب,7/11/2026 23:23:40
ff06691e,7/11/2026,2026 7,4846,5,تم الطباعة,903f8070,مسائي 11-07-26,كاشير 2,04b9d4de,طارق ماسبيرو,7/11/2026 23:24:41
bf8e00a4,7/11/2026,2026 7,4847,100,تم الطباعة,903f8070,مسائي 11-07-26,كاشير 2,04b9d4de,طارق ماسبيرو,7/11/2026 23:25:22
8320ab11,7/11/2026,2026 7,4848,-985,تم الطباعة,047c1c8c,مسائي 11-07-26,كاشير 1,f7f8d8a0,محمد عبدالتواب,7/11/2026 23:37:15
f64836b0,7/11/2026,2026 7,4849,30,تم الطباعة,903f8070,مسائي 11-07-26,كاشير 2,04b9d4de,طارق ماسبيرو,7/11/2026 23:41:50
585457c5,7/11/2026,2026 7,4850,0,تم الطباعة,047c1c8c,مسائي 11-07-26,كاشير 1,f7f8d8a0,محمد عبدالتواب,7/11/2026 23:43:00
812b98e5,7/11/2026,2026 7,4851,30,تم الطباعة,047c1c8c,مسائي 11-07-26,كاشير 1,f7f8d8a0,محمد عبدالتواب,7/11/2026 23:44:18
d899c021,7/11/2026,2026 7,4851,10,تم الطباعة,903f8070,مسائي 11-07-26,كاشير 2,04b9d4de,طارق ماسبيرو,7/11/2026 23:44:31
f018c62a,7/11/2026,2026 7,4852,-490,تم الطباعة,047c1c8c,مسائي 11-07-26,كاشير 1,f7f8d8a0,محمد عبدالتواب,7/11/2026 23:47:58
0ad723e2,7/11/2026,2026 7,4854,10,تم الطباعة,047c1c8c,مسائي 11-07-26,كاشير 1,f7f8d8a0,محمد عبدالتواب,7/11/2026 23:50:38
728f1950,7/11/2026,2026 7,4855,31,تم الطباعة,903f8070,مسائي 11-07-26,كاشير 2,04b9d4de,طارق ماسبيرو,7/11/2026 23:52:34
7642f4f1,7/11/2026,2026 7,4856,11,تم الطباعة,047c1c8c,مسائي 11-07-26,كاشير 1,f7f8d8a0,محمد عبدالتواب,7/11/2026 23:53:25
d0ce2672,7/11/2026,2026 7,4857,250,تم الطباعة,047c1c8c,مسائي 11-07-26,كاشير 1,f7f8d8a0,محمد عبدالتواب,7/11/2026 23:55:16
24470040,7/11/2026,2026 7,4858,0,تم الطباعة,047c1c8c,مسائي 11-07-26,كاشير 1,f7f8d8a0,محمد عبدالتواب,7/11/2026 23:56:35
860bea31,7/12/2026,2026 7,4859,25,تم الطباعة,b23530bf,صباحي 12-07-26,كاشير 1,36fa3ef0,ابراهيم هيما,7/12/2026 8:42:18
f64a72c4,7/12/2026,2026 7,4860,2,تم الطباعة,b23530bf,صباحي 12-07-26,كاشير 1,36fa3ef0,ابراهيم هيما,7/12/2026 9:10:12
c42f7153,7/12/2026,2026 7,4861,66,تم الطباعة,b23530bf,صباحي 12-07-26,كاشير 1,36fa3ef0,ابراهيم هيما,7/12/2026 9:16:52
3533a4cd,7/12/2026,2026 7,4862,2,تم الطباعة,b23530bf,صباحي 12-07-26,كاشير 1,36fa3ef0,ابراهيم هيما,7/12/2026 9:18:28
f530c294,7/12/2026,2026 7,4863,155,تم الطباعة,b23530bf,صباحي 12-07-26,كاشير 1,36fa3ef0,ابراهيم هيما,7/12/2026 9:19:34
af2d1ee2,7/12/2026,2026 7,4864,190,تم الطباعة,b23530bf,صباحي 12-07-26,كاشير 1,36fa3ef0,ابراهيم هيما,7/12/2026 9:24:14
e64f39de,7/12/2026,2026 7,4865,70,تم الطباعة,b23530bf,صباحي 12-07-26,كاشير 1,36fa3ef0,ابراهيم هيما,7/12/2026 9:29:10
7aa20724,7/12/2026,2026 7,4866,2,تم الطباعة,b23530bf,صباحي 12-07-26,كاشير 1,36fa3ef0,ابراهيم هيما,7/12/2026 9:33:24
d2b7801d,7/12/2026,2026 7,4867,5,تم الطباعة,b23530bf,صباحي 12-07-26,كاشير 1,36fa3ef0,ابراهيم هيما,7/12/2026 9:35:42
bfd96fe0,7/12/2026,2026 7,4868,15,تم الطباعة,b23530bf,صباحي 12-07-26,كاشير 1,36fa3ef0,ابراهيم هيما,7/12/2026 9:41:26
104a4d82,7/12/2026,2026 7,4869,10,تم الطباعة,b23530bf,صباحي 12-07-26,كاشير 1,36fa3ef0,ابراهيم هيما,7/12/2026 9:56:09
3de1f6f7,7/12/2026,2026 7,4870,3,تم الطباعة,b23530bf,صباحي 12-07-26,كاشير 1,36fa3ef0,ابراهيم هيما,7/12/2026 10:31:56
cfb4db8c,7/12/2026,2026 7,4871,5,تم الطباعة,b23530bf,صباحي 12-07-26,كاشير 1,36fa3ef0,ابراهيم هيما,7/12/2026 10:35:06
299be882,7/12/2026,2026 7,4872,10,تم الطباعة,b23530bf,صباحي 12-07-26,كاشير 1,36fa3ef0,ابراهيم هيما,7/12/2026 10:38:19
f9edfb14,7/12/2026,2026 7,4873,15,تم الطباعة,b23530bf,صباحي 12-07-26,كاشير 1,36fa3ef0,ابراهيم هيما,7/12/2026 10:46:11
5b746fe0,7/12/2026,2026 7,4874,1500,تم الطباعة,b23530bf,صباحي 12-07-26,كاشير 1,36fa3ef0,ابراهيم هيما,7/12/2026 10:59:32
f01314c3,7/12/2026,2026 7,4875,5,تم الطباعة,b23530bf,صباحي 12-07-26,كاشير 1,36fa3ef0,ابراهيم هيما,7/12/2026 11:01:05
cee33897,7/12/2026,2026 7,4876,210,تم الطباعة,b23530bf,صباحي 12-07-26,كاشير 1,36fa3ef0,ابراهيم هيما,7/12/2026 11:03:40
97bd56f5,7/12/2026,2026 7,4877,3,تم الطباعة,b23530bf,صباحي 12-07-26,كاشير 1,36fa3ef0,ابراهيم هيما,7/12/2026 11:25:19
22f1fa2f,7/12/2026,2026 7,4878,10,تم الطباعة,b23530bf,صباحي 12-07-26,كاشير 1,36fa3ef0,ابراهيم هيما,7/12/2026 11:26:23
0bcc50ea,7/12/2026,2026 7,4879,10,تم الطباعة,b23530bf,صباحي 12-07-26,كاشير 1,36fa3ef0,ابراهيم هيما,7/12/2026 11:29:31
5ece6a6c,7/12/2026,2026 7,4880,-619,تم الطباعة,b23530bf,صباحي 12-07-26,كاشير 1,36fa3ef0,ابراهيم هيما,7/12/2026 11:30:11
80992b57,7/12/2026,2026 7,4881,25,تم الطباعة,b23530bf,صباحي 12-07-26,كاشير 1,36fa3ef0,ابراهيم هيما,7/12/2026 11:41:50
fa387fd1,7/12/2026,2026 7,4882,1000,تم الطباعة,b23530bf,صباحي 12-07-26,كاشير 1,36fa3ef0,ابراهيم هيما,7/12/2026 11:43:59
6fdd479d,7/12/2026,2026 7,4883,-2660,تم الطباعة,b23530bf,صباحي 12-07-26,كاشير 1,36fa3ef0,ابراهيم هيما,7/12/2026 12:01:51
ab6935a7,7/12/2026,2026 7,4884,25,تم الطباعة,b23530bf,صباحي 12-07-26,كاشير 1,36fa3ef0,ابراهيم هيما,7/12/2026 12:03:21
0d209723,7/12/2026,2026 7,4885,15,تم الطباعة,b23530bf,صباحي 12-07-26,كاشير 1,36fa3ef0,ابراهيم هيما,7/12/2026 12:19:01
cec9aa2f,7/12/2026,2026 7,4886,200,تم الطباعة,b23530bf,صباحي 12-07-26,كاشير 1,36fa3ef0,ابراهيم هيما,7/12/2026 12:31:14
fc65a203,7/12/2026,2026 7,4887,3,تم الطباعة,b23530bf,صباحي 12-07-26,كاشير 1,36fa3ef0,ابراهيم هيما,7/12/2026 12:38:02
80ca2daa,7/12/2026,2026 7,4888,336,تم الطباعة,b23530bf,صباحي 12-07-26,كاشير 1,36fa3ef0,ابراهيم هيما,7/12/2026 13:22:29
7786a2e4,7/12/2026,2026 7,4889,-350,تم الطباعة,b23530bf,صباحي 12-07-26,كاشير 1,36fa3ef0,ابراهيم هيما,7/12/2026 13:46:02
83fae1fe,7/12/2026,2026 7,4890,-1000,تم الطباعة,b23530bf,صباحي 12-07-26,كاشير 1,36fa3ef0,ابراهيم هيما,7/12/2026 13:49:47
a3841889,7/12/2026,2026 7,4891,305,تم الطباعة,b23530bf,صباحي 12-07-26,كاشير 1,36fa3ef0,ابراهيم هيما,7/12/2026 14:01:08
142b7d50,7/12/2026,2026 7,4892,4805,تم الطباعة,b23530bf,صباحي 12-07-26,كاشير 1,36fa3ef0,ابراهيم هيما,7/12/2026 14:08:17
fd4076e8,7/12/2026,2026 7,4893,105,تم الطباعة,b23530bf,صباحي 12-07-26,كاشير 1,36fa3ef0,ابراهيم هيما,7/12/2026 14:13:03
6ce12348,7/12/2026,2026 7,4894,80,تم الطباعة,b23530bf,صباحي 12-07-26,كاشير 1,36fa3ef0,ابراهيم هيما,7/12/2026 14:27:27
2c930cde,7/12/2026,2026 7,4895,1520,تم الطباعة,b23530bf,صباحي 12-07-26,كاشير 1,36fa3ef0,ابراهيم هيما,7/12/2026 14:28:04
2d23ee0c,7/12/2026,2026 7,4896,5,تم الطباعة,b23530bf,صباحي 12-07-26,كاشير 1,36fa3ef0,ابراهيم هيما,7/12/2026 14:34:06
c9062a65,7/12/2026,2026 7,4897,2,تم الطباعة,b23530bf,صباحي 12-07-26,كاشير 1,36fa3ef0,ابراهيم هيما,7/12/2026 14:35:49
82f73c1d,7/12/2026,2026 7,4898,-195,تم الطباعة,b23530bf,صباحي 12-07-26,كاشير 1,36fa3ef0,ابراهيم هيما,7/12/2026 14:40:54
69d7a305,7/12/2026,2026 7,4899,505,تم الطباعة,b23530bf,صباحي 12-07-26,كاشير 1,36fa3ef0,ابراهيم هيما,7/12/2026 14:50:51
d4244907,7/12/2026,2026 7,4900,4,تم الطباعة,b23530bf,صباحي 12-07-26,كاشير 1,36fa3ef0,ابراهيم هيما,7/12/2026 14:59:57
71d77823,7/12/2026,2026 7,4901,-1625,تم الطباعة,b23530bf,صباحي 12-07-26,كاشير 1,36fa3ef0,ابراهيم هيما,7/12/2026 15:04:04
48b1e233,7/12/2026,2026 7,4902,30,تم الطباعة,b23530bf,صباحي 12-07-26,كاشير 1,36fa3ef0,ابراهيم هيما,7/12/2026 15:27:49
bc0045be,7/12/2026,2026 7,4903,15,تم الطباعة,b23530bf,صباحي 12-07-26,كاشير 1,36fa3ef0,ابراهيم هيما,7/12/2026 15:47:45
bdcb0991,7/12/2026,2026 7,4904,300,تم الطباعة,b23530bf,صباحي 12-07-26,كاشير 1,36fa3ef0,ابراهيم هيما,7/12/2026 15:48:17
5fe2397d,7/12/2026,2026 7,4905,500,تم الطباعة,b23530bf,صباحي 12-07-26,كاشير 1,36fa3ef0,ابراهيم هيما,7/12/2026 15:49:47
0b772519,7/12/2026,2026 7,4906,-1870,تم الطباعة,b23530bf,صباحي 12-07-26,كاشير 1,36fa3ef0,ابراهيم هيما,7/12/2026 16:25:44
9e3b910c,7/12/2026,2026 7,4907,-990,تم الطباعة,b23530bf,صباحي 12-07-26,كاشير 1,36fa3ef0,ابراهيم هيما,7/12/2026 16:28:32
d455403a,7/12/2026,2026 7,4908,-1870,تم الطباعة,b23530bf,صباحي 12-07-26,كاشير 1,36fa3ef0,ابراهيم هيما,7/12/2026 16:57:20
7a4efe83,7/12/2026,2026 7,4909,6,تم الطباعة,b23530bf,صباحي 12-07-26,كاشير 1,36fa3ef0,ابراهيم هيما,7/12/2026 16:58:04
31bb1391,7/12/2026,2026 7,4910,25,تم الطباعة,b23530bf,صباحي 12-07-26,كاشير 1,36fa3ef0,ابراهيم هيما,7/12/2026 17:04:08
f8f6e512,7/12/2026,2026 7,4911,30,تم الطباعة,b23530bf,صباحي 12-07-26,كاشير 1,36fa3ef0,ابراهيم هيما,7/12/2026 17:10:38
2eb67043,7/12/2026,2026 7,4912,10,تم الطباعة,b23530bf,صباحي 12-07-26,كاشير 1,36fa3ef0,ابراهيم هيما,7/12/2026 17:20:22
4297e3bc,7/12/2026,2026 7,4913,15,تم الطباعة,b23530bf,صباحي 12-07-26,كاشير 1,36fa3ef0,ابراهيم هيما,7/12/2026 17:26:15
debf7313,7/12/2026,2026 7,4914,0,تم الطباعة,b23530bf,صباحي 12-07-26,كاشير 1,36fa3ef0,ابراهيم هيما,7/12/2026 17:47:13
67b419e9,7/12/2026,2026 7,4915,31,تم الطباعة,b23530bf,صباحي 12-07-26,كاشير 1,36fa3ef0,ابراهيم هيما,7/12/2026 17:51:12
5ea90419,7/12/2026,2026 7,4916,-4925,تم الطباعة,27777ff7,مسائي 12-07-26,كاشير 1,f7f8d8a0,محمد عبدالتواب,7/12/2026 17:58:11
bc90fc54,7/12/2026,2026 7,4917,-2595,تم الطباعة,27777ff7,مسائي 12-07-26,كاشير 1,f7f8d8a0,محمد عبدالتواب,7/12/2026 18:19:43
c889ebd3,7/12/2026,2026 7,4918,1,تم الطباعة,2d6e2918,مسائي 12-07-26,كاشير 2,04b9d4de,طارق ماسبيرو,7/12/2026 18:22:34
059821c5,7/12/2026,2026 7,4919,1010,تم الطباعة,27777ff7,مسائي 12-07-26,كاشير 1,f7f8d8a0,محمد عبدالتواب,7/12/2026 18:27:03
ee86fd1b,7/12/2026,2026 7,4920,240,تم الطباعة,27777ff7,مسائي 12-07-26,كاشير 1,f7f8d8a0,محمد عبدالتواب,7/12/2026 18:54:52
7e60d5ea,7/12/2026,2026 7,4921,10,تم الطباعة,27777ff7,مسائي 12-07-26,كاشير 1,f7f8d8a0,محمد عبدالتواب,7/12/2026 19:21:20
5b730c4c,7/12/2026,2026 7,4922,0,تم الطباعة,27777ff7,مسائي 12-07-26,كاشير 1,f7f8d8a0,محمد عبدالتواب,7/12/2026 19:35:14
9caf8c63,7/12/2026,2026 7,4923,0,تم الطباعة,27777ff7,مسائي 12-07-26,كاشير 1,f7f8d8a0,محمد عبدالتواب,7/12/2026 19:36:50
42cc95b0,7/12/2026,2026 7,4924,10100,تم الطباعة,27777ff7,مسائي 12-07-26,كاشير 1,f7f8d8a0,محمد عبدالتواب,7/12/2026 19:38:26
d9b074e9,7/12/2026,2026 7,4925,0,تم الطباعة,2d6e2918,مسائي 12-07-26,كاشير 2,04b9d4de,طارق ماسبيرو,7/12/2026 19:43:29
b729d0e1,7/12/2026,2026 7,4926,-400,تم الطباعة,27777ff7,مسائي 12-07-26,كاشير 1,f7f8d8a0,محمد عبدالتواب,7/12/2026 19:46:46
a606fece,7/12/2026,2026 7,4927,0,تم الطباعة,27777ff7,مسائي 12-07-26,كاشير 1,f7f8d8a0,محمد عبدالتواب,7/12/2026 19:50:42
02d9907f,7/12/2026,2026 7,4928,1515,تم الطباعة,27777ff7,مسائي 12-07-26,كاشير 1,f7f8d8a0,محمد عبدالتواب,7/12/2026 19:50:51
c9e28ef8,7/12/2026,2026 7,4929,-1000,تم الطباعة,27777ff7,مسائي 12-07-26,كاشير 1,f7f8d8a0,محمد عبدالتواب,7/12/2026 19:51:15
cc0e3130,7/12/2026,2026 7,4930,-495,تم الطباعة,27777ff7,مسائي 12-07-26,كاشير 1,f7f8d8a0,محمد عبدالتواب,7/12/2026 19:52:41
fa53b0aa,7/12/2026,2026 7,4931,30,تم الطباعة,2d6e2918,مسائي 12-07-26,كاشير 2,04b9d4de,طارق ماسبيرو,7/12/2026 20:08:06
45b8a03b,7/12/2026,2026 7,4932,0,تم الطباعة,27777ff7,مسائي 12-07-26,كاشير 1,f7f8d8a0,محمد عبدالتواب,7/12/2026 20:33:09
d846dcf5,7/12/2026,2026 7,4933,-400,تم الطباعة,27777ff7,مسائي 12-07-26,كاشير 1,f7f8d8a0,محمد عبدالتواب,7/12/2026 21:07:08
7ccb6440,7/12/2026,2026 7,4934,1515,تم الطباعة,27777ff7,مسائي 12-07-26,كاشير 1,f7f8d8a0,محمد عبدالتواب,7/12/2026 21:13:06
f1eed7ae,7/12/2026,2026 7,4935,305,تم الطباعة,27777ff7,مسائي 12-07-26,كاشير 1,f7f8d8a0,محمد عبدالتواب,7/12/2026 21:13:45
f0f727c3,7/12/2026,2026 7,4936,1243,تم الطباعة,27777ff7,مسائي 12-07-26,كاشير 1,f7f8d8a0,محمد عبدالتواب,7/12/2026 21:19:14
46153055,7/12/2026,2026 7,4937,-3443,تم الطباعة,27777ff7,مسائي 12-07-26,كاشير 1,f7f8d8a0,محمد عبدالتواب,7/12/2026 21:23:43
0c71be9c,7/12/2026,2026 7,4938,-970,تم الطباعة,27777ff7,مسائي 12-07-26,كاشير 1,f7f8d8a0,محمد عبدالتواب,7/12/2026 21:32:16
63785596,7/12/2026,2026 7,4939,100,تم الطباعة,2d6e2918,مسائي 12-07-26,كاشير 2,04b9d4de,طارق ماسبيرو,7/12/2026 21:33:33
cd7388a5,7/12/2026,2026 7,4940,40,تم الطباعة,27777ff7,مسائي 12-07-26,كاشير 1,f7f8d8a0,محمد عبدالتواب,7/12/2026 21:36:00
90a82dba,7/12/2026,2026 7,4941,100,تم الطباعة,27777ff7,مسائي 12-07-26,كاشير 1,f7f8d8a0,محمد عبدالتواب,7/12/2026 21:38:15
65ff205b,7/12/2026,2026 7,4942,1010,تم الطباعة,27777ff7,مسائي 12-07-26,كاشير 1,f7f8d8a0,محمد عبدالتواب,7/12/2026 21:45:36
9ea4c338,7/12/2026,2026 7,4943,-1980,تم الطباعة,27777ff7,مسائي 12-07-26,كاشير 1,f7f8d8a0,محمد عبدالتواب,7/12/2026 21:46:25
0f653cc4,7/12/2026,2026 7,4944,690,تم الطباعة,27777ff7,مسائي 12-07-26,كاشير 1,f7f8d8a0,محمد عبدالتواب,7/12/2026 21:58:03
0cb73870,7/12/2026,2026 7,4945,508,تم الطباعة,27777ff7,مسائي 12-07-26,كاشير 1,f7f8d8a0,محمد عبدالتواب,7/12/2026 21:59:11
4bb6cb23,7/12/2026,2026 7,4946,400,تم الطباعة,27777ff7,مسائي 12-07-26,كاشير 1,f7f8d8a0,محمد عبدالتواب,7/12/2026 22:08:07
bd7aec63,7/12/2026,2026 7,4947,-490,تم الطباعة,27777ff7,مسائي 12-07-26,كاشير 1,f7f8d8a0,محمد عبدالتواب,7/12/2026 22:08:55
4ca9dac7,7/12/2026,2026 7,4948,70,تم الطباعة,27777ff7,مسائي 12-07-26,كاشير 1,f7f8d8a0,محمد عبدالتواب,7/12/2026 22:17:01
4ddf820b,7/12/2026,2026 7,4949,915,تم الطباعة,27777ff7,مسائي 12-07-26,كاشير 1,f7f8d8a0,محمد عبدالتواب,7/12/2026 22:17:40
96952ad9,7/12/2026,2026 7,4950,50,تم الطباعة,27777ff7,مسائي 12-07-26,كاشير 1,f7f8d8a0,محمد عبدالتواب,7/12/2026 22:18:45
cfbbfc0e,7/12/2026,2026 7,4951,500,تم الطباعة,27777ff7,مسائي 12-07-26,كاشير 1,f7f8d8a0,محمد عبدالتواب,7/12/2026 22:23:20
4ac1b47d,7/12/2026,2026 7,4952,-70,تم الطباعة,27777ff7,مسائي 12-07-26,كاشير 1,f7f8d8a0,محمد عبدالتواب,7/12/2026 22:23:50
0e31612f,7/12/2026,2026 7,4953,85,تم الطباعة,27777ff7,مسائي 12-07-26,كاشير 1,f7f8d8a0,محمد عبدالتواب,7/12/2026 22:31:40
c7a2b859,7/12/2026,2026 7,4954,-1970,تم الطباعة,27777ff7,مسائي 12-07-26,كاشير 1,f7f8d8a0,محمد عبدالتواب,7/12/2026 22:32:53
e07bb48b,7/12/2026,2026 7,4955,-395,تم الطباعة,27777ff7,مسائي 12-07-26,كاشير 1,f7f8d8a0,محمد عبدالتواب,7/12/2026 22:33:27
fdc82de6,7/12/2026,2026 7,4956,-195,تم الطباعة,27777ff7,مسائي 12-07-26,كاشير 1,f7f8d8a0,محمد عبدالتواب,7/12/2026 22:42:34
cc1a5e41,7/12/2026,2026 7,4957,30,تم الطباعة,27777ff7,مسائي 12-07-26,كاشير 1,f7f8d8a0,محمد عبدالتواب,7/12/2026 23:08:58
739bcf5d,7/12/2026,2026 7,4957,0,تم الطباعة,2d6e2918,مسائي 12-07-26,كاشير 2,04b9d4de,طارق ماسبيرو,7/12/2026 23:09:42
47c07849,7/12/2026,2026 7,4959,650,تم الطباعة,2d6e2918,مسائي 12-07-26,كاشير 2,04b9d4de,طارق ماسبيرو,7/12/2026 23:11:44
7427113e,7/12/2026,2026 7,4960,5,تم الطباعة,2d6e2918,مسائي 12-07-26,كاشير 2,04b9d4de,طارق ماسبيرو,7/12/2026 23:14:39
f896e45e,7/12/2026,2026 7,4961,15,تم الطباعة,2d6e2918,مسائي 12-07-26,كاشير 2,04b9d4de,طارق ماسبيرو,7/12/2026 23:24:07
98a53e26,7/12/2026,2026 7,4962,-20,تم الطباعة,2d6e2918,مسائي 12-07-26,كاشير 2,04b9d4de,طارق ماسبيرو,7/12/2026 23:25:54
25ac3a4e,7/12/2026,2026 7,4963,5,تم الطباعة,2d6e2918,مسائي 12-07-26,كاشير 2,04b9d4de,طارق ماسبيرو,7/12/2026 23:32:39
69d70060,7/12/2026,2026 7,4964,5000,تم الطباعة,59659875,مسائي 12-07-26,كاشير 1,0154dfaa,أ/ احمد زرزور,7/12/2026 23:36:27
a81f4bcc,7/12/2026,2026 7,4965,1,تم الطباعة,2d6e2918,مسائي 12-07-26,كاشير 2,04b9d4de,طارق ماسبيرو,7/12/2026 23:42:22
6e8b1844,7/12/2026,2026 7,4966,25,تم الطباعة,59659875,مسائي 12-07-26,كاشير 1,0154dfaa,أ/ احمد زرزور,7/12/2026 23:52:39
c3e4c8f4,7/12/2026,2026 7,4967,20,تم الطباعة,2d6e2918,مسائي 12-07-26,كاشير 2,04b9d4de,طارق ماسبيرو,7/12/2026 23:55:44
f5ed0b8a,7/12/2026,2026 7,4968,10,تم الطباعة,59659875,مسائي 12-07-26,كاشير 1,0154dfaa,أ/ احمد زرزور,7/12/2026 23:57:09
1612239f,7/13/2026,2026 7,4969,20,تم الطباعة,2d6e2918,مسائي 12-07-26,كاشير 2,04b9d4de,طارق ماسبيرو,7/13/2026 0:15:31
b17aee9f,7/13/2026,2026 7,4970,50,تم الطباعة,59659875,مسائي 12-07-26,كاشير 1,0154dfaa,أ/ احمد زرزور,7/13/2026 0:25:41
106c961a,7/13/2026,2026 7,4971,225,تم الطباعة,59659875,مسائي 12-07-26,كاشير 1,0154dfaa,أ/ احمد زرزور,7/13/2026 0:37:01
90bd9068,7/13/2026,2026 7,4972,10,تم الطباعة,59659875,مسائي 12-07-26,كاشير 1,0154dfaa,أ/ احمد زرزور,7/13/2026 0:40:04
006b00c2,7/13/2026,2026 7,4973,-980,تم الطباعة,59659875,مسائي 12-07-26,كاشير 1,0154dfaa,أ/ احمد زرزور,7/13/2026 0:49:05
0e0a0be4,7/13/2026,2026 7,4974,20,تم الطباعة,59659875,مسائي 12-07-26,كاشير 1,0154dfaa,أ/ احمد زرزور,7/13/2026 0:52:16
7d1e57b3,7/13/2026,2026 7,4975,80,تم الطباعة,59659875,مسائي 12-07-26,كاشير 1,0154dfaa,أ/ احمد زرزور,7/13/2026 1:07:46
f329dd14,7/13/2026,2026 7,4976,25,تم الطباعة,59659875,مسائي 12-07-26,كاشير 1,0154dfaa,أ/ احمد زرزور,7/13/2026 1:20:33
9586ad2f,7/13/2026,2026 7,4977,10,تم الطباعة,82078184,صباحي 13-07-26,كاشير 1,f7f8d8a0,محمد عبدالتواب,7/13/2026 9:30:36
ed53b9bc,7/13/2026,2026 7,4978,-195,تم الطباعة,82078184,صباحي 13-07-26,كاشير 1,f7f8d8a0,محمد عبدالتواب,7/13/2026 10:24:48
ef88dd2c,7/13/2026,2026 7,4979,800,تم الطباعة,82078184,صباحي 13-07-26,كاشير 1,f7f8d8a0,محمد عبدالتواب,7/13/2026 10:26:22
3956d936,7/13/2026,2026 7,4980,-85,تم الطباعة,82078184,صباحي 13-07-26,كاشير 1,f7f8d8a0,محمد عبدالتواب,7/13/2026 10:27:48
843e2faf,7/13/2026,2026 7,4981,20,تم الطباعة,82078184,صباحي 13-07-26,كاشير 1,f7f8d8a0,محمد عبدالتواب,7/13/2026 10:29:44
d4ff57a5,7/13/2026,2026 7,4982,155,تم الطباعة,82078184,صباحي 13-07-26,كاشير 1,f7f8d8a0,محمد عبدالتواب,7/13/2026 11:35:40
64ae296b,7/13/2026,2026 7,4983,100,تم الطباعة,82078184,صباحي 13-07-26,كاشير 1,f7f8d8a0,محمد عبدالتواب,7/13/2026 11:41:12
1dc64473,7/13/2026,2026 7,4984,-3055,تم الطباعة,82078184,صباحي 13-07-26,كاشير 1,f7f8d8a0,محمد عبدالتواب,7/13/2026 11:46:59
564dd0e4,7/13/2026,2026 7,4985,15,تم الطباعة,7c15f3a7,صباحي 13-07-26,كاشير 2,e9ad5415,ابانوب ايليا,7/13/2026 11:52:18
1c3133a0,7/13/2026,2026 7,4986,192,تم الطباعة,7c15f3a7,صباحي 13-07-26,كاشير 2,e9ad5415,ابانوب ايليا,7/13/2026 12:20:48
d8c6466b,7/13/2026,2026 7,4987,-45,تم الطباعة,82078184,صباحي 13-07-26,كاشير 1,f7f8d8a0,محمد عبدالتواب,7/13/2026 12:28:40
34b1c9d3,7/13/2026,2026 7,4988,105,تم الطباعة,82078184,صباحي 13-07-26,كاشير 1,f7f8d8a0,محمد عبدالتواب,7/13/2026 12:44:03
b4e7ff59,7/13/2026,2026 7,4989,-2840,تم الطباعة,82078184,صباحي 13-07-26,كاشير 1,f7f8d8a0,محمد عبدالتواب,7/13/2026 12:48:27
e39adec4,7/13/2026,2026 7,4990,-85,تم الطباعة,82078184,صباحي 13-07-26,كاشير 1,f7f8d8a0,محمد عبدالتواب,7/13/2026 12:49:05
853646c4,7/13/2026,2026 7,4991,60,تم الطباعة,82078184,صباحي 13-07-26,كاشير 1,f7f8d8a0,محمد عبدالتواب,7/13/2026 12:53:46
9f7d00eb,7/13/2026,2026 7,4992,10,تم الطباعة,7c15f3a7,صباحي 13-07-26,كاشير 2,e9ad5415,ابانوب ايليا,7/13/2026 12:57:19
c390d481,7/13/2026,2026 7,4993,10,تم الطباعة,82078184,صباحي 13-07-26,كاشير 1,f7f8d8a0,محمد عبدالتواب,7/13/2026 13:27:05
f646d657,7/13/2026,2026 7,4994,90,تم الطباعة,82078184,صباحي 13-07-26,كاشير 1,f7f8d8a0,محمد عبدالتواب,7/13/2026 13:27:52
d4ca9cf0,7/13/2026,2026 7,4995,-295,تم الطباعة,82078184,صباحي 13-07-26,كاشير 1,f7f8d8a0,محمد عبدالتواب,7/13/2026 13:49:50
2bcc4fcc,7/13/2026,2026 7,4996,25,تم الطباعة,82078184,صباحي 13-07-26,كاشير 1,f7f8d8a0,محمد عبدالتواب,7/13/2026 13:51:23
c37b0ad9,7/13/2026,2026 7,4997,200,تم الطباعة,82078184,صباحي 13-07-26,كاشير 1,f7f8d8a0,محمد عبدالتواب,7/13/2026 14:01:11
938f8cae,7/13/2026,2026 7,4998,-295,تم الطباعة,82078184,صباحي 13-07-26,كاشير 1,f7f8d8a0,محمد عبدالتواب,7/13/2026 14:05:06
1c91f984,7/13/2026,2026 7,4999,19,تم الطباعة,7c15f3a7,صباحي 13-07-26,كاشير 2,e9ad5415,ابانوب ايليا,7/13/2026 14:28:31
86260f9b,7/13/2026,2026 7,5000,15,تم الطباعة,7c15f3a7,صباحي 13-07-26,كاشير 2,e9ad5415,ابانوب ايليا,7/13/2026 14:29:17
14cdaae9,7/13/2026,2026 7,5001,5,تم الطباعة,82078184,صباحي 13-07-26,كاشير 1,f7f8d8a0,محمد عبدالتواب,7/13/2026 14:38:36
498cf1f6,7/13/2026,2026 7,5002,384,تم الطباعة,82078184,صباحي 13-07-26,كاشير 1,f7f8d8a0,محمد عبدالتواب,7/13/2026 14:53:25
a16c0aa0,7/13/2026,2026 7,5003,-2000,تم الطباعة,82078184,صباحي 13-07-26,كاشير 1,f7f8d8a0,محمد عبدالتواب,7/13/2026 14:55:54
38a24119,7/13/2026,2026 7,5004,0,تم الطباعة,82078184,صباحي 13-07-26,كاشير 1,f7f8d8a0,محمد عبدالتواب,7/13/2026 15:18:12
5b820c16,7/13/2026,2026 7,5005,1820,تم الطباعة,82078184,صباحي 13-07-26,كاشير 1,f7f8d8a0,محمد عبدالتواب,7/13/2026 15:26:56
6cbff6a1,7/13/2026,2026 7,5006,1000,تم الطباعة,82078184,صباحي 13-07-26,كاشير 1,f7f8d8a0,محمد عبدالتواب,7/13/2026 15:28:08
06b5ecad,7/13/2026,2026 7,5007,-690,تم الطباعة,82078184,صباحي 13-07-26,كاشير 1,f7f8d8a0,محمد عبدالتواب,7/13/2026 16:14:40
19fcc394,7/13/2026,2026 7,5008,305,تم الطباعة,82078184,صباحي 13-07-26,كاشير 1,f7f8d8a0,محمد عبدالتواب,7/13/2026 16:18:38
ab6d1778,7/13/2026,2026 7,5009,12,تم الطباعة,82078184,صباحي 13-07-26,كاشير 1,f7f8d8a0,محمد عبدالتواب,7/13/2026 16:35:21
18048244,7/13/2026,2026 7,5010,-890,تم الطباعة,82078184,صباحي 13-07-26,كاشير 1,f7f8d8a0,محمد عبدالتواب,7/13/2026 16:40:24
7275a3e9,7/13/2026,2026 7,5011,-45,تم الطباعة,82078184,صباحي 13-07-26,كاشير 1,f7f8d8a0,محمد عبدالتواب,7/13/2026 16:41:24
6cdac9a6,7/13/2026,2026 7,5012,30,تم الطباعة,82078184,صباحي 13-07-26,كاشير 1,f7f8d8a0,محمد عبدالتواب,7/13/2026 16:42:25
72282622,7/13/2026,2026 7,5013,-2000,تم الطباعة,82078184,صباحي 13-07-26,كاشير 1,f7f8d8a0,محمد عبدالتواب,7/13/2026 16:43:14
1fbfb664,7/13/2026,2026 7,5014,25,تم الطباعة,7c15f3a7,صباحي 13-07-26,كاشير 2,e9ad5415,ابانوب ايليا,7/13/2026 16:53:18
bf6ba234,7/13/2026,2026 7,5014,35,تم الطباعة,82078184,صباحي 13-07-26,كاشير 1,f7f8d8a0,محمد عبدالتواب,7/13/2026 16:53:14
06ab7ede,7/13/2026,2026 7,5015,5,تم الطباعة,82078184,صباحي 13-07-26,كاشير 1,f7f8d8a0,محمد عبدالتواب,7/13/2026 16:53:29
844dfb25,7/13/2026,2026 7,5017,103,تم الطباعة,82078184,صباحي 13-07-26,كاشير 1,f7f8d8a0,محمد عبدالتواب,7/13/2026 16:59:36
eb826c5e,7/13/2026,2026 7,5018,550,تم الطباعة,82078184,صباحي 13-07-26,كاشير 1,f7f8d8a0,محمد عبدالتواب,7/13/2026 17:07:41
cdda0818,7/13/2026,2026 7,5019,30,تم الطباعة,7c15f3a7,صباحي 13-07-26,كاشير 2,e9ad5415,ابانوب ايليا,7/13/2026 17:26:39
a168db9d,7/13/2026,2026 7,5020,50,تم الطباعة,b7d30a2e,مسائي 13-07-26,كاشير 2,04b9d4de,طارق ماسبيرو,7/13/2026 17:29:39
1c60ddb1,7/13/2026,2026 7,5020,-635,تم الطباعة,bffe46a1,مسائي 13-07-26,كاشير 1,e9ad5415,ابانوب ايليا,7/13/2026 17:29:41
5627735f,7/13/2026,2026 7,5021,5,تم الطباعة,b7d30a2e,مسائي 13-07-26,كاشير 2,04b9d4de,طارق ماسبيرو,7/13/2026 17:32:07
eabfdb99,7/13/2026,2026 7,5023,3060,تم الطباعة,bffe46a1,مسائي 13-07-26,كاشير 1,e9ad5415,ابانوب ايليا,7/13/2026 17:54:47
b47ab768,7/13/2026,2026 7,5024,40,تم الطباعة,bffe46a1,مسائي 13-07-26,كاشير 1,e9ad5415,ابانوب ايليا,7/13/2026 17:56:00
0ef4786c,7/13/2026,2026 7,5025,20,تم الطباعة,bffe46a1,مسائي 13-07-26,كاشير 1,e9ad5415,ابانوب ايليا,7/13/2026 18:05:01
9dd2ca70,7/13/2026,2026 7,5025,15,تم الطباعة,b7d30a2e,مسائي 13-07-26,كاشير 2,04b9d4de,طارق ماسبيرو,7/13/2026 18:08:19
41a7b652,7/13/2026,2026 7,5026,-5050,تم الطباعة,bffe46a1,مسائي 13-07-26,كاشير 1,e9ad5415,ابانوب ايليا,7/13/2026 18:14:19
463d50c8,7/13/2026,2026 7,5027,600,تم الطباعة,b7d30a2e,مسائي 13-07-26,كاشير 2,04b9d4de,طارق ماسبيرو,7/13/2026 18:25:44
f9c028e4,7/13/2026,2026 7,5029,22,تم الطباعة,b7d30a2e,مسائي 13-07-26,كاشير 2,04b9d4de,طارق ماسبيرو,7/13/2026 18:27:47
e5592a8c,7/13/2026,2026 7,5030,-145,تم الطباعة,b7d30a2e,مسائي 13-07-26,كاشير 2,04b9d4de,طارق ماسبيرو,7/13/2026 18:29:24
4ce987d4,7/13/2026,2026 7,5031,90,تم الطباعة,bffe46a1,مسائي 13-07-26,كاشير 1,e9ad5415,ابانوب ايليا,7/13/2026 18:40:35
2a906da7,7/13/2026,2026 7,5032,20,تم الطباعة,bffe46a1,مسائي 13-07-26,كاشير 1,e9ad5415,ابانوب ايليا,7/13/2026 18:41:52
2cd4ba2b,7/13/2026,2026 7,5033,10,تم الطباعة,7f15ef52,مسائي 13-07-26,كاشير 1,4ac7873c,محمود سويفي,7/13/2026 19:12:12
8198ddbc,7/13/2026,2026 7,5034,-1940,تم الطباعة,7f15ef52,مسائي 13-07-26,كاشير 1,4ac7873c,محمود سويفي,7/13/2026 19:20:57
bbbb034a,7/13/2026,2026 7,5035,1940,تم الطباعة,7f15ef52,مسائي 13-07-26,كاشير 1,4ac7873c,محمود سويفي,7/13/2026 19:22:40
2ffb6eb0,7/13/2026,2026 7,5036,135,تم الطباعة,7f15ef52,مسائي 13-07-26,كاشير 1,4ac7873c,محمود سويفي,7/13/2026 19:27:34
d6b40eec,7/13/2026,2026 7,5037,-970,تم الطباعة,7f15ef52,مسائي 13-07-26,كاشير 1,4ac7873c,محمود سويفي,7/13/2026 19:43:41
8bcaec67,7/13/2026,2026 7,5038,3640,تم الطباعة,b7d30a2e,مسائي 13-07-26,كاشير 2,04b9d4de,طارق ماسبيرو,7/13/2026 19:50:18
e68ced49,7/13/2026,2026 7,5039,600,تم الطباعة,b7d30a2e,مسائي 13-07-26,كاشير 2,04b9d4de,طارق ماسبيرو,7/13/2026 20:12:06
0c3a02b1,7/13/2026,2026 7,5040,1200,تم الطباعة,7f15ef52,مسائي 13-07-26,كاشير 1,4ac7873c,محمود سويفي,7/13/2026 20:13:58
1dfbaaa3,7/13/2026,2026 7,5041,460,تم الطباعة,b7d30a2e,مسائي 13-07-26,كاشير 2,04b9d4de,طارق ماسبيرو,7/13/2026 20:23:39
a5af0f61,7/13/2026,2026 7,5042,20,تم الطباعة,7f15ef52,مسائي 13-07-26,كاشير 1,4ac7873c,محمود سويفي,7/13/2026 20:26:33
1a83de61,7/13/2026,2026 7,5042,10,تم الطباعة,b7d30a2e,مسائي 13-07-26,كاشير 2,04b9d4de,طارق ماسبيرو,7/13/2026 20:26:32
ac7a86de,7/13/2026,2026 7,5044,6,تم الطباعة,7f15ef52,مسائي 13-07-26,كاشير 1,4ac7873c,محمود سويفي,7/13/2026 20:39:13
e9f3be2d,7/13/2026,2026 7,5045,6,تم الطباعة,7f15ef52,مسائي 13-07-26,كاشير 1,4ac7873c,محمود سويفي,7/13/2026 20:40:19
d895530d,7/13/2026,2026 7,5046,100,تم الطباعة,b7d30a2e,مسائي 13-07-26,كاشير 2,04b9d4de,طارق ماسبيرو,7/13/2026 20:40:56
0084abdd,7/13/2026,2026 7,5047,370,تم الطباعة,7f15ef52,مسائي 13-07-26,كاشير 1,4ac7873c,محمود سويفي,7/13/2026 20:44:42
4e0871a7,7/13/2026,2026 7,5048,0,تم الطباعة,7f15ef52,مسائي 13-07-26,كاشير 1,4ac7873c,محمود سويفي,7/13/2026 20:45:08
f6dda910,7/13/2026,2026 7,5049,27,تم الطباعة,7f15ef52,مسائي 13-07-26,كاشير 1,4ac7873c,محمود سويفي,7/13/2026 20:52:12
15036806,7/13/2026,2026 7,5050,650,تم الطباعة,7f15ef52,مسائي 13-07-26,كاشير 1,4ac7873c,محمود سويفي,7/13/2026 21:09:17
f633a6ac,7/13/2026,2026 7,5051,5,تم الطباعة,b7d30a2e,مسائي 13-07-26,كاشير 2,04b9d4de,طارق ماسبيرو,7/13/2026 21:24:27
824621ea,7/13/2026,2026 7,5052,20,تم الطباعة,b7d30a2e,مسائي 13-07-26,كاشير 2,04b9d4de,طارق ماسبيرو,7/13/2026 21:34:44
e32b48d7,7/13/2026,2026 7,5053,35,تم الطباعة,7f15ef52,مسائي 13-07-26,كاشير 1,4ac7873c,محمود سويفي,7/13/2026 21:36:00
1a72d82d,7/13/2026,2026 7,5054,5,تم الطباعة,b7d30a2e,مسائي 13-07-26,كاشير 2,04b9d4de,طارق ماسبيرو,7/13/2026 21:44:28
c7962f64,7/13/2026,2026 7,5055,40,تم الطباعة,b7d30a2e,مسائي 13-07-26,كاشير 2,04b9d4de,طارق ماسبيرو,7/13/2026 21:46:54
caf08066,7/13/2026,2026 7,5056,20,تم الطباعة,b7d30a2e,مسائي 13-07-26,كاشير 2,04b9d4de,طارق ماسبيرو,7/13/2026 21:47:54
0bab2621,7/13/2026,2026 7,5057,-790,تم الطباعة,b7d30a2e,مسائي 13-07-26,كاشير 2,04b9d4de,طارق ماسبيرو,7/13/2026 21:51:59
55795ef1,7/13/2026,2026 7,5058,25,تم الطباعة,7f15ef52,مسائي 13-07-26,كاشير 1,4ac7873c,محمود سويفي,7/13/2026 21:56:18
95eb4db6,7/13/2026,2026 7,5058,30,تم الطباعة,b7d30a2e,مسائي 13-07-26,كاشير 2,04b9d4de,طارق ماسبيرو,7/13/2026 21:56:54
2d7887e4,7/13/2026,2026 7,5059,3,تم الطباعة,b7d30a2e,مسائي 13-07-26,كاشير 2,04b9d4de,طارق ماسبيرو,7/13/2026 21:57:35
b6c445cf,7/13/2026,2026 7,5060,-5415,تم الطباعة,7f15ef52,مسائي 13-07-26,كاشير 1,4ac7873c,محمود سويفي,7/13/2026 21:58:38
a5164b7a,7/13/2026,2026 7,5062,-2000,تم الطباعة,7f15ef52,مسائي 13-07-26,كاشير 1,4ac7873c,محمود سويفي,7/13/2026 22:14:34
cc4c1c4b,7/13/2026,2026 7,5063,5,تم الطباعة,b7d30a2e,مسائي 13-07-26,كاشير 2,04b9d4de,طارق ماسبيرو,7/13/2026 22:18:31
11644243,7/13/2026,2026 7,5064,50,تم الطباعة,b7d30a2e,مسائي 13-07-26,كاشير 2,04b9d4de,طارق ماسبيرو,7/13/2026 22:26:20
990a4e2f,7/13/2026,2026 7,5064,20,تم الطباعة,7f15ef52,مسائي 13-07-26,كاشير 1,4ac7873c,محمود سويفي,7/13/2026 22:26:40
75186a9a,7/13/2026,2026 7,5065,10,تم الطباعة,b7d30a2e,مسائي 13-07-26,كاشير 2,04b9d4de,طارق ماسبيرو,7/13/2026 22:28:48
5a727e90,7/13/2026,2026 7,5066,160,تم الطباعة,c8d95c0c,صباحي 13-07-26,كاشير 3,0154dfaa,أ/ احمد زرزور,7/13/2026 22:29:45
8d1e694a,7/13/2026,2026 7,5067,200,تم الطباعة,b7d30a2e,مسائي 13-07-26,كاشير 2,04b9d4de,طارق ماسبيرو,7/13/2026 22:30:21
1005b32e,7/13/2026,2026 7,5069,8,تم الطباعة,34a41a76,مسائي 13-07-26,كاشير 2,0154dfaa,أ/ احمد زرزور,7/13/2026 22:49:09
6e3e6ced,7/13/2026,2026 7,5070,1410,تم الطباعة,34a41a76,مسائي 13-07-26,كاشير 2,0154dfaa,أ/ احمد زرزور,7/13/2026 22:54:14
8ff92422,7/13/2026,2026 7,5071,-590,تم الطباعة,7f15ef52,مسائي 13-07-26,كاشير 1,4ac7873c,محمود سويفي,7/13/2026 23:14:26
900699a1,7/13/2026,2026 7,5072,1210,تم الطباعة,7f15ef52,مسائي 13-07-26,كاشير 1,4ac7873c,محمود سويفي,7/13/2026 23:18:11
ffe05f1b,7/13/2026,2026 7,5073,100,تم الطباعة,7f15ef52,مسائي 13-07-26,كاشير 1,4ac7873c,محمود سويفي,7/13/2026 23:19:05
dc4aa0fe,7/13/2026,2026 7,5074,20,تم الطباعة,7f15ef52,مسائي 13-07-26,كاشير 1,4ac7873c,محمود سويفي,7/13/2026 23:21:15
575d56fb,7/13/2026,2026 7,5074,138,تم الطباعة,34a41a76,مسائي 13-07-26,كاشير 2,0154dfaa,أ/ احمد زرزور,7/13/2026 23:22:12
779c3e20,7/13/2026,2026 7,5075,30,تم الطباعة,7f15ef52,مسائي 13-07-26,كاشير 1,4ac7873c,محمود سويفي,7/13/2026 23:24:14
2b3a8f09,7/13/2026,2026 7,5077,30,تم الطباعة,7f15ef52,مسائي 13-07-26,كاشير 1,4ac7873c,محمود سويفي,7/13/2026 23:26:09
963aceda,7/13/2026,2026 7,5078,50,تم الطباعة,7f15ef52,مسائي 13-07-26,كاشير 1,4ac7873c,محمود سويفي,7/13/2026 23:40:59
4fd242b3,7/13/2026,2026 7,5079,700,تم الطباعة,34a41a76,مسائي 13-07-26,كاشير 2,0154dfaa,أ/ احمد زرزور,7/13/2026 23:50:27
71702dde,7/14/2026,2026 7,5080,20,تم الطباعة,7f15ef52,مسائي 13-07-26,كاشير 1,4ac7873c,محمود سويفي,7/14/2026 0:09:55
2432a62f,7/14/2026,2026 7,5081,5,تم الطباعة,7f15ef52,مسائي 13-07-26,كاشير 1,4ac7873c,محمود سويفي,7/14/2026 0:10:07
c484fcce,7/14/2026,2026 7,5082,481,تم الطباعة,34a41a76,مسائي 13-07-26,كاشير 2,0154dfaa,أ/ احمد زرزور,7/14/2026 0:21:01
e8ae8d11,7/14/2026,2026 7,5083,2905,تم الطباعة,34a41a76,مسائي 13-07-26,كاشير 2,0154dfaa,أ/ احمد زرزور,7/14/2026 0:27:05
4fb85950,7/14/2026,2026 7,5084,50,تم الطباعة,7f15ef52,مسائي 13-07-26,كاشير 1,4ac7873c,محمود سويفي,7/14/2026 0:30:24
e5079770,7/14/2026,2026 7,5084,15,تم الطباعة,34a41a76,مسائي 13-07-26,كاشير 2,0154dfaa,أ/ احمد زرزور,7/14/2026 0:31:13
e8e00fe4,7/14/2026,2026 7,5086,315,تم الطباعة,34a41a76,مسائي 13-07-26,كاشير 2,0154dfaa,أ/ احمد زرزور,7/14/2026 0:46:39
3e6208af,7/14/2026,2026 7,5087,-50,تم الطباعة,34a41a76,مسائي 13-07-26,كاشير 2,0154dfaa,أ/ احمد زرزور,7/14/2026 0:47:25
7ad3f9e6,7/14/2026,2026 7,5088,100,تم الطباعة,34a41a76,مسائي 13-07-26,كاشير 2,0154dfaa,أ/ احمد زرزور,7/14/2026 0:51:14
6732f038,7/14/2026,2026 7,5089,5,تم الطباعة,34a41a76,مسائي 13-07-26,كاشير 2,0154dfaa,أ/ احمد زرزور,7/14/2026 0:54:39
536b2c45,7/14/2026,2026 7,5090,-1785,تم الطباعة,34a41a76,مسائي 13-07-26,كاشير 2,0154dfaa,أ/ احمد زرزور,7/14/2026 1:01:44
0e880f81,7/14/2026,2026 7,5090,100,تم الطباعة,7f15ef52,مسائي 13-07-26,كاشير 1,4ac7873c,محمود سويفي,7/14/2026 1:02:04
792595f0,7/14/2026,2026 7,5091,350,تم الطباعة,34a41a76,مسائي 13-07-26,كاشير 2,0154dfaa,أ/ احمد زرزور,7/14/2026 1:08:00
c7b7a81a,7/14/2026,2026 7,5092,225,تم الطباعة,7f15ef52,مسائي 13-07-26,كاشير 1,4ac7873c,محمود سويفي,7/14/2026 1:08:56
1474cbf0,7/14/2026,2026 7,5094,61,تم الطباعة,7f15ef52,مسائي 13-07-26,كاشير 1,4ac7873c,محمود سويفي,7/14/2026 1:11:13
83cf0782,7/14/2026,2026 7,5095,40,تم الطباعة,34a41a76,مسائي 13-07-26,كاشير 2,0154dfaa,أ/ احمد زرزور,7/14/2026 1:24:22
275a125a,7/14/2026,2026 7,5096,700,تم الطباعة,34a41a76,مسائي 13-07-26,كاشير 2,0154dfaa,أ/ احمد زرزور,7/14/2026 1:30:28
dbf700b1,7/14/2026,2026 7,5097,0,تم الطباعة,34a41a76,مسائي 13-07-26,كاشير 2,0154dfaa,أ/ احمد زرزور,7/14/2026 1:44:22
c01ea810,7/14/2026,2026 7,5098,5,تم الطباعة,34a41a76,مسائي 13-07-26,كاشير 2,0154dfaa,أ/ احمد زرزور,7/14/2026 1:44:58
2b67600a,7/14/2026,2026 7,5099,5,تم الطباعة,57f7d372,صباحي 14-07-26,كاشير 1,f7f8d8a0,محمد عبدالتواب,7/14/2026 9:05:48
7d8187b3,7/14/2026,2026 7,5100,3,تم الطباعة,57f7d372,صباحي 14-07-26,كاشير 1,f7f8d8a0,محمد عبدالتواب,7/14/2026 9:06:00
7c459f64,7/14/2026,2026 7,5101,9,تم الطباعة,57f7d372,صباحي 14-07-26,كاشير 1,f7f8d8a0,محمد عبدالتواب,7/14/2026 9:39:39
9a63d0cc,7/14/2026,2026 7,5102,695,تم الطباعة,57f7d372,صباحي 14-07-26,كاشير 1,f7f8d8a0,محمد عبدالتواب,7/14/2026 9:43:15
7fef663b,7/14/2026,2026 7,5103,90,تم الطباعة,57f7d372,صباحي 14-07-26,كاشير 1,f7f8d8a0,محمد عبدالتواب,7/14/2026 9:55:04
1f8eb6d8,7/14/2026,2026 7,5104,10,تم الطباعة,57f7d372,صباحي 14-07-26,كاشير 1,f7f8d8a0,محمد عبدالتواب,7/14/2026 9:59:11
fde5c7e1,7/14/2026,2026 7,5105,200,تم الطباعة,57f7d372,صباحي 14-07-26,كاشير 1,f7f8d8a0,محمد عبدالتواب,7/14/2026 11:08:44
7ceff1ba,7/14/2026,2026 7,5106,-370,تم الطباعة,57f7d372,صباحي 14-07-26,كاشير 1,f7f8d8a0,محمد عبدالتواب,7/14/2026 11:44:48
7caa8999,7/14/2026,2026 7,5107,-984,تم الطباعة,57f7d372,صباحي 14-07-26,كاشير 1,f7f8d8a0,محمد عبدالتواب,7/14/2026 11:57:59
54f162ee,7/14/2026,2026 7,5108,1515,تم الطباعة,57f7d372,صباحي 14-07-26,كاشير 1,f7f8d8a0,محمد عبدالتواب,7/14/2026 12:00:04
b100334e,7/14/2026,2026 7,5109,92,تم الطباعة,57f7d372,صباحي 14-07-26,كاشير 1,f7f8d8a0,محمد عبدالتواب,7/14/2026 12:23:11
e6f31d78,7/14/2026,2026 7,5110,10,تم الطباعة,57f7d372,صباحي 14-07-26,كاشير 1,f7f8d8a0,محمد عبدالتواب,7/14/2026 12:24:47
7467a35b,7/14/2026,2026 7,5111,373,تم الطباعة,57f7d372,صباحي 14-07-26,كاشير 1,f7f8d8a0,محمد عبدالتواب,7/14/2026 12:26:02
d4691696,7/14/2026,2026 7,5112,100,تم الطباعة,57f7d372,صباحي 14-07-26,كاشير 1,f7f8d8a0,محمد عبدالتواب,7/14/2026 12:30:21
2d1144b7,7/14/2026,2026 7,5113,55,تم الطباعة,57f7d372,صباحي 14-07-26,كاشير 1,f7f8d8a0,محمد عبدالتواب,7/14/2026 12:31:06
30b63e3a,7/14/2026,2026 7,5114,1015,تم الطباعة,57f7d372,صباحي 14-07-26,كاشير 1,f7f8d8a0,محمد عبدالتواب,7/14/2026 13:02:22
f6086db1,7/14/2026,2026 7,5115,0,تم الطباعة,57f7d372,صباحي 14-07-26,كاشير 1,f7f8d8a0,محمد عبدالتواب,7/14/2026 13:59:30
6e08c282,7/14/2026,2026 7,5116,100,تم الطباعة,57f7d372,صباحي 14-07-26,كاشير 1,f7f8d8a0,محمد عبدالتواب,7/14/2026 14:01:09
81d2390c,7/14/2026,2026 7,5117,-295,تم الطباعة,57f7d372,صباحي 14-07-26,كاشير 1,f7f8d8a0,محمد عبدالتواب,7/14/2026 14:01:21
80f12611,7/14/2026,2026 7,5118,50,تم الطباعة,f93dcc85,صباحي 14-07-26,كاشير 2,e9ad5415,ابانوب ايليا,7/14/2026 14:25:13
5fec92a3,7/14/2026,2026 7,5119,2,تم الطباعة,f93dcc85,صباحي 14-07-26,كاشير 2,e9ad5415,ابانوب ايليا,7/14/2026 14:28:26
e8316215,7/14/2026,2026 7,5120,100,تم الطباعة,f93dcc85,صباحي 14-07-26,كاشير 2,e9ad5415,ابانوب ايليا,7/14/2026 14:32:36
374bf026,7/14/2026,2026 7,5121,-395,تم الطباعة,57f7d372,صباحي 14-07-26,كاشير 1,f7f8d8a0,محمد عبدالتواب,7/14/2026 14:36:30
48de70f6,7/14/2026,2026 7,5122,105,تم الطباعة,57f7d372,صباحي 14-07-26,كاشير 1,f7f8d8a0,محمد عبدالتواب,7/14/2026 15:21:08
5aea85ed,7/14/2026,2026 7,5123,30,تم الطباعة,57f7d372,صباحي 14-07-26,كاشير 1,f7f8d8a0,محمد عبدالتواب,7/14/2026 15:21:20
8b1a53df,7/14/2026,2026 7,5124,305,تم الطباعة,57f7d372,صباحي 14-07-26,كاشير 1,f7f8d8a0,محمد عبدالتواب,7/14/2026 15:22:39
fe938d7f,7/14/2026,2026 7,5125,-420,تم الطباعة,57f7d372,صباحي 14-07-26,كاشير 1,f7f8d8a0,محمد عبدالتواب,7/14/2026 15:24:40
a1a8eb6f,7/14/2026,2026 7,5126,188,تم الطباعة,57f7d372,صباحي 14-07-26,كاشير 1,f7f8d8a0,محمد عبدالتواب,7/14/2026 15:24:58
5bc9a2ca,7/14/2026,2026 7,5127,20,تم الطباعة,57f7d372,صباحي 14-07-26,كاشير 1,f7f8d8a0,محمد عبدالتواب,7/14/2026 15:26:19
95eb4ed4,7/14/2026,2026 7,5128,7,تم الطباعة,57f7d372,صباحي 14-07-26,كاشير 1,f7f8d8a0,محمد عبدالتواب,7/14/2026 15:26:26
ee263c5f,7/14/2026,2026 7,5129,25,تم الطباعة,57f7d372,صباحي 14-07-26,كاشير 1,f7f8d8a0,محمد عبدالتواب,7/14/2026 15:26:44
9d6836f5,7/14/2026,2026 7,5130,364,تم الطباعة,57f7d372,صباحي 14-07-26,كاشير 1,f7f8d8a0,محمد عبدالتواب,7/14/2026 15:31:22
482bb6cb,7/14/2026,2026 7,5131,50,تم الطباعة,f93dcc85,صباحي 14-07-26,كاشير 2,e9ad5415,ابانوب ايليا,7/14/2026 15:42:40
86216f49,7/14/2026,2026 7,5132,2300,تم الطباعة,57f7d372,صباحي 14-07-26,كاشير 1,f7f8d8a0,محمد عبدالتواب,7/14/2026 15:48:58
c7014ce8,7/14/2026,2026 7,5133,30,تم الطباعة,57f7d372,صباحي 14-07-26,كاشير 1,f7f8d8a0,محمد عبدالتواب,7/14/2026 16:05:53
155c4fad,7/14/2026,2026 7,5134,15,تم الطباعة,f93dcc85,صباحي 14-07-26,كاشير 2,e9ad5415,ابانوب ايليا,7/14/2026 16:28:46
b258e325,7/14/2026,2026 7,5134,20,تم الطباعة,57f7d372,صباحي 14-07-26,كاشير 1,f7f8d8a0,محمد عبدالتواب,7/14/2026 16:29:28
d7bb8c29,7/14/2026,2026 7,5135,0,تم الطباعة,f93dcc85,صباحي 14-07-26,كاشير 2,e9ad5415,ابانوب ايليا,7/14/2026 16:31:01
60d9e700,7/14/2026,2026 7,5136,3030,تم الطباعة,57f7d372,صباحي 14-07-26,كاشير 1,f7f8d8a0,محمد عبدالتواب,7/14/2026 16:31:12
a9f9af62,7/14/2026,2026 7,5137,20,تم الطباعة,57f7d372,صباحي 14-07-26,كاشير 1,f7f8d8a0,محمد عبدالتواب,7/14/2026 16:31:35
d6a6feba,7/14/2026,2026 7,5139,30,تم الطباعة,57f7d372,صباحي 14-07-26,كاشير 1,f7f8d8a0,محمد عبدالتواب,7/14/2026 16:34:27
5b1edad5,7/14/2026,2026 7,5140,-6930,تم الطباعة,57f7d372,صباحي 14-07-26,كاشير 1,f7f8d8a0,محمد عبدالتواب,7/14/2026 16:50:42
bc60aecb,7/14/2026,2026 7,5141,10,تم الطباعة,57f7d372,صباحي 14-07-26,كاشير 1,f7f8d8a0,محمد عبدالتواب,7/14/2026 16:53:08
cde36f3a,7/14/2026,2026 7,5142,657,تم الطباعة,57f7d372,صباحي 14-07-26,كاشير 1,f7f8d8a0,محمد عبدالتواب,7/14/2026 17:02:01
598c5665,7/14/2026,2026 7,5143,-1970,تم الطباعة,57f7d372,صباحي 14-07-26,كاشير 1,f7f8d8a0,محمد عبدالتواب,7/14/2026 17:12:11
e0134851,7/14/2026,2026 7,5144,193,تم الطباعة,57f7d372,صباحي 14-07-26,كاشير 1,f7f8d8a0,محمد عبدالتواب,7/14/2026 17:15:46
154c609b,7/14/2026,2026 7,5145,25,تم الطباعة,f93dcc85,صباحي 14-07-26,كاشير 2,e9ad5415,ابانوب ايليا,7/14/2026 17:25:22
3630cd4a,7/14/2026,2026 7,5146,-1970,تم الطباعة,e582f9c0,مسائي 14-07-26,كاشير 1,e9ad5415,ابانوب ايليا,7/14/2026 17:30:55
7007b5a4,7/14/2026,2026 7,5147,-110,تم الطباعة,e582f9c0,مسائي 14-07-26,كاشير 1,e9ad5415,ابانوب ايليا,7/14/2026 17:31:14
07e4095c,7/14/2026,2026 7,5148,560,تم الطباعة,e582f9c0,مسائي 14-07-26,كاشير 1,e9ad5415,ابانوب ايليا,7/14/2026 17:32:03
81590577,7/14/2026,2026 7,5149,-195,تم الطباعة,e582f9c0,مسائي 14-07-26,كاشير 1,e9ad5415,ابانوب ايليا,7/14/2026 17:33:07
005c52dc,7/14/2026,2026 7,5150,110,تم الطباعة,e582f9c0,مسائي 14-07-26,كاشير 1,e9ad5415,ابانوب ايليا,7/14/2026 17:42:28
b7bf3b0c,7/14/2026,2026 7,5151,5,تم الطباعة,e582f9c0,مسائي 14-07-26,كاشير 1,e9ad5415,ابانوب ايليا,7/14/2026 17:46:29
6f9fbbb0,7/14/2026,2026 7,5152,560,تم الطباعة,e582f9c0,مسائي 14-07-26,كاشير 1,e9ad5415,ابانوب ايليا,7/14/2026 17:51:21
354ab786,7/14/2026,2026 7,5153,-1455,تم الطباعة,e582f9c0,مسائي 14-07-26,كاشير 1,e9ad5415,ابانوب ايليا,7/14/2026 18:01:45
ddbb4fa4,7/14/2026,2026 7,5154,2,تم الطباعة,e582f9c0,مسائي 14-07-26,كاشير 1,e9ad5415,ابانوب ايليا,7/14/2026 18:02:20
f166a7f1,7/14/2026,2026 7,5155,20,تم الطباعة,e582f9c0,مسائي 14-07-26,كاشير 1,e9ad5415,ابانوب ايليا,7/14/2026 18:03:13
5d2f5402,7/14/2026,2026 7,5156,5,تم الطباعة,b1ed9887,مسائي 14-07-26,كاشير 2,04b9d4de,طارق ماسبيرو,7/14/2026 18:43:51
106add75,7/14/2026,2026 7,5157,0,تم الطباعة,e582f9c0,مسائي 14-07-26,كاشير 1,e9ad5415,ابانوب ايليا,7/14/2026 19:03:40
7dbeb187,7/14/2026,2026 7,5158,50,تم الطباعة,e582f9c0,مسائي 14-07-26,كاشير 1,e9ad5415,ابانوب ايليا,7/14/2026 19:03:57
4d7cd446,7/14/2026,2026 7,5159,1500,تم الطباعة,e582f9c0,مسائي 14-07-26,كاشير 1,e9ad5415,ابانوب ايليا,7/14/2026 19:16:43
495702d9,7/14/2026,2026 7,5160,355,تم الطباعة,e582f9c0,مسائي 14-07-26,كاشير 1,e9ad5415,ابانوب ايليا,7/14/2026 19:17:24
858361bb,7/14/2026,2026 7,5161,100,تم الطباعة,e582f9c0,مسائي 14-07-26,كاشير 1,e9ad5415,ابانوب ايليا,7/14/2026 19:19:56
dec13648,7/14/2026,2026 7,5162,30,تم الطباعة,b1ed9887,مسائي 14-07-26,كاشير 2,04b9d4de,طارق ماسبيرو,7/14/2026 19:22:39
86d22f24,7/14/2026,2026 7,5162,-100,تم الطباعة,e582f9c0,مسائي 14-07-26,كاشير 1,e9ad5415,ابانوب ايليا,7/14/2026 19:23:04
fba8db26,7/14/2026,2026 7,5163,5,تم الطباعة,b1ed9887,مسائي 14-07-26,كاشير 2,04b9d4de,طارق ماسبيرو,7/14/2026 19:24:11
8d175741,7/14/2026,2026 7,5164,20,تم الطباعة,e582f9c0,مسائي 14-07-26,كاشير 1,e9ad5415,ابانوب ايليا,7/14/2026 19:25:51
b2b34afa,7/14/2026,2026 7,5165,0,تم الطباعة,b1ed9887,مسائي 14-07-26,كاشير 2,04b9d4de,طارق ماسبيرو,7/14/2026 19:28:10
843dc6fc,7/14/2026,2026 7,5167,10,تم الطباعة,b1ed9887,مسائي 14-07-26,كاشير 2,04b9d4de,طارق ماسبيرو,7/14/2026 19:39:14
e082f361,7/14/2026,2026 7,5168,30,تم الطباعة,b1ed9887,مسائي 14-07-26,كاشير 2,04b9d4de,طارق ماسبيرو,7/14/2026 19:45:28
2c3adf0e,7/14/2026,2026 7,5169,5,تم الطباعة,b1ed9887,مسائي 14-07-26,كاشير 2,04b9d4de,طارق ماسبيرو,7/14/2026 20:21:10
e840228c,7/14/2026,2026 7,5170,75,تم الطباعة,7f7362e3,مسائي 14-07-26,كاشير 1,4ac7873c,محمود سويفي,7/14/2026 20:29:36
68c019de,7/14/2026,2026 7,5171,462,تم الطباعة,b1ed9887,مسائي 14-07-26,كاشير 2,04b9d4de,طارق ماسبيرو,7/14/2026 20:44:03
184ebc07,7/14/2026,2026 7,5172,-4925,تم الطباعة,7f7362e3,مسائي 14-07-26,كاشير 1,4ac7873c,محمود سويفي,7/14/2026 20:47:32
cb5bdedb,7/14/2026,2026 7,5173,369,تم الطباعة,b1ed9887,مسائي 14-07-26,كاشير 2,04b9d4de,طارق ماسبيرو,7/14/2026 20:54:30
fc1e884b,7/14/2026,2026 7,5174,20,تم الطباعة,b1ed9887,مسائي 14-07-26,كاشير 2,04b9d4de,طارق ماسبيرو,7/14/2026 21:00:17
aa692cd5,7/14/2026,2026 7,5174,1415,تم الطباعة,7f7362e3,مسائي 14-07-26,كاشير 1,4ac7873c,محمود سويفي,7/14/2026 21:01:00
3786aa13,7/14/2026,2026 7,5176,7,تم الطباعة,7f7362e3,مسائي 14-07-26,كاشير 1,4ac7873c,محمود سويفي,7/14/2026 21:05:05
d9cfed0f,7/14/2026,2026 7,5177,2020,تم الطباعة,7f7362e3,مسائي 14-07-26,كاشير 1,4ac7873c,محمود سويفي,7/14/2026 21:20:31
0df18dbb,7/14/2026,2026 7,5178,50,تم الطباعة,7f7362e3,مسائي 14-07-26,كاشير 1,4ac7873c,محمود سويفي,7/14/2026 21:22:11
8cb802ed,7/14/2026,2026 7,5179,100,تم الطباعة,b1ed9887,مسائي 14-07-26,كاشير 2,04b9d4de,طارق ماسبيرو,7/14/2026 21:28:45
8b22a0d4,7/14/2026,2026 7,5180,-600,تم الطباعة,7f7362e3,مسائي 14-07-26,كاشير 1,4ac7873c,محمود سويفي,7/14/2026 21:30:14
9bb13b78,7/14/2026,2026 7,5181,35,تم الطباعة,7f7362e3,مسائي 14-07-26,كاشير 1,4ac7873c,محمود سويفي,7/14/2026 21:32:25
4607e6b1,7/14/2026,2026 7,5182,-2755,تم الطباعة,7f7362e3,مسائي 14-07-26,كاشير 1,4ac7873c,محمود سويفي,7/14/2026 21:34:14
ac26913f,7/14/2026,2026 7,5183,75,تم الطباعة,7f7362e3,مسائي 14-07-26,كاشير 1,4ac7873c,محمود سويفي,7/14/2026 21:40:16
3db77946,7/14/2026,2026 7,5184,50,تم الطباعة,b1ed9887,مسائي 14-07-26,كاشير 2,04b9d4de,طارق ماسبيرو,7/14/2026 21:46:26
ef1c4794,7/14/2026,2026 7,5184,210,تم الطباعة,7f7362e3,مسائي 14-07-26,كاشير 1,4ac7873c,محمود سويفي,7/14/2026 21:49:55
08b6b823,7/14/2026,2026 7,5186,20,تم الطباعة,7f7362e3,مسائي 14-07-26,كاشير 1,4ac7873c,محمود سويفي,7/14/2026 21:52:41
83c8c25a,7/14/2026,2026 7,5187,15,تم الطباعة,7f7362e3,مسائي 14-07-26,كاشير 1,4ac7873c,محمود سويفي,7/14/2026 22:02:37
f0fd8428,7/14/2026,2026 7,5188,110,تم الطباعة,7f7362e3,مسائي 14-07-26,كاشير 1,4ac7873c,محمود سويفي,7/14/2026 22:18:46
f9ffb448,7/14/2026,2026 7,5189,-5910,تم الطباعة,7f7362e3,مسائي 14-07-26,كاشير 1,4ac7873c,محمود سويفي,7/14/2026 22:24:16
fef1f0a3,7/14/2026,2026 7,5190,110,تم الطباعة,7f7362e3,مسائي 14-07-26,كاشير 1,4ac7873c,محمود سويفي,7/14/2026 22:27:45
b860aa27,7/14/2026,2026 7,5191,5,تم الطباعة,1f2ebd01,مسائي 14-07-26,كاشير 3,0154dfaa,أ/ احمد زرزور,7/14/2026 22:29:23
a2ee2f32,7/14/2026,2026 7,5192,200,تم الطباعة,,,,0154dfaa,أ/ احمد زرزور,7/14/2026 22:34:16
3fbb86c0,7/14/2026,2026 7,5193,40,تم الطباعة,fc5fde56,مسائي 14-07-26,كاشير 3,0154dfaa,أ/ احمد زرزور,7/14/2026 22:54:35
0c8bd746,7/14/2026,2026 7,5194,100,تم الطباعة,b1ed9887,مسائي 14-07-26,كاشير 2,04b9d4de,طارق ماسبيرو,7/14/2026 22:55:33
c562e7ce,7/14/2026,2026 7,5195,30,تم الطباعة,7f7362e3,مسائي 14-07-26,كاشير 1,4ac7873c,محمود سويفي,7/14/2026 22:59:48
2f2e9451,7/14/2026,2026 7,5196,15,تم الطباعة,7f7362e3,مسائي 14-07-26,كاشير 1,4ac7873c,محمود سويفي,7/14/2026 23:02:34
6f393680,7/14/2026,2026 7,5197,505,تم الطباعة,7f7362e3,مسائي 14-07-26,كاشير 1,4ac7873c,محمود سويفي,7/14/2026 23:05:09
71b32cd9,7/14/2026,2026 7,5198,15,تم الطباعة,7f7362e3,مسائي 14-07-26,كاشير 1,4ac7873c,محمود سويفي,7/14/2026 23:07:21
a7046c80,7/14/2026,2026 7,5199,610,تم الطباعة,fc5fde56,مسائي 14-07-26,كاشير 3,0154dfaa,أ/ احمد زرزور,7/14/2026 23:10:49
164f119a,7/14/2026,2026 7,5200,3000,تم الطباعة,fc5fde56,مسائي 14-07-26,كاشير 3,0154dfaa,أ/ احمد زرزور,7/14/2026 23:19:31
7b6da606,7/14/2026,2026 7,5201,100,تم الطباعة,fc5fde56,مسائي 14-07-26,كاشير 3,0154dfaa,أ/ احمد زرزور,7/14/2026 23:21:24
8e53fc9a,7/14/2026,2026 7,5202,23,تم الطباعة,b1ed9887,مسائي 14-07-26,كاشير 2,04b9d4de,طارق ماسبيرو,7/14/2026 23:43:30
de357268,7/14/2026,2026 7,5203,5,تم الطباعة,b1ed9887,مسائي 14-07-26,كاشير 2,04b9d4de,طارق ماسبيرو,7/14/2026 23:52:46
5a933a78,7/15/2026,2026 7,5204,405,تم الطباعة,b1ed9887,مسائي 14-07-26,كاشير 2,04b9d4de,طارق ماسبيرو,7/15/2026 0:03:33
2212d354,7/15/2026,2026 7,5205,2,تم الطباعة,7f7362e3,مسائي 14-07-26,كاشير 1,4ac7873c,محمود سويفي,7/15/2026 0:10:22
84dad292,7/15/2026,2026 7,5206,500,تم الطباعة,7f7362e3,مسائي 14-07-26,كاشير 1,4ac7873c,محمود سويفي,7/15/2026 0:11:13
a797f2b5,7/15/2026,2026 7,5207,-100,تم الطباعة,7f7362e3,مسائي 14-07-26,كاشير 1,4ac7873c,محمود سويفي,7/15/2026 0:15:14
bbf174e4,7/15/2026,2026 7,5208,20,تم الطباعة,7f7362e3,مسائي 14-07-26,كاشير 1,4ac7873c,محمود سويفي,7/15/2026 0:19:19
ff0c7b3d,7/15/2026,2026 7,5209,2,تم الطباعة,b1ed9887,مسائي 14-07-26,كاشير 2,04b9d4de,طارق ماسبيرو,7/15/2026 0:25:52
8646acd9,7/15/2026,2026 7,5210,20,تم الطباعة,ca99acd9,مسائي 15-07-26,كاشير 1,0154dfaa,أ/ احمد زرزور,7/15/2026 0:40:01
1b4308cf,7/15/2026,2026 7,5211,940,تم الطباعة,ca99acd9,مسائي 15-07-26,كاشير 1,0154dfaa,أ/ احمد زرزور,7/15/2026 0:55:33
29da817f,7/15/2026,2026 7,5212,3,تم الطباعة,ca99acd9,مسائي 15-07-26,كاشير 1,0154dfaa,أ/ احمد زرزور,7/15/2026 0:56:10
81e3dd8b,7/15/2026,2026 7,5213,15,تم الطباعة,ca99acd9,مسائي 15-07-26,كاشير 1,0154dfaa,أ/ احمد زرزور,7/15/2026 1:08:28
2c682bfb,7/15/2026,2026 7,5214,-2425,تم الطباعة,c42d5264,مسائي 15-07-26,كاشير 1,0154dfaa,أ/ احمد زرزور,7/15/2026 1:16:17
96bdbf0b,7/15/2026,2026 7,5215,3080,تم الطباعة,80485170,صباحي 15-07-26,كاشير 1,f7f8d8a0,محمد عبدالتواب,7/15/2026 7:56:02
e67ffaa9,7/15/2026,2026 7,5216,70,تم الطباعة,80485170,صباحي 15-07-26,كاشير 1,f7f8d8a0,محمد عبدالتواب,7/15/2026 7:56:13
787a1c17,7/15/2026,2026 7,5217,1153,تم الطباعة,80485170,صباحي 15-07-26,كاشير 1,f7f8d8a0,محمد عبدالتواب,7/15/2026 8:42:15
a04ad500,7/15/2026,2026 7,5218,5,تم الطباعة,80485170,صباحي 15-07-26,كاشير 1,f7f8d8a0,محمد عبدالتواب,7/15/2026 9:21:17
cdf0b6e7,7/15/2026,2026 7,5219,5,تم الطباعة,80485170,صباحي 15-07-26,كاشير 1,f7f8d8a0,محمد عبدالتواب,7/15/2026 9:45:42
87fb0e1e,7/15/2026,2026 7,5220,5,تم الطباعة,80485170,صباحي 15-07-26,كاشير 1,f7f8d8a0,محمد عبدالتواب,7/15/2026 9:45:53
6ce4b265,7/15/2026,2026 7,5221,107,تم الطباعة,80485170,صباحي 15-07-26,كاشير 1,f7f8d8a0,محمد عبدالتواب,7/15/2026 9:55:59
5c719934,7/15/2026,2026 7,5222,30,تم الطباعة,80485170,صباحي 15-07-26,كاشير 1,f7f8d8a0,محمد عبدالتواب,7/15/2026 10:02:01
70b9c80d,7/15/2026,2026 7,5223,700,تم الطباعة,80485170,صباحي 15-07-26,كاشير 1,f7f8d8a0,محمد عبدالتواب,7/15/2026 10:04:18
48828548,7/15/2026,2026 7,5224,-495,تم الطباعة,80485170,صباحي 15-07-26,كاشير 1,f7f8d8a0,محمد عبدالتواب,7/15/2026 10:04:38
ddefdc32,7/15/2026,2026 7,5225,6,تم الطباعة,80485170,صباحي 15-07-26,كاشير 1,f7f8d8a0,محمد عبدالتواب,7/15/2026 10:21:34
185e66d2,7/15/2026,2026 7,5226,2600,تم الطباعة,80485170,صباحي 15-07-26,كاشير 1,f7f8d8a0,محمد عبدالتواب,7/15/2026 10:50:17
89e5d1ce,7/15/2026,2026 7,5227,2100,تم الطباعة,80485170,صباحي 15-07-26,كاشير 1,f7f8d8a0,محمد عبدالتواب,7/15/2026 10:51:42
a6697e2c,7/15/2026,2026 7,5228,300,تم الطباعة,80485170,صباحي 15-07-26,كاشير 1,f7f8d8a0,محمد عبدالتواب,7/15/2026 11:07:18
22faa754,7/15/2026,2026 7,5229,10,تم الطباعة,80485170,صباحي 15-07-26,كاشير 1,f7f8d8a0,محمد عبدالتواب,7/15/2026 11:14:26
37f75613,7/15/2026,2026 7,5230,45,تم الطباعة,ca0bd9f5,صباحي 15-07-26,كاشير 2,e9ad5415,ابانوب ايليا,7/15/2026 11:25:10
4a7d477f,7/15/2026,2026 7,5231,10,تم الطباعة,80485170,صباحي 15-07-26,كاشير 1,f7f8d8a0,محمد عبدالتواب,7/15/2026 12:03:16
dec1b1ef,7/15/2026,2026 7,5232,30,تم الطباعة,ca0bd9f5,صباحي 15-07-26,كاشير 2,e9ad5415,ابانوب ايليا,7/15/2026 12:17:28
fa09526e,7/15/2026,2026 7,5233,20,تم الطباعة,80485170,صباحي 15-07-26,كاشير 1,f7f8d8a0,محمد عبدالتواب,7/15/2026 12:25:04
c3cb4e23,7/15/2026,2026 7,5234,100,تم الطباعة,ca0bd9f5,صباحي 15-07-26,كاشير 2,e9ad5415,ابانوب ايليا,7/15/2026 13:09:04
c0578ae8,7/15/2026,2026 7,5235,60,تم الطباعة,80485170,صباحي 15-07-26,كاشير 1,f7f8d8a0,محمد عبدالتواب,7/15/2026 13:16:09
2ecd2f21,7/15/2026,2026 7,5236,18,تم الطباعة,ca0bd9f5,صباحي 15-07-26,كاشير 2,e9ad5415,ابانوب ايليا,7/15/2026 13:17:17
b83ed83c,7/15/2026,2026 7,5236,245,تم الطباعة,80485170,صباحي 15-07-26,كاشير 1,f7f8d8a0,محمد عبدالتواب,7/15/2026 13:16:58
5a8d4c2f,7/15/2026,2026 7,5238,-95,تم الطباعة,80485170,صباحي 15-07-26,كاشير 1,f7f8d8a0,محمد عبدالتواب,7/15/2026 13:20:24
6631432f,7/15/2026,2026 7,5239,2700,تم الطباعة,80485170,صباحي 15-07-26,كاشير 1,f7f8d8a0,محمد عبدالتواب,7/15/2026 13:25:28
d8fd4bbc,7/15/2026,2026 7,5240,-95,تم الطباعة,80485170,صباحي 15-07-26,كاشير 1,f7f8d8a0,محمد عبدالتواب,7/15/2026 13:29:23
8d349100,7/15/2026,2026 7,5241,-150,تم الطباعة,80485170,صباحي 15-07-26,كاشير 1,f7f8d8a0,محمد عبدالتواب,7/15/2026 13:31:55
fbd03031,7/15/2026,2026 7,5242,5,تم الطباعة,80485170,صباحي 15-07-26,كاشير 1,f7f8d8a0,محمد عبدالتواب,7/15/2026 13:34:41
9f5a3460,7/15/2026,2026 7,5243,20,تم الطباعة,80485170,صباحي 15-07-26,كاشير 1,f7f8d8a0,محمد عبدالتواب,7/15/2026 13:37:17
896ff4b2,7/15/2026,2026 7,5244,20,تم الطباعة,80485170,صباحي 15-07-26,كاشير 1,f7f8d8a0,محمد عبدالتواب,7/15/2026 13:55:23
c6993e36,7/15/2026,2026 7,5245,447,تم الطباعة,80485170,صباحي 15-07-26,كاشير 1,f7f8d8a0,محمد عبدالتواب,7/15/2026 14:11:18
ed64b8ec,7/15/2026,2026 7,5246,9125,تم الطباعة,80485170,صباحي 15-07-26,كاشير 1,f7f8d8a0,محمد عبدالتواب,7/15/2026 14:37:14
f4f846c5,7/15/2026,2026 7,5247,-260,تم الطباعة,80485170,صباحي 15-07-26,كاشير 1,f7f8d8a0,محمد عبدالتواب,7/15/2026 14:38:37
53d3e472,7/15/2026,2026 7,5248,12,تم الطباعة,80485170,صباحي 15-07-26,كاشير 1,f7f8d8a0,محمد عبدالتواب,7/15/2026 14:41:00
64bb8a90,7/15/2026,2026 7,5249,-1980,تم الطباعة,80485170,صباحي 15-07-26,كاشير 1,f7f8d8a0,محمد عبدالتواب,7/15/2026 15:05:20
a7a11dc8,7/15/2026,2026 7,5250,100,تم الطباعة,ca0bd9f5,صباحي 15-07-26,كاشير 2,e9ad5415,ابانوب ايليا,7/15/2026 15:20:09
5b5dd95f,7/15/2026,2026 7,5251,200,تم الطباعة,80485170,صباحي 15-07-26,كاشير 1,f7f8d8a0,محمد عبدالتواب,7/15/2026 15:32:30
576e88bc,7/15/2026,2026 7,5252,100,تم الطباعة,ca0bd9f5,صباحي 15-07-26,كاشير 2,e9ad5415,ابانوب ايليا,7/15/2026 15:43:58
5f6d6702,7/15/2026,2026 7,5253,5,تم الطباعة,ca0bd9f5,صباحي 15-07-26,كاشير 2,e9ad5415,ابانوب ايليا,7/15/2026 15:50:47
f75473b2,7/15/2026,2026 7,5254,-350,تم الطباعة,80485170,صباحي 15-07-26,كاشير 1,f7f8d8a0,محمد عبدالتواب,7/15/2026 16:06:26
d0f9a249,7/15/2026,2026 7,5255,245,تم الطباعة,80485170,صباحي 15-07-26,كاشير 1,f7f8d8a0,محمد عبدالتواب,7/15/2026 16:27:22
f0ce706d,7/15/2026,2026 7,5256,-800,تم الطباعة,80485170,صباحي 15-07-26,كاشير 1,f7f8d8a0,محمد عبدالتواب,7/15/2026 16:27:45
3c5058b5,7/15/2026,2026 7,5257,355,تم الطباعة,80485170,صباحي 15-07-26,كاشير 1,f7f8d8a0,محمد عبدالتواب,7/15/2026 16:30:28
b1f0458d,7/15/2026,2026 7,5258,20,تم الطباعة,80485170,صباحي 15-07-26,كاشير 1,f7f8d8a0,محمد عبدالتواب,7/15/2026 16:34:22
3aa38c53,7/15/2026,2026 7,5259,20,تم الطباعة,80485170,صباحي 15-07-26,كاشير 1,f7f8d8a0,محمد عبدالتواب,7/15/2026 17:02:33
d1a5ed80,7/15/2026,2026 7,5260,30,تم الطباعة,80485170,صباحي 15-07-26,كاشير 1,f7f8d8a0,محمد عبدالتواب,7/15/2026 17:16:53
8f73bee3,7/15/2026,2026 7,5261,35,تم الطباعة,80485170,صباحي 15-07-26,كاشير 1,f7f8d8a0,محمد عبدالتواب,7/15/2026 17:17:02
7dc985cf,7/15/2026,2026 7,5262,-600,تم الطباعة,80485170,صباحي 15-07-26,كاشير 1,f7f8d8a0,محمد عبدالتواب,7/15/2026 17:31:08
545d611d,7/15/2026,2026 7,5263,-195,تم الطباعة,80485170,صباحي 15-07-26,كاشير 1,f7f8d8a0,محمد عبدالتواب,7/15/2026 17:31:39
25e506f2,7/15/2026,2026 7,5264,30,تم الطباعة,80485170,صباحي 15-07-26,كاشير 1,f7f8d8a0,محمد عبدالتواب,7/15/2026 17:33:25
f0d90389,7/15/2026,2026 7,5265,30,تم الطباعة,80485170,صباحي 15-07-26,كاشير 1,f7f8d8a0,محمد عبدالتواب,7/15/2026 17:34:24
80c9c0bb,7/15/2026,2026 7,5266,10,تم الطباعة,80485170,صباحي 15-07-26,كاشير 1,f7f8d8a0,محمد عبدالتواب,7/15/2026 17:35:08
13b4400c,7/15/2026,2026 7,5267,300,تم الطباعة,80485170,صباحي 15-07-26,كاشير 1,f7f8d8a0,محمد عبدالتواب,7/15/2026 17:36:54
e19e2eaf,7/15/2026,2026 7,5268,600,تم الطباعة,80485170,صباحي 15-07-26,كاشير 1,f7f8d8a0,محمد عبدالتواب,7/15/2026 17:38:58
736a2296,7/15/2026,2026 7,5269,-345,تم الطباعة,80485170,صباحي 15-07-26,كاشير 1,f7f8d8a0,محمد عبدالتواب,7/15/2026 17:40:25
c6a1ca65,7/15/2026,2026 7,5270,122,تم الطباعة,80485170,صباحي 15-07-26,كاشير 1,f7f8d8a0,محمد عبدالتواب,7/15/2026 17:42:54
f317820c,7/15/2026,2026 7,5271,70,تم الطباعة,ca0bd9f5,صباحي 15-07-26,كاشير 2,e9ad5415,ابانوب ايليا,7/15/2026 17:45:39
6f6ae453,7/15/2026,2026 7,5272,270,تم الطباعة,d5db4660,مسائي 15-07-26,كاشير 1,e9ad5415,ابانوب ايليا,7/15/2026 17:53:37
aa2a8dca,7/15/2026,2026 7,5273,-200,تم الطباعة,d5db4660,مسائي 15-07-26,كاشير 1,e9ad5415,ابانوب ايليا,7/15/2026 17:59:33
be3cc60b,7/15/2026,2026 7,5274,43,تم الطباعة,d5db4660,مسائي 15-07-26,كاشير 1,e9ad5415,ابانوب ايليا,7/15/2026 18:02:05
9d3d4ef6,7/15/2026,2026 7,5275,-1480,تم الطباعة,d5db4660,مسائي 15-07-26,كاشير 1,e9ad5415,ابانوب ايليا,7/15/2026 18:06:21
2e48fc72,7/15/2026,2026 7,5276,5,تم الطباعة,d5db4660,مسائي 15-07-26,كاشير 1,e9ad5415,ابانوب ايليا,7/15/2026 18:11:39
17235cee,7/15/2026,2026 7,5277,4,تم الطباعة,d5db4660,مسائي 15-07-26,كاشير 1,e9ad5415,ابانوب ايليا,7/15/2026 18:17:57
0de21962,7/15/2026,2026 7,5278,25,تم الطباعة,d5db4660,مسائي 15-07-26,كاشير 1,e9ad5415,ابانوب ايليا,7/15/2026 18:24:52
e94827f2,7/15/2026,2026 7,5279,8,تم الطباعة,0eb762a1,مسائي 15-07-26,كاشير 2,04b9d4de,طارق ماسبيرو,7/15/2026 18:39:00
fbfbfb56,7/15/2026,2026 7,5279,-1,تم الطباعة,d5db4660,مسائي 15-07-26,كاشير 1,e9ad5415,ابانوب ايليا,7/15/2026 18:40:09
55850a62,7/15/2026,2026 7,5281,66,تم الطباعة,d5db4660,مسائي 15-07-26,كاشير 1,e9ad5415,ابانوب ايليا,7/15/2026 18:59:49
a8bae868,7/15/2026,2026 7,5282,20,تم الطباعة,d5db4660,مسائي 15-07-26,كاشير 1,e9ad5415,ابانوب ايليا,7/15/2026 19:06:00
0ebb265b,7/15/2026,2026 7,5283,26,تم الطباعة,0eb762a1,مسائي 15-07-26,كاشير 2,04b9d4de,طارق ماسبيرو,7/15/2026 19:12:02
74feb815,7/15/2026,2026 7,5284,-250,تم الطباعة,d5db4660,مسائي 15-07-26,كاشير 1,e9ad5415,ابانوب ايليا,7/15/2026 19:17:24
f4059769,7/15/2026,2026 7,5285,-985,تم الطباعة,d5db4660,مسائي 15-07-26,كاشير 1,e9ad5415,ابانوب ايليا,7/15/2026 19:19:03
0f866c02,7/15/2026,2026 7,5286,30,تم الطباعة,0eb762a1,مسائي 15-07-26,كاشير 2,04b9d4de,طارق ماسبيرو,7/15/2026 19:25:50
c6573606,7/15/2026,2026 7,5286,100,تم الطباعة,d5db4660,مسائي 15-07-26,كاشير 1,e9ad5415,ابانوب ايليا,7/15/2026 19:21:04
ddb79e32,7/15/2026,2026 7,5287,390,تم الطباعة,d5db4660,مسائي 15-07-26,كاشير 1,e9ad5415,ابانوب ايليا,7/15/2026 19:22:08
22490712,7/15/2026,2026 7,5288,100,تم الطباعة,d5db4660,مسائي 15-07-26,كاشير 1,e9ad5415,ابانوب ايليا,7/15/2026 19:23:42
d8654119,7/15/2026,2026 7,5290,0,تم الطباعة,d5db4660,مسائي 15-07-26,كاشير 1,e9ad5415,ابانوب ايليا,7/15/2026 19:37:58
a448b22c,7/15/2026,2026 7,5291,500,تم الطباعة,d5db4660,مسائي 15-07-26,كاشير 1,e9ad5415,ابانوب ايليا,7/15/2026 19:39:23
79a8aeeb,7/15/2026,2026 7,5292,145,تم الطباعة,d5db4660,مسائي 15-07-26,كاشير 1,e9ad5415,ابانوب ايليا,7/15/2026 19:45:53
39faf396,7/15/2026,2026 7,5293,200,تم الطباعة,d5db4660,مسائي 15-07-26,كاشير 1,e9ad5415,ابانوب ايليا,7/15/2026 20:05:19
ed3433e6,7/15/2026,2026 7,5294,-1415,تم الطباعة,d5db4660,مسائي 15-07-26,كاشير 1,e9ad5415,ابانوب ايليا,7/15/2026 20:09:27
d9384af4,7/15/2026,2026 7,5295,399,تم الطباعة,d5db4660,مسائي 15-07-26,كاشير 1,e9ad5415,ابانوب ايليا,7/15/2026 20:10:09
4538fc1e,7/15/2026,2026 7,5296,399,تم الطباعة,d5db4660,مسائي 15-07-26,كاشير 1,e9ad5415,ابانوب ايليا,7/15/2026 20:11:21
1807fe8d,7/15/2026,2026 7,5297,100,تم الطباعة,d5db4660,مسائي 15-07-26,كاشير 1,e9ad5415,ابانوب ايليا,7/15/2026 20:21:31
b3a797d9,7/15/2026,2026 7,5298,5,تم الطباعة,d5db4660,مسائي 15-07-26,كاشير 1,e9ad5415,ابانوب ايليا,7/15/2026 20:37:35
b7c1bab6,7/15/2026,2026 7,5299,132,تم الطباعة,d5db4660,مسائي 15-07-26,كاشير 1,e9ad5415,ابانوب ايليا,7/15/2026 21:02:01
e24c1d46,7/15/2026,2026 7,5300,100,تم الطباعة,d5db4660,مسائي 15-07-26,كاشير 1,e9ad5415,ابانوب ايليا,7/15/2026 21:02:53
31ce8b2e,7/15/2026,2026 7,5301,-300,تم الطباعة,d5db4660,مسائي 15-07-26,كاشير 1,e9ad5415,ابانوب ايليا,7/15/2026 21:05:08
7b3a1462,7/15/2026,2026 7,5302,100,تم الطباعة,d5db4660,مسائي 15-07-26,كاشير 1,e9ad5415,ابانوب ايليا,7/15/2026 21:08:51
9f8261a8,7/15/2026,2026 7,5303,10,تم الطباعة,d5db4660,مسائي 15-07-26,كاشير 1,e9ad5415,ابانوب ايليا,7/15/2026 21:09:23
58e9beec,7/15/2026,2026 7,5304,22,تم الطباعة,76a765f8,مسائي 15-07-26,كاشير 1,0154dfaa,أ/ احمد زرزور,7/15/2026 21:22:30
d81ec2a1,7/15/2026,2026 7,5305,205,تم الطباعة,76a765f8,مسائي 15-07-26,كاشير 1,0154dfaa,أ/ احمد زرزور,7/15/2026 21:29:38
f5ede0fb,7/15/2026,2026 7,5306,-150,تم الطباعة,76a765f8,مسائي 15-07-26,كاشير 1,0154dfaa,أ/ احمد زرزور,7/15/2026 21:36:40
469daa40,7/15/2026,2026 7,5307,10,تم الطباعة,76a765f8,مسائي 15-07-26,كاشير 1,0154dfaa,أ/ احمد زرزور,7/15/2026 21:41:02
7229a891,7/15/2026,2026 7,5308,25,تم الطباعة,76a765f8,مسائي 15-07-26,كاشير 1,0154dfaa,أ/ احمد زرزور,7/15/2026 21:52:52
42472c00,7/15/2026,2026 7,5309,24,تم الطباعة,76a765f8,مسائي 15-07-26,كاشير 1,0154dfaa,أ/ احمد زرزور,7/15/2026 22:03:08
0b79d75e,7/15/2026,2026 7,5310,-950,تم الطباعة,76a765f8,مسائي 15-07-26,كاشير 1,0154dfaa,أ/ احمد زرزور,7/15/2026 22:20:04
fcf68136,7/15/2026,2026 7,5311,9,تم الطباعة,76a765f8,مسائي 15-07-26,كاشير 1,0154dfaa,أ/ احمد زرزور,7/15/2026 22:23:25
b46affd6,7/15/2026,2026 7,5312,265,تم الطباعة,76a765f8,مسائي 15-07-26,كاشير 1,0154dfaa,أ/ احمد زرزور,7/15/2026 22:40:21
c5107d35,7/15/2026,2026 7,5313,-2522,تم الطباعة,76a765f8,مسائي 15-07-26,كاشير 1,0154dfaa,أ/ احمد زرزور,7/15/2026 22:49:41
fa94f514,7/15/2026,2026 7,5314,30,تم الطباعة,76a765f8,مسائي 15-07-26,كاشير 1,0154dfaa,أ/ احمد زرزور,7/15/2026 23:02:26
b5ef8cd2,7/15/2026,2026 7,5315,20,تم الطباعة,76a765f8,مسائي 15-07-26,كاشير 1,0154dfaa,أ/ احمد زرزور,7/15/2026 23:09:52
5ad52c43,7/15/2026,2026 7,5316,-285,تم الطباعة,76a765f8,مسائي 15-07-26,كاشير 1,0154dfaa,أ/ احمد زرزور,7/15/2026 23:24:57
e1eecbd0,7/15/2026,2026 7,5317,170,تم الطباعة,76a765f8,مسائي 15-07-26,كاشير 1,0154dfaa,أ/ احمد زرزور,7/15/2026 23:29:32
8f211f01,7/15/2026,2026 7,5318,-5,تم الطباعة,76a765f8,مسائي 15-07-26,كاشير 1,0154dfaa,أ/ احمد زرزور,7/15/2026 23:39:11
cfc49826,7/15/2026,2026 7,5319,5,تم الطباعة,76a765f8,مسائي 15-07-26,كاشير 1,0154dfaa,أ/ احمد زرزور,7/15/2026 23:46:14
999871df,7/15/2026,2026 7,5320,1000,تم الطباعة,76a765f8,مسائي 15-07-26,كاشير 1,0154dfaa,أ/ احمد زرزور,7/15/2026 23:48:19
7f386345,7/15/2026,2026 7,5321,-5910,تم الطباعة,76a765f8,مسائي 15-07-26,كاشير 1,0154dfaa,أ/ احمد زرزور,7/15/2026 23:56:54
e8bc5627,7/16/2026,2026 7,5322,40,تم الطباعة,76a765f8,مسائي 15-07-26,كاشير 1,0154dfaa,أ/ احمد زرزور,7/16/2026 0:00:35
a8f51ca7,7/16/2026,2026 7,5323,9,تم الطباعة,76a765f8,مسائي 15-07-26,كاشير 1,0154dfaa,أ/ احمد زرزور,7/16/2026 0:12:13
24fc722a,7/16/2026,2026 7,5324,600,تم الطباعة,0fb9b93c,مسائي 16-07-26,كاشير 1,0154dfaa,أ/ احمد زرزور,7/16/2026 0:33:54
83220557,7/16/2026,2026 7,5325,2300,تم الطباعة,0fb9b93c,مسائي 16-07-26,كاشير 1,0154dfaa,أ/ احمد زرزور,7/16/2026 0:40:33
620beb77,7/16/2026,2026 7,5326,0,تم الطباعة,0fb9b93c,مسائي 16-07-26,كاشير 1,0154dfaa,أ/ احمد زرزور,7/16/2026 0:46:10
58d483fb,7/16/2026,2026 7,5327,-350,تم الطباعة,0fb9b93c,مسائي 16-07-26,كاشير 1,0154dfaa,أ/ احمد زرزور,7/16/2026 0:48:59
308c8fe7,7/16/2026,2026 7,5328,111,تم الطباعة,53ec2c91,مسائي 16-07-26,كاشير 1,0154dfaa,أ/ احمد زرزور,7/16/2026 1:01:15
3898ab8b,7/16/2026,2026 7,5329,-95,تم الطباعة,c5657292,صباحي 16-07-26,كاشير 1,f7f8d8a0,محمد عبدالتواب,7/16/2026 9:45:28
3e94790e,7/16/2026,2026 7,5330,-195,تم الطباعة,c5657292,صباحي 16-07-26,كاشير 1,f7f8d8a0,محمد عبدالتواب,7/16/2026 9:46:25
6dcf8d27,7/16/2026,2026 7,5331,4,تم الطباعة,c5657292,صباحي 16-07-26,كاشير 1,f7f8d8a0,محمد عبدالتواب,7/16/2026 9:51:24
fb6cf8bb,7/16/2026,2026 7,5332,200,تم الطباعة,c5657292,صباحي 16-07-26,كاشير 1,f7f8d8a0,محمد عبدالتواب,7/16/2026 10:16:38
028e033d,7/16/2026,2026 7,5333,15,تم الطباعة,c5657292,صباحي 16-07-26,كاشير 1,f7f8d8a0,محمد عبدالتواب,7/16/2026 10:17:08
ce8c8d20,7/16/2026,2026 7,5334,-20,تم الطباعة,c5657292,صباحي 16-07-26,كاشير 1,f7f8d8a0,محمد عبدالتواب,7/16/2026 11:06:50
6621fec1,7/16/2026,2026 7,5335,10,تم الطباعة,c5657292,صباحي 16-07-26,كاشير 1,f7f8d8a0,محمد عبدالتواب,7/16/2026 11:09:56
187b7731,7/16/2026,2026 7,5336,-310,تم الطباعة,c5657292,صباحي 16-07-26,كاشير 1,f7f8d8a0,محمد عبدالتواب,7/16/2026 11:10:14
be6577ec,7/16/2026,2026 7,5337,23,تم الطباعة,c5657292,صباحي 16-07-26,كاشير 1,f7f8d8a0,محمد عبدالتواب,7/16/2026 11:23:04
7a73b983,7/16/2026,2026 7,5338,8,تم الطباعة,c5657292,صباحي 16-07-26,كاشير 1,f7f8d8a0,محمد عبدالتواب,7/16/2026 11:38:11
86fbeded,7/16/2026,2026 7,5339,2020,تم الطباعة,c5657292,صباحي 16-07-26,كاشير 1,f7f8d8a0,محمد عبدالتواب,7/16/2026 11:52:21
e4117c64,7/16/2026,2026 7,5340,0,تم الطباعة,c5657292,صباحي 16-07-26,كاشير 1,f7f8d8a0,محمد عبدالتواب,7/16/2026 11:52:45
2e61ad70,7/16/2026,2026 7,5341,5,تم الطباعة,c5657292,صباحي 16-07-26,كاشير 1,f7f8d8a0,محمد عبدالتواب,7/16/2026 11:53:52
787090fa,7/16/2026,2026 7,5342,10,تم الطباعة,c5657292,صباحي 16-07-26,كاشير 1,f7f8d8a0,محمد عبدالتواب,7/16/2026 11:54:11
d7f30981,7/16/2026,2026 7,5341,100,تم الطباعة,a16cf5b3,صباحي 16-07-26,كاشير 2,e9ad5415,ابانوب ايليا,7/16/2026 11:54:55
cbb63eb4,7/16/2026,2026 7,5343,-1000,تم الطباعة,c5657292,صباحي 16-07-26,كاشير 1,f7f8d8a0,محمد عبدالتواب,7/16/2026 12:04:30
1dcc34e2,7/16/2026,2026 7,5345,200,تم الطباعة,c5657292,صباحي 16-07-26,كاشير 1,f7f8d8a0,محمد عبدالتواب,7/16/2026 12:45:22
a5fea9bf,7/16/2026,2026 7,5346,-890,تم الطباعة,c5657292,صباحي 16-07-26,كاشير 1,f7f8d8a0,محمد عبدالتواب,7/16/2026 13:16:53
6a586fea,7/16/2026,2026 7,5347,255,تم الطباعة,c5657292,صباحي 16-07-26,كاشير 1,f7f8d8a0,محمد عبدالتواب,7/16/2026 13:18:22
d5f97557,7/16/2026,2026 7,5348,9,تم الطباعة,c5657292,صباحي 16-07-26,كاشير 1,f7f8d8a0,محمد عبدالتواب,7/16/2026 13:21:13
4b85ee55,7/16/2026,2026 7,5349,34,تم الطباعة,c5657292,صباحي 16-07-26,كاشير 1,f7f8d8a0,محمد عبدالتواب,7/16/2026 13:22:53
b3d62c1b,7/16/2026,2026 7,5350,-7555,تم الطباعة,c5657292,صباحي 16-07-26,كاشير 1,f7f8d8a0,محمد عبدالتواب,7/16/2026 13:39:55
c5f14d99,7/16/2026,2026 7,5351,55,تم الطباعة,c5657292,صباحي 16-07-26,كاشير 1,f7f8d8a0,محمد عبدالتواب,7/16/2026 13:41:36
96a7fe86,7/16/2026,2026 7,5352,5050,تم الطباعة,c5657292,صباحي 16-07-26,كاشير 1,f7f8d8a0,محمد عبدالتواب,7/16/2026 13:44:25
cfbe1fbd,7/16/2026,2026 7,5353,-300,تم الطباعة,c5657292,صباحي 16-07-26,كاشير 1,f7f8d8a0,محمد عبدالتواب,7/16/2026 14:04:58
e607f804,7/16/2026,2026 7,5354,-2955,تم الطباعة,c5657292,صباحي 16-07-26,كاشير 1,f7f8d8a0,محمد عبدالتواب,7/16/2026 14:11:10
bb1d3b13,7/16/2026,2026 7,5355,0,تم الطباعة,a16cf5b3,صباحي 16-07-26,كاشير 2,e9ad5415,ابانوب ايليا,7/16/2026 14:25:20
f862fc01,7/16/2026,2026 7,5356,30,تم الطباعة,a16cf5b3,صباحي 16-07-26,كاشير 2,e9ad5415,ابانوب ايليا,7/16/2026 14:31:32
8ddd02c3,7/16/2026,2026 7,5357,-30,تم الطباعة,c5657292,صباحي 16-07-26,كاشير 1,f7f8d8a0,محمد عبدالتواب,7/16/2026 14:33:11
c7c1825a,7/16/2026,2026 7,5358,210,تم الطباعة,c5657292,صباحي 16-07-26,كاشير 1,f7f8d8a0,محمد عبدالتواب,7/16/2026 14:42:34
69701f27,7/16/2026,2026 7,5359,-8080,تم الطباعة,c5657292,صباحي 16-07-26,كاشير 1,f7f8d8a0,محمد عبدالتواب,7/16/2026 14:43:30
ecdfa542,7/16/2026,2026 7,5360,-293,تم الطباعة,c5657292,صباحي 16-07-26,كاشير 1,f7f8d8a0,محمد عبدالتواب,7/16/2026 15:06:16
bd045bd4,7/16/2026,2026 7,5361,90,تم الطباعة,c5657292,صباحي 16-07-26,كاشير 1,f7f8d8a0,محمد عبدالتواب,7/16/2026 15:10:42
9b279368,7/16/2026,2026 7,5362,90,تم الطباعة,c5657292,صباحي 16-07-26,كاشير 1,f7f8d8a0,محمد عبدالتواب,7/16/2026 15:26:03
dee049e8,7/16/2026,2026 7,5363,290,تم الطباعة,c5657292,صباحي 16-07-26,كاشير 1,f7f8d8a0,محمد عبدالتواب,7/16/2026 15:27:05
dcafb753,7/16/2026,2026 7,5364,88,تم الطباعة,a16cf5b3,صباحي 16-07-26,كاشير 2,e9ad5415,ابانوب ايليا,7/16/2026 16:19:57
489971d3,7/16/2026,2026 7,5364,4040,تم الطباعة,c5657292,صباحي 16-07-26,كاشير 1,f7f8d8a0,محمد عبدالتواب,7/16/2026 16:32:24
3a67e96b,7/16/2026,2026 7,5366,55,تم الطباعة,c5657292,صباحي 16-07-26,كاشير 1,f7f8d8a0,محمد عبدالتواب,7/16/2026 16:35:32
d2bf452d,7/16/2026,2026 7,5367,10,تم الطباعة,c5657292,صباحي 16-07-26,كاشير 1,f7f8d8a0,محمد عبدالتواب,7/16/2026 16:38:36
a94dfe57,7/16/2026,2026 7,5368,50,تم الطباعة,c5657292,صباحي 16-07-26,كاشير 1,f7f8d8a0,محمد عبدالتواب,7/16/2026 16:39:24
93310e0b,7/16/2026,2026 7,5369,100,تم الطباعة,a16cf5b3,صباحي 16-07-26,كاشير 2,e9ad5415,ابانوب ايليا,7/16/2026 16:45:35
9591a715,7/16/2026,2026 7,5370,10,تم الطباعة,ee333f05,مسائي 16-07-26,كاشير 2,04b9d4de,طارق ماسبيرو,7/16/2026 17:03:18
981d5464,7/16/2026,2026 7,5371,0,تم الطباعة,820468b1,مسائي 16-07-26,كاشير 1,e9ad5415,ابانوب ايليا,7/16/2026 17:14:06
26e8a05c,7/16/2026,2026 7,5372,30,تم الطباعة,820468b1,مسائي 16-07-26,كاشير 1,e9ad5415,ابانوب ايليا,7/16/2026 17:29:05
df749930,7/16/2026,2026 7,5373,0,تم الطباعة,ee333f05,مسائي 16-07-26,كاشير 2,04b9d4de,طارق ماسبيرو,7/16/2026 17:31:04
c434584c,7/16/2026,2026 7,5373,8,تم الطباعة,820468b1,مسائي 16-07-26,كاشير 1,e9ad5415,ابانوب ايليا,7/16/2026 17:31:35
4c33ed4a,7/16/2026,2026 7,5375,8,تم الطباعة,820468b1,مسائي 16-07-26,كاشير 1,e9ad5415,ابانوب ايليا,7/16/2026 17:34:24
5c3c8f4a,7/16/2026,2026 7,5376,20,تم الطباعة,820468b1,مسائي 16-07-26,كاشير 1,e9ad5415,ابانوب ايليا,7/16/2026 17:38:56
6112c031,7/16/2026,2026 7,5377,-2000,تم الطباعة,820468b1,مسائي 16-07-26,كاشير 1,e9ad5415,ابانوب ايليا,7/16/2026 17:44:20
a93cf50a,7/16/2026,2026 7,5378,0,تم الطباعة,820468b1,مسائي 16-07-26,كاشير 1,e9ad5415,ابانوب ايليا,7/16/2026 17:49:24
f5e07a0c,7/16/2026,2026 7,5379,15,تم الطباعة,820468b1,مسائي 16-07-26,كاشير 1,e9ad5415,ابانوب ايليا,7/16/2026 18:02:15
1a03fc51,7/16/2026,2026 7,5380,100,تم الطباعة,ee333f05,مسائي 16-07-26,كاشير 2,04b9d4de,طارق ماسبيرو,7/16/2026 18:15:34
40d8b4a1,7/16/2026,2026 7,5380,2500,تم الطباعة,820468b1,مسائي 16-07-26,كاشير 1,e9ad5415,ابانوب ايليا,7/16/2026 18:16:01
f975ac93,7/16/2026,2026 7,5381,20,تم الطباعة,820468b1,مسائي 16-07-26,كاشير 1,e9ad5415,ابانوب ايليا,7/16/2026 18:16:39
4f35b581,7/16/2026,2026 7,5383,2525,تم الطباعة,820468b1,مسائي 16-07-26,كاشير 1,e9ad5415,ابانوب ايليا,7/16/2026 18:21:25
e6b0e173,7/16/2026,2026 7,5384,-75,تم الطباعة,820468b1,مسائي 16-07-26,كاشير 1,e9ad5415,ابانوب ايليا,7/16/2026 18:53:24
f6568a66,7/16/2026,2026 7,5385,462,تم الطباعة,820468b1,مسائي 16-07-26,كاشير 1,e9ad5415,ابانوب ايليا,7/16/2026 18:55:10
bfabe739,7/16/2026,2026 7,5386,-250,تم الطباعة,820468b1,مسائي 16-07-26,كاشير 1,e9ad5415,ابانوب ايليا,7/16/2026 19:02:14
941a9157,7/16/2026,2026 7,5387,53,تم الطباعة,820468b1,مسائي 16-07-26,كاشير 1,e9ad5415,ابانوب ايليا,7/16/2026 19:08:07
786649d6,7/16/2026,2026 7,5388,-190,تم الطباعة,820468b1,مسائي 16-07-26,كاشير 1,e9ad5415,ابانوب ايليا,7/16/2026 19:09:39
e62e5b3b,7/16/2026,2026 7,5389,20,تم الطباعة,820468b1,مسائي 16-07-26,كاشير 1,e9ad5415,ابانوب ايليا,7/16/2026 19:12:19
7b56af2f,7/16/2026,2026 7,5390,-1980,تم الطباعة,820468b1,مسائي 16-07-26,كاشير 1,e9ad5415,ابانوب ايليا,7/16/2026 19:21:58
8b514164,7/16/2026,2026 7,5391,5,تم الطباعة,820468b1,مسائي 16-07-26,كاشير 1,e9ad5415,ابانوب ايليا,7/16/2026 19:24:35
f4fe4d34,7/16/2026,2026 7,5392,462,تم الطباعة,820468b1,مسائي 16-07-26,كاشير 1,e9ad5415,ابانوب ايليا,7/16/2026 19:31:29
c5d51efe,7/16/2026,2026 7,5393,116,تم الطباعة,820468b1,مسائي 16-07-26,كاشير 1,e9ad5415,ابانوب ايليا,7/16/2026 19:34:56
7f0e3180,7/16/2026,2026 7,5394,-9850,تم الطباعة,820468b1,مسائي 16-07-26,كاشير 1,e9ad5415,ابانوب ايليا,7/16/2026 19:40:18
a589abd9,7/16/2026,2026 7,5395,-2265,تم الطباعة,820468b1,مسائي 16-07-26,كاشير 1,e9ad5415,ابانوب ايليا,7/16/2026 19:47:28
81d9613d,7/16/2026,2026 7,5396,3030,تم الطباعة,820468b1,مسائي 16-07-26,كاشير 1,e9ad5415,ابانوب ايليا,7/16/2026 20:18:19
c449de9a,7/16/2026,2026 7,5397,100,تم الطباعة,ee333f05,مسائي 16-07-26,كاشير 2,04b9d4de,طارق ماسبيرو,7/16/2026 20:19:11
2e85ebfc,7/16/2026,2026 7,5398,-2910,تم الطباعة,820468b1,مسائي 16-07-26,كاشير 1,e9ad5415,ابانوب ايليا,7/16/2026 20:32:28
ddbaafe0,7/16/2026,2026 7,5399,-295,تم الطباعة,820468b1,مسائي 16-07-26,كاشير 1,e9ad5415,ابانوب ايليا,7/16/2026 20:33:09
06238f1a,7/16/2026,2026 7,5400,4,تم الطباعة,49ba0ba1,مسائي 16-07-26,كاشير 1,0154dfaa,أ/ احمد زرزور,7/16/2026 21:02:14
ea86c5ec,7/16/2026,2026 7,5401,17,تم الطباعة,49ba0ba1,مسائي 16-07-26,كاشير 1,0154dfaa,أ/ احمد زرزور,7/16/2026 21:05:05
c8084d56,7/16/2026,2026 7,5402,100,تم الطباعة,ee333f05,مسائي 16-07-26,كاشير 2,04b9d4de,طارق ماسبيرو,7/16/2026 21:09:28
b15e4170,7/16/2026,2026 7,5403,300,تم الطباعة,49ba0ba1,مسائي 16-07-26,كاشير 1,0154dfaa,أ/ احمد زرزور,7/16/2026 21:25:43
a1fdc513,7/16/2026,2026 7,5404,1268,تم الطباعة,49ba0ba1,مسائي 16-07-26,كاشير 1,0154dfaa,أ/ احمد زرزور,7/16/2026 21:26:32
70b92914,7/16/2026,2026 7,5405,500,تم الطباعة,49ba0ba1,مسائي 16-07-26,كاشير 1,0154dfaa,أ/ احمد زرزور,7/16/2026 21:28:15
6d00ae03,7/16/2026,2026 7,5406,30,تم الطباعة,ee333f05,مسائي 16-07-26,كاشير 2,04b9d4de,طارق ماسبيرو,7/16/2026 21:34:13
0865aeb2,7/16/2026,2026 7,5407,-265,تم الطباعة,43f99297,مسائي 16-07-26,كاشير 1,4ac7873c,محمود سويفي,7/16/2026 21:36:34
35db87d0,7/16/2026,2026 7,5408,23,تم الطباعة,ee333f05,مسائي 16-07-26,كاشير 2,04b9d4de,طارق ماسبيرو,7/16/2026 21:48:44
0eb66a85,7/16/2026,2026 7,5409,820,تم الطباعة,43f99297,مسائي 16-07-26,كاشير 1,4ac7873c,محمود سويفي,7/16/2026 21:54:16
24356fa0,7/16/2026,2026 7,5410,100,تم الطباعة,ee333f05,مسائي 16-07-26,كاشير 2,04b9d4de,طارق ماسبيرو,7/16/2026 21:55:54
94b789d1,7/16/2026,2026 7,5411,10,تم الطباعة,ee333f05,مسائي 16-07-26,كاشير 2,04b9d4de,طارق ماسبيرو,7/16/2026 21:57:02
afbcbcda,7/16/2026,2026 7,5412,2,تم الطباعة,43f99297,مسائي 16-07-26,كاشير 1,4ac7873c,محمود سويفي,7/16/2026 22:14:12
4f8cba14,7/16/2026,2026 7,5413,1095,تم الطباعة,ccc80332,مسائي 16-07-26,كاشير 3,0154dfaa,أ/ احمد زرزور,7/16/2026 22:17:05
1f18044e,7/16/2026,2026 7,5414,15,تم الطباعة,43f99297,مسائي 16-07-26,كاشير 1,4ac7873c,محمود سويفي,7/16/2026 22:19:16
b7c04875,7/16/2026,2026 7,5415,-500,تم الطباعة,43f99297,مسائي 16-07-26,كاشير 1,4ac7873c,محمود سويفي,7/16/2026 22:27:25
3dcfd36b,7/16/2026,2026 7,5416,20,تم الطباعة,43f99297,مسائي 16-07-26,كاشير 1,4ac7873c,محمود سويفي,7/16/2026 22:27:54
d675c980,7/16/2026,2026 7,5417,80,تم الطباعة,43f99297,مسائي 16-07-26,كاشير 1,4ac7873c,محمود سويفي,7/16/2026 22:30:21
3376574b,7/16/2026,2026 7,5418,-1160,تم الطباعة,43f99297,مسائي 16-07-26,كاشير 1,4ac7873c,محمود سويفي,7/16/2026 22:40:53
3f118dd8,7/16/2026,2026 7,5419,105,تم الطباعة,43f99297,مسائي 16-07-26,كاشير 1,4ac7873c,محمود سويفي,7/16/2026 22:50:51
d7dee0dd,7/16/2026,2026 7,5420,18,تم الطباعة,ccc80332,مسائي 16-07-26,كاشير 3,0154dfaa,أ/ احمد زرزور,7/16/2026 23:04:33
d26a822f,7/16/2026,2026 7,5421,60,تم الطباعة,ee333f05,مسائي 16-07-26,كاشير 2,04b9d4de,طارق ماسبيرو,7/16/2026 23:11:32
52e247af,7/16/2026,2026 7,5422,30,تم الطباعة,ee333f05,مسائي 16-07-26,كاشير 2,04b9d4de,طارق ماسبيرو,7/16/2026 23:12:51
0a1a500e,7/16/2026,2026 7,5423,143,تم الطباعة,43f99297,مسائي 16-07-26,كاشير 1,4ac7873c,محمود سويفي,7/16/2026 23:13:54
bdc52a9b,7/16/2026,2026 7,5424,5,تم الطباعة,43f99297,مسائي 16-07-26,كاشير 1,4ac7873c,محمود سويفي,7/16/2026 23:24:41
c0fcc27f,7/16/2026,2026 7,5425,5,تم الطباعة,43f99297,مسائي 16-07-26,كاشير 1,4ac7873c,محمود سويفي,7/16/2026 23:27:06
c0eed428,7/16/2026,2026 7,5426,-6000,تم الطباعة,43f99297,مسائي 16-07-26,كاشير 1,4ac7873c,محمود سويفي,7/16/2026 23:33:23
665d417a,7/16/2026,2026 7,5427,90,تم الطباعة,ee333f05,مسائي 16-07-26,كاشير 2,04b9d4de,طارق ماسبيرو,7/16/2026 23:44:23
98071e2e,7/17/2026,2026 7,5428,-260,تم الطباعة,43f99297,مسائي 16-07-26,كاشير 1,4ac7873c,محمود سويفي,7/17/2026 0:02:48
58fffd7e,7/17/2026,2026 7,5429,-100,تم الطباعة,43f99297,مسائي 16-07-26,كاشير 1,4ac7873c,محمود سويفي,7/17/2026 0:04:35
7ceaa52c,7/17/2026,2026 7,5430,36,تم الطباعة,43f99297,مسائي 16-07-26,كاشير 1,4ac7873c,محمود سويفي,7/17/2026 0:05:50
f4632b18,7/17/2026,2026 7,5431,-990,تم الطباعة,43f99297,مسائي 16-07-26,كاشير 1,4ac7873c,محمود سويفي,7/17/2026 0:07:44
127ad960,7/17/2026,2026 7,5432,-100,تم الطباعة,43f99297,مسائي 16-07-26,كاشير 1,4ac7873c,محمود سويفي,7/17/2026 0:14:33
b647510e,7/17/2026,2026 7,5433,4885,تم الطباعة,588121d2,مسائي 17-07-26,كاشير 1,e9ad5415,ابانوب ايليا,7/17/2026 13:47:01
d5a807f8,7/17/2026,2026 7,5434,18669,تم الطباعة,588121d2,مسائي 17-07-26,كاشير 1,e9ad5415,ابانوب ايليا,7/17/2026 13:58:02
31419165,7/17/2026,2026 7,5435,-990,تم الطباعة,588121d2,مسائي 17-07-26,كاشير 1,e9ad5415,ابانوب ايليا,7/17/2026 14:02:06
84560732,7/17/2026,2026 7,5436,29,تم الطباعة,588121d2,مسائي 17-07-26,كاشير 1,e9ad5415,ابانوب ايليا,7/17/2026 14:07:03
1c5b5e61,7/17/2026,2026 7,5437,20,تم الطباعة,588121d2,مسائي 17-07-26,كاشير 1,e9ad5415,ابانوب ايليا,7/17/2026 14:23:54
2b5ad98a,7/17/2026,2026 7,5438,0,تم الطباعة,588121d2,مسائي 17-07-26,كاشير 1,e9ad5415,ابانوب ايليا,7/17/2026 14:26:31
6c7edcdc,7/17/2026,2026 7,5439,2020,تم الطباعة,588121d2,مسائي 17-07-26,كاشير 1,e9ad5415,ابانوب ايليا,7/17/2026 14:33:34
ccd4ac67,7/17/2026,2026 7,5440,200,تم الطباعة,588121d2,مسائي 17-07-26,كاشير 1,e9ad5415,ابانوب ايليا,7/17/2026 14:35:40
ccce156a,7/17/2026,2026 7,5441,-105,تم الطباعة,588121d2,مسائي 17-07-26,كاشير 1,e9ad5415,ابانوب ايليا,7/17/2026 14:44:37
e23add5f,7/17/2026,2026 7,5442,10,تم الطباعة,588121d2,مسائي 17-07-26,كاشير 1,e9ad5415,ابانوب ايليا,7/17/2026 14:53:34
b24e1020,7/17/2026,2026 7,5443,4,تم الطباعة,588121d2,مسائي 17-07-26,كاشير 1,e9ad5415,ابانوب ايليا,7/17/2026 15:02:26
25610332,7/17/2026,2026 7,5444,-2460,تم الطباعة,588121d2,مسائي 17-07-26,كاشير 1,e9ad5415,ابانوب ايليا,7/17/2026 15:02:45
cd97f919,7/17/2026,2026 7,5445,0,تم الطباعة,588121d2,مسائي 17-07-26,كاشير 1,e9ad5415,ابانوب ايليا,7/17/2026 15:47:35
97e354c5,7/17/2026,2026 7,5446,0,تم الطباعة,588121d2,مسائي 17-07-26,كاشير 1,e9ad5415,ابانوب ايليا,7/17/2026 16:19:11
6114a7a4,7/17/2026,2026 7,5447,9,تم الطباعة,588121d2,مسائي 17-07-26,كاشير 1,e9ad5415,ابانوب ايليا,7/17/2026 16:19:52
f9fdb747,7/17/2026,2026 7,5448,-3650,تم الطباعة,588121d2,مسائي 17-07-26,كاشير 1,e9ad5415,ابانوب ايليا,7/17/2026 16:27:56
8b5d29c4,7/17/2026,2026 7,5449,2040,تم الطباعة,588121d2,مسائي 17-07-26,كاشير 1,e9ad5415,ابانوب ايليا,7/17/2026 16:28:24
bc2ad42e,7/17/2026,2026 7,5450,1,تم الطباعة,588121d2,مسائي 17-07-26,كاشير 1,e9ad5415,ابانوب ايليا,7/17/2026 16:43:43
bed73f69,7/17/2026,2026 7,5451,-695,تم الطباعة,588121d2,مسائي 17-07-26,كاشير 1,e9ad5415,ابانوب ايليا,7/17/2026 16:46:08
733d2f18,7/17/2026,2026 7,5452,0,تم الطباعة,588121d2,مسائي 17-07-26,كاشير 1,e9ad5415,ابانوب ايليا,7/17/2026 17:16:46
ea1a945e,7/17/2026,2026 7,5453,8,تم الطباعة,588121d2,مسائي 17-07-26,كاشير 1,e9ad5415,ابانوب ايليا,7/17/2026 17:18:20
5cd49d0e,7/17/2026,2026 7,5454,15,تم الطباعة,588121d2,مسائي 17-07-26,كاشير 1,e9ad5415,ابانوب ايليا,7/17/2026 17:29:10
56e457e9,7/17/2026,2026 7,5455,3400,تم الطباعة,588121d2,مسائي 17-07-26,كاشير 1,e9ad5415,ابانوب ايليا,7/17/2026 18:03:54
72814391,7/17/2026,2026 7,5456,5,تم الطباعة,a205f0a2,مسائي 17-07-26,كاشير 2,04b9d4de,طارق ماسبيرو,7/17/2026 18:11:11
47e7b9ef,7/17/2026,2026 7,5457,50,تم الطباعة,a205f0a2,مسائي 17-07-26,كاشير 2,04b9d4de,طارق ماسبيرو,7/17/2026 18:12:25
3111aaf8,7/17/2026,2026 7,5458,20,تم الطباعة,a205f0a2,مسائي 17-07-26,كاشير 2,04b9d4de,طارق ماسبيرو,7/17/2026 18:16:43
6c39e00d,7/17/2026,2026 7,5459,-3770,تم الطباعة,588121d2,مسائي 17-07-26,كاشير 1,e9ad5415,ابانوب ايليا,7/17/2026 18:27:50
d98e4c90,7/17/2026,2026 7,5460,1000,تم الطباعة,588121d2,مسائي 17-07-26,كاشير 1,e9ad5415,ابانوب ايليا,7/17/2026 18:36:23
976b06a3,7/17/2026,2026 7,5461,5,تم الطباعة,a205f0a2,مسائي 17-07-26,كاشير 2,04b9d4de,طارق ماسبيرو,7/17/2026 18:38:54
c0396f18,7/17/2026,2026 7,5462,15,تم الطباعة,a205f0a2,مسائي 17-07-26,كاشير 2,04b9d4de,طارق ماسبيرو,7/17/2026 18:51:46
a46f0be9,7/17/2026,2026 7,5463,3036,تم الطباعة,588121d2,مسائي 17-07-26,كاشير 1,e9ad5415,ابانوب ايليا,7/17/2026 18:54:07
1f0f378c,7/17/2026,2026 7,5464,50,تم الطباعة,588121d2,مسائي 17-07-26,كاشير 1,e9ad5415,ابانوب ايليا,7/17/2026 18:56:05
3b162666,7/17/2026,2026 7,5465,265,تم الطباعة,588121d2,مسائي 17-07-26,كاشير 1,e9ad5415,ابانوب ايليا,7/17/2026 19:04:13
bd38635e,7/17/2026,2026 7,5466,3,تم الطباعة,a205f0a2,مسائي 17-07-26,كاشير 2,04b9d4de,طارق ماسبيرو,7/17/2026 19:11:49
417711a9,7/17/2026,2026 7,5467,310,تم الطباعة,a205f0a2,مسائي 17-07-26,كاشير 2,04b9d4de,طارق ماسبيرو,7/17/2026 19:43:22
17071b06,7/17/2026,2026 7,5468,-2910,تم الطباعة,588121d2,مسائي 17-07-26,كاشير 1,e9ad5415,ابانوب ايليا,7/17/2026 19:51:29
989b18b6,7/17/2026,2026 7,5469,70,تم الطباعة,a205f0a2,مسائي 17-07-26,كاشير 2,04b9d4de,طارق ماسبيرو,7/17/2026 20:05:08
447799ac,7/17/2026,2026 7,5470,-1474,تم الطباعة,588121d2,مسائي 17-07-26,كاشير 1,e9ad5415,ابانوب ايليا,7/17/2026 20:07:14
9a3fb640,7/17/2026,2026 7,5471,2,تم الطباعة,588121d2,مسائي 17-07-26,كاشير 1,e9ad5415,ابانوب ايليا,7/17/2026 20:07:30
11b880b2,7/17/2026,2026 7,5472,-885,تم الطباعة,588121d2,مسائي 17-07-26,كاشير 1,e9ad5415,ابانوب ايليا,7/17/2026 20:15:52
29cd368e,7/17/2026,2026 7,5473,100,تم الطباعة,588121d2,مسائي 17-07-26,كاشير 1,e9ad5415,ابانوب ايليا,7/17/2026 20:16:36
46c2e54b,7/17/2026,2026 7,5474,730,تم الطباعة,588121d2,مسائي 17-07-26,كاشير 1,e9ad5415,ابانوب ايليا,7/17/2026 20:36:38
799fdc8b,7/17/2026,2026 7,5475,115,تم الطباعة,588121d2,مسائي 17-07-26,كاشير 1,e9ad5415,ابانوب ايليا,7/17/2026 20:43:45
fd4c5113,7/17/2026,2026 7,5476,200,تم الطباعة,588121d2,مسائي 17-07-26,كاشير 1,e9ad5415,ابانوب ايليا,7/17/2026 20:45:33
8052f676,7/17/2026,2026 7,5477,30,تم الطباعة,588121d2,مسائي 17-07-26,كاشير 1,e9ad5415,ابانوب ايليا,7/17/2026 21:09:13
a3a00266,7/17/2026,2026 7,5478,510,تم الطباعة,a8f23a26,مسائي ١٧-٠٧-٢٦,كاشير 3,0154dfaa,أ/ احمد زرزور,7/17/2026 21:29:53
a54cbe1b,7/17/2026,2026 7,5478,40,تم الطباعة,a205f0a2,مسائي 17-07-26,كاشير 2,04b9d4de,طارق ماسبيرو,7/17/2026 21:30:01
a4a126ef,7/17/2026,2026 7,5480,165,تم الطباعة,a8f23a26,مسائي ١٧-٠٧-٢٦,كاشير 3,0154dfaa,أ/ احمد زرزور,7/17/2026 21:33:17
9e4ed379,7/17/2026,2026 7,5481,811,تم الطباعة,588121d2,مسائي 17-07-26,كاشير 1,e9ad5415,ابانوب ايليا,7/17/2026 21:33:55
862ad5c6,7/17/2026,2026 7,5482,5,تم الطباعة,a205f0a2,مسائي 17-07-26,كاشير 2,04b9d4de,طارق ماسبيرو,7/17/2026 21:50:52
e0dc1f3e,7/17/2026,2026 7,5483,0,تم الطباعة,588121d2,مسائي 17-07-26,كاشير 1,e9ad5415,ابانوب ايليا,7/17/2026 21:52:08
09f01fde,7/17/2026,2026 7,5484,4020,تم الطباعة,588121d2,مسائي 17-07-26,كاشير 1,e9ad5415,ابانوب ايليا,7/17/2026 21:57:16
fa6894fb,7/17/2026,2026 7,5485,750,تم الطباعة,588121d2,مسائي 17-07-26,كاشير 1,e9ad5415,ابانوب ايليا,7/17/2026 21:57:45
566ff5f7,7/17/2026,2026 7,5486,61,تم الطباعة,588121d2,مسائي 17-07-26,كاشير 1,e9ad5415,ابانوب ايليا,7/17/2026 21:58:42
176b16bf,7/17/2026,2026 7,5487,110,تم الطباعة,588121d2,مسائي 17-07-26,كاشير 1,e9ad5415,ابانوب ايليا,7/17/2026 21:59:24
1c7430bd,7/17/2026,2026 7,5488,-100,تم الطباعة,588121d2,مسائي 17-07-26,كاشير 1,e9ad5415,ابانوب ايليا,7/17/2026 22:02:27
1d4af200,7/17/2026,2026 7,5489,200,تم الطباعة,588121d2,مسائي 17-07-26,كاشير 1,e9ad5415,ابانوب ايليا,7/17/2026 22:03:14
ef1046b7,7/17/2026,2026 7,5489,100,تم الطباعة,a205f0a2,مسائي 17-07-26,كاشير 2,04b9d4de,طارق ماسبيرو,7/17/2026 22:03:40
d7a8808f,7/17/2026,2026 7,5491,15441,تم الطباعة,588121d2,مسائي 17-07-26,كاشير 1,e9ad5415,ابانوب ايليا,7/17/2026 22:13:36
6bdfadf6,7/17/2026,2026 7,5492,100,تم الطباعة,588121d2,مسائي 17-07-26,كاشير 1,e9ad5415,ابانوب ايليا,7/17/2026 22:17:47
ae958beb,7/17/2026,2026 7,5493,5,تم الطباعة,a205f0a2,مسائي 17-07-26,كاشير 2,04b9d4de,طارق ماسبيرو,7/17/2026 22:20:16
d7b913f8,7/17/2026,2026 7,5494,-50,تم الطباعة,a205f0a2,مسائي 17-07-26,كاشير 2,04b9d4de,طارق ماسبيرو,7/17/2026 22:26:24
72392057,7/17/2026,2026 7,5495,-970,تم الطباعة,588121d2,مسائي 17-07-26,كاشير 1,e9ad5415,ابانوب ايليا,7/17/2026 22:31:14
b508b199,7/17/2026,2026 7,5496,200,تم الطباعة,588121d2,مسائي 17-07-26,كاشير 1,e9ad5415,ابانوب ايليا,7/17/2026 22:34:41
cc8f5710,7/17/2026,2026 7,5497,213,تم الطباعة,588121d2,مسائي 17-07-26,كاشير 1,e9ad5415,ابانوب ايليا,7/17/2026 22:35:33
91d51d7d,7/17/2026,2026 7,5498,8,تم الطباعة,87166981,مسائي 17-07-26,كاشير 1,0154dfaa,أ/ احمد زرزور,7/17/2026 22:40:49
d718cfcd,7/17/2026,2026 7,5499,810,تم الطباعة,87166981,مسائي 17-07-26,كاشير 1,0154dfaa,أ/ احمد زرزور,7/17/2026 22:47:33
4e336cb5,7/17/2026,2026 7,5500,10,تم الطباعة,a205f0a2,مسائي 17-07-26,كاشير 2,04b9d4de,طارق ماسبيرو,7/17/2026 22:51:30
7cff0d62,7/17/2026,2026 7,5501,5,تم الطباعة,a205f0a2,مسائي 17-07-26,كاشير 2,04b9d4de,طارق ماسبيرو,7/17/2026 22:54:54
366806fe,7/17/2026,2026 7,5501,-1028,تم الطباعة,87166981,مسائي 17-07-26,كاشير 1,0154dfaa,أ/ احمد زرزور,7/17/2026 22:54:40
023335f6,7/17/2026,2026 7,5502,60,تم الطباعة,87166981,مسائي 17-07-26,كاشير 1,0154dfaa,أ/ احمد زرزور,7/17/2026 22:58:27
2bd54735,7/17/2026,2026 7,5504,5,تم الطباعة,87166981,مسائي 17-07-26,كاشير 1,0154dfaa,أ/ احمد زرزور,7/17/2026 22:59:54
8eb613db,7/17/2026,2026 7,5505,43,تم الطباعة,87166981,مسائي 17-07-26,كاشير 1,0154dfaa,أ/ احمد زرزور,7/17/2026 23:12:23
d3ad2511,7/17/2026,2026 7,5506,110,تم الطباعة,87166981,مسائي 17-07-26,كاشير 1,0154dfaa,أ/ احمد زرزور,7/17/2026 23:24:21
b11c8850,7/17/2026,2026 7,5507,0,تم الطباعة,a205f0a2,مسائي 17-07-26,كاشير 2,04b9d4de,طارق ماسبيرو,7/17/2026 23:31:36
2e2bb75f,7/17/2026,2026 7,5508,3535,تم الطباعة,87166981,مسائي 17-07-26,كاشير 1,0154dfaa,أ/ احمد زرزور,7/17/2026 23:35:02
8bf33a76,7/17/2026,2026 7,5509,1700,تم الطباعة,87166981,مسائي 17-07-26,كاشير 1,0154dfaa,أ/ احمد زرزور,7/17/2026 23:51:41
d4a0b41f,7/17/2026,2026 7,5510,25,تم الطباعة,87166981,مسائي 17-07-26,كاشير 1,0154dfaa,أ/ احمد زرزور,7/17/2026 23:55:26
0cbcf132,7/18/2026,2026 7,5511,6770,تم الطباعة,87166981,مسائي 17-07-26,كاشير 1,0154dfaa,أ/ احمد زرزور,7/18/2026 0:00:45
44e5b727,7/18/2026,2026 7,5512,100,تم الطباعة,87166981,مسائي 17-07-26,كاشير 1,0154dfaa,أ/ احمد زرزور,7/18/2026 0:01:21
3ac0b551,7/18/2026,2026 7,5513,3,تم الطباعة,a205f0a2,مسائي 17-07-26,كاشير 2,04b9d4de,طارق ماسبيرو,7/18/2026 0:06:34
5db4d6cd,7/18/2026,2026 7,5514,100,تم الطباعة,a205f0a2,مسائي 17-07-26,كاشير 2,04b9d4de,طارق ماسبيرو,7/18/2026 0:11:12
44b00fdd,7/18/2026,2026 7,5515,15,تم الطباعة,a205f0a2,مسائي 17-07-26,كاشير 2,04b9d4de,طارق ماسبيرو,7/18/2026 0:13:20
513497d5,7/18/2026,2026 7,5516,-95,تم الطباعة,a205f0a2,مسائي 17-07-26,كاشير 2,04b9d4de,طارق ماسبيرو,7/18/2026 0:17:49
744148d5,7/18/2026,2026 7,5517,5,تم الطباعة,87166981,مسائي 17-07-26,كاشير 1,0154dfaa,أ/ احمد زرزور,7/18/2026 0:20:07
fa5ba5e5,7/18/2026,2026 7,5518,0,تم الطباعة,a205f0a2,مسائي 17-07-26,كاشير 2,04b9d4de,طارق ماسبيرو,7/18/2026 0:27:57
fcfadf5d,7/18/2026,2026 7,5519,25,تم الطباعة,a205f0a2,مسائي 17-07-26,كاشير 2,04b9d4de,طارق ماسبيرو,7/18/2026 0:29:08
15f7d935,7/18/2026,2026 7,5520,113,تم الطباعة,87166981,مسائي 17-07-26,كاشير 1,0154dfaa,أ/ احمد زرزور,7/18/2026 0:32:57
ea43a31b,7/18/2026,2026 7,5521,-300,تم الطباعة,87166981,مسائي 17-07-26,كاشير 1,0154dfaa,أ/ احمد زرزور,7/18/2026 0:44:20
6b6e1657,7/18/2026,2026 7,5521,41,تم الطباعة,a205f0a2,مسائي 17-07-26,كاشير 2,04b9d4de,طارق ماسبيرو,7/18/2026 0:44:52
dbfbb8a7,7/18/2026,2026 7,5522,165,تم الطباعة,87166981,مسائي 17-07-26,كاشير 1,0154dfaa,أ/ احمد زرزور,7/18/2026 0:50:57
88c87ff6,7/18/2026,2026 7,5524,110,تم الطباعة,87166981,مسائي 17-07-26,كاشير 1,0154dfaa,أ/ احمد زرزور,7/18/2026 1:54:46
23c13977,7/18/2026,2026 7,5525,4,تم الطباعة,87166981,مسائي 17-07-26,كاشير 1,0154dfaa,أ/ احمد زرزور,7/18/2026 1:56:32
9ee63a5f,7/18/2026,2026 7,5526,503,تم الطباعة,87166981,مسائي 17-07-26,كاشير 1,0154dfaa,أ/ احمد زرزور,7/18/2026 2:12:56
37a54cd7,7/18/2026,2026 7,5527,75,تم الطباعة,87166981,مسائي 17-07-26,كاشير 1,0154dfaa,أ/ احمد زرزور,7/18/2026 3:20:45
0f94de2c,7/18/2026,2026 7,5528,6,تم الطباعة,87166981,مسائي 17-07-26,كاشير 1,0154dfaa,أ/ احمد زرزور,7/18/2026 3:46:51
40d516ac,7/18/2026,2026 7,5529,-165,تم الطباعة,87166981,مسائي 17-07-26,كاشير 1,0154dfaa,أ/ احمد زرزور,7/18/2026 3:59:08
2359b36e,7/18/2026,2026 7,5530,-590,تم الطباعة,26c5c683,صباحي 18-07-26,كاشير 1,f7f8d8a0,محمد عبدالتواب,7/18/2026 8:43:10
7b423065,7/18/2026,2026 7,5531,935,تم الطباعة,26c5c683,صباحي 18-07-26,كاشير 1,f7f8d8a0,محمد عبدالتواب,7/18/2026 9:00:02
12d8f532,7/18/2026,2026 7,5532,450,تم الطباعة,26c5c683,صباحي 18-07-26,كاشير 1,f7f8d8a0,محمد عبدالتواب,7/18/2026 9:11:55
783c8b53,7/18/2026,2026 7,5533,5,تم الطباعة,26c5c683,صباحي 18-07-26,كاشير 1,f7f8d8a0,محمد عبدالتواب,7/18/2026 9:35:31
3492cabc,7/18/2026,2026 7,5534,20,تم الطباعة,26c5c683,صباحي 18-07-26,كاشير 1,f7f8d8a0,محمد عبدالتواب,7/18/2026 10:28:01
0163e16c,7/18/2026,2026 7,5535,-495,تم الطباعة,26c5c683,صباحي 18-07-26,كاشير 1,f7f8d8a0,محمد عبدالتواب,7/18/2026 10:28:14
ab2d1e56,7/18/2026,2026 7,5536,115,تم الطباعة,26c5c683,صباحي 18-07-26,كاشير 1,f7f8d8a0,محمد عبدالتواب,7/18/2026 10:32:13
16fa8e37,7/18/2026,2026 7,5537,-120,تم الطباعة,26c5c683,صباحي 18-07-26,كاشير 1,f7f8d8a0,محمد عبدالتواب,7/18/2026 10:32:23
d36bfd52,7/18/2026,2026 7,5538,-1029,تم الطباعة,26c5c683,صباحي 18-07-26,كاشير 1,f7f8d8a0,محمد عبدالتواب,7/18/2026 10:38:04
c7dfac22,7/18/2026,2026 7,5539,-984,تم الطباعة,26c5c683,صباحي 18-07-26,كاشير 1,f7f8d8a0,محمد عبدالتواب,7/18/2026 11:07:00
03f8dca2,7/18/2026,2026 7,5540,1228,تم الطباعة,26c5c683,صباحي 18-07-26,كاشير 1,f7f8d8a0,محمد عبدالتواب,7/18/2026 11:32:09
a80c083f,7/18/2026,2026 7,5541,5960,تم الطباعة,26c5c683,صباحي 18-07-26,كاشير 1,f7f8d8a0,محمد عبدالتواب,7/18/2026 11:49:24
e507f344,7/18/2026,2026 7,5542,10,تم الطباعة,26c5c683,صباحي 18-07-26,كاشير 1,f7f8d8a0,محمد عبدالتواب,7/18/2026 12:22:11
e34dd20f,7/18/2026,2026 7,5543,5,تم الطباعة,26c5c683,صباحي 18-07-26,كاشير 1,f7f8d8a0,محمد عبدالتواب,7/18/2026 12:22:29
4351e4a6,7/18/2026,2026 7,5544,10050,تم الطباعة,26c5c683,صباحي 18-07-26,كاشير 1,f7f8d8a0,محمد عبدالتواب,7/18/2026 12:27:47
f062360b,7/18/2026,2026 7,5545,-490,تم الطباعة,26c5c683,صباحي 18-07-26,كاشير 1,f7f8d8a0,محمد عبدالتواب,7/18/2026 12:27:57
d48d9963,7/18/2026,2026 7,5546,100,تم الطباعة,26c5c683,صباحي 18-07-26,كاشير 1,f7f8d8a0,محمد عبدالتواب,7/18/2026 12:45:04
bc4a3705,7/18/2026,2026 7,5547,290,تم الطباعة,26c5c683,صباحي 18-07-26,كاشير 1,f7f8d8a0,محمد عبدالتواب,7/18/2026 12:45:13
4a31e33c,7/18/2026,2026 7,5548,700,تم الطباعة,26c5c683,صباحي 18-07-26,كاشير 1,f7f8d8a0,محمد عبدالتواب,7/18/2026 12:46:12
ecde0aff,7/18/2026,2026 7,5549,-65,تم الطباعة,26c5c683,صباحي 18-07-26,كاشير 1,f7f8d8a0,محمد عبدالتواب,7/18/2026 12:55:04
ced017a3,7/18/2026,2026 7,5550,1142,تم الطباعة,26c5c683,صباحي 18-07-26,كاشير 1,f7f8d8a0,محمد عبدالتواب,7/18/2026 13:04:54
64e815dc,7/18/2026,2026 7,5551,30,تم الطباعة,26c5c683,صباحي 18-07-26,كاشير 1,f7f8d8a0,محمد عبدالتواب,7/18/2026 13:06:13
66f4b2ac,7/18/2026,2026 7,5552,-1085,تم الطباعة,26c5c683,صباحي 18-07-26,كاشير 1,f7f8d8a0,محمد عبدالتواب,7/18/2026 13:33:27
ef17475b,7/18/2026,2026 7,5553,-1000,تم الطباعة,26c5c683,صباحي 18-07-26,كاشير 1,f7f8d8a0,محمد عبدالتواب,7/18/2026 13:39:39
f3ea8751,7/18/2026,2026 7,5554,14431,تم الطباعة,26c5c683,صباحي 18-07-26,كاشير 1,f7f8d8a0,محمد عبدالتواب,7/18/2026 14:00:04
71f214a1,7/18/2026,2026 7,5555,140,تم الطباعة,8f425359,صباحي 18-07-26,كاشير 2,e9ad5415,ابانوب ايليا,7/18/2026 14:04:47
c9c46b6a,7/18/2026,2026 7,5556,-200,تم الطباعة,26c5c683,صباحي 18-07-26,كاشير 1,f7f8d8a0,محمد عبدالتواب,7/18/2026 14:09:37
6ceb394b,7/18/2026,2026 7,5557,-985,تم الطباعة,26c5c683,صباحي 18-07-26,كاشير 1,f7f8d8a0,محمد عبدالتواب,7/18/2026 14:10:40
12f0fc04,7/18/2026,2026 7,5558,30,تم الطباعة,26c5c683,صباحي 18-07-26,كاشير 1,f7f8d8a0,محمد عبدالتواب,7/18/2026 14:13:34
389b2b65,7/18/2026,2026 7,5559,200,تم الطباعة,26c5c683,صباحي 18-07-26,كاشير 1,f7f8d8a0,محمد عبدالتواب,7/18/2026 14:14:17
6884ad8d,7/18/2026,2026 7,5560,15,تم الطباعة,26c5c683,صباحي 18-07-26,كاشير 1,f7f8d8a0,محمد عبدالتواب,7/18/2026 14:17:44
67a57b9a,7/18/2026,2026 7,5561,80,تم الطباعة,26c5c683,صباحي 18-07-26,كاشير 1,f7f8d8a0,محمد عبدالتواب,7/18/2026 14:19:13
f467cb47,7/18/2026,2026 7,5562,-2955,تم الطباعة,26c5c683,صباحي 18-07-26,كاشير 1,f7f8d8a0,محمد عبدالتواب,7/18/2026 14:21:24
e936fbfa,7/18/2026,2026 7,5563,415,تم الطباعة,26c5c683,صباحي 18-07-26,كاشير 1,f7f8d8a0,محمد عبدالتواب,7/18/2026 14:22:52
6bdfb7ac,7/18/2026,2026 7,5564,-95,تم الطباعة,26c5c683,صباحي 18-07-26,كاشير 1,f7f8d8a0,محمد عبدالتواب,7/18/2026 14:36:38
4f8e5b6e,7/18/2026,2026 7,5565,-145,تم الطباعة,26c5c683,صباحي 18-07-26,كاشير 1,f7f8d8a0,محمد عبدالتواب,7/18/2026 14:40:05
c8cb51c9,7/18/2026,2026 7,5566,365,تم الطباعة,26c5c683,صباحي 18-07-26,كاشير 1,f7f8d8a0,محمد عبدالتواب,7/18/2026 14:41:00
f2d26d07,7/18/2026,2026 7,5567,-985,تم الطباعة,26c5c683,صباحي 18-07-26,كاشير 1,f7f8d8a0,محمد عبدالتواب,7/18/2026 14:45:36
1ab8a00c,7/18/2026,2026 7,5568,2115,تم الطباعة,26c5c683,صباحي 18-07-26,كاشير 1,f7f8d8a0,محمد عبدالتواب,7/18/2026 14:47:04
d024132e,7/18/2026,2026 7,5569,-295,تم الطباعة,26c5c683,صباحي 18-07-26,كاشير 1,f7f8d8a0,محمد عبدالتواب,7/18/2026 14:54:24
c5598107,7/18/2026,2026 7,5570,23,تم الطباعة,8f425359,صباحي 18-07-26,كاشير 2,e9ad5415,ابانوب ايليا,7/18/2026 15:06:05
384aeb2d,7/18/2026,2026 7,5571,23,تم الطباعة,26c5c683,صباحي 18-07-26,كاشير 1,f7f8d8a0,محمد عبدالتواب,7/18/2026 15:16:15
419c5e81,7/18/2026,2026 7,5572,55,تم الطباعة,26c5c683,صباحي 18-07-26,كاشير 1,f7f8d8a0,محمد عبدالتواب,7/18/2026 15:16:51
776aecaf,7/18/2026,2026 7,5573,20,تم الطباعة,26c5c683,صباحي 18-07-26,كاشير 1,f7f8d8a0,محمد عبدالتواب,7/18/2026 15:21:48
1ba8e087,7/18/2026,2026 7,5574,-990,تم الطباعة,26c5c683,صباحي 18-07-26,كاشير 1,f7f8d8a0,محمد عبدالتواب,7/18/2026 15:38:07
9b0d5520,7/18/2026,2026 7,5575,3238,تم الطباعة,26c5c683,صباحي 18-07-26,كاشير 1,f7f8d8a0,محمد عبدالتواب,7/18/2026 15:38:34
42324d9b,7/18/2026,2026 7,5576,5,تم الطباعة,26c5c683,صباحي 18-07-26,كاشير 1,f7f8d8a0,محمد عبدالتواب,7/18/2026 15:53:05
88f28fd4,7/18/2026,2026 7,5577,20,تم الطباعة,26c5c683,صباحي 18-07-26,كاشير 1,f7f8d8a0,محمد عبدالتواب,7/18/2026 16:01:59
f499b861,7/18/2026,2026 7,5578,-1000,تم الطباعة,26c5c683,صباحي 18-07-26,كاشير 1,f7f8d8a0,محمد عبدالتواب,7/18/2026 16:02:25
1087a904,7/18/2026,2026 7,5579,290,تم الطباعة,26c5c683,صباحي 18-07-26,كاشير 1,f7f8d8a0,محمد عبدالتواب,7/18/2026 16:09:25
fe6b63e6,7/18/2026,2026 7,5580,-270,تم الطباعة,8f425359,صباحي 18-07-26,كاشير 2,e9ad5415,ابانوب ايليا,7/18/2026 16:15:25
2ee79388,7/18/2026,2026 7,5581,0,تم الطباعة,26c5c683,صباحي 18-07-26,كاشير 1,f7f8d8a0,محمد عبدالتواب,7/18/2026 16:36:29
357a06bd,7/18/2026,2026 7,5582,500,تم الطباعة,26c5c683,صباحي 18-07-26,كاشير 1,f7f8d8a0,محمد عبدالتواب,7/18/2026 16:36:43
edf302de,7/18/2026,2026 7,5583,200,تم الطباعة,26c5c683,صباحي 18-07-26,كاشير 1,f7f8d8a0,محمد عبدالتواب,7/18/2026 16:39:01
e84dc8c7,7/18/2026,2026 7,5584,505,تم الطباعة,26c5c683,صباحي 18-07-26,كاشير 1,f7f8d8a0,محمد عبدالتواب,7/18/2026 16:39:13
4146e44b,7/18/2026,2026 7,5585,-1073,تم الطباعة,26c5c683,صباحي 18-07-26,كاشير 1,f7f8d8a0,محمد عبدالتواب,7/18/2026 16:57:23
57c85475,7/18/2026,2026 7,5586,300,تم الطباعة,26c5c683,صباحي 18-07-26,كاشير 1,f7f8d8a0,محمد عبدالتواب,7/18/2026 16:57:33
f4bbad6f,7/18/2026,2026 7,5587,25,تم الطباعة,8f425359,صباحي 18-07-26,كاشير 2,e9ad5415,ابانوب ايليا,7/18/2026 17:07:49
05b5c6e0,7/18/2026,2026 7,5588,10,تم الطباعة,26c5c683,صباحي 18-07-26,كاشير 1,f7f8d8a0,محمد عبدالتواب,7/18/2026 17:19:19
47fbd20b,7/18/2026,2026 7,5589,100,تم الطباعة,26c5c683,صباحي 18-07-26,كاشير 1,f7f8d8a0,محمد عبدالتواب,7/18/2026 17:28:05
dc6fa5c0,7/18/2026,2026 7,5590,305,تم الطباعة,26c5c683,صباحي 18-07-26,كاشير 1,f7f8d8a0,محمد عبدالتواب,7/18/2026 17:32:45
c92d0911,7/18/2026,2026 7,5591,100,تم الطباعة,8f425359,صباحي 18-07-26,كاشير 2,e9ad5415,ابانوب ايليا,7/18/2026 17:34:34
ce818e44,7/18/2026,2026 7,5591,35,تم الطباعة,26c5c683,صباحي 18-07-26,كاشير 1,f7f8d8a0,محمد عبدالتواب,7/18/2026 17:34:51
b622d6f3,7/18/2026,2026 7,5593,40,تم الطباعة,8f425359,صباحي 18-07-26,كاشير 2,e9ad5415,ابانوب ايليا,7/18/2026 17:43:11
f21b60c8,7/18/2026,2026 7,5594,10,تم الطباعة,8f425359,صباحي 18-07-26,كاشير 2,e9ad5415,ابانوب ايليا,7/18/2026 17:43:52
033b9183,7/18/2026,2026 7,5595,147,تم الطباعة,8f425359,صباحي 18-07-26,كاشير 2,e9ad5415,ابانوب ايليا,7/18/2026 17:47:12
c4625874,7/18/2026,2026 7,5596,1315,تم الطباعة,29f68c65,مسائي 18-07-26,كاشير 1,e9ad5415,ابانوب ايليا,7/18/2026 17:49:07
92e863f4,7/18/2026,2026 7,5597,800,تم الطباعة,29f68c65,مسائي 18-07-26,كاشير 1,e9ad5415,ابانوب ايليا,7/18/2026 17:51:02
b2c0a478,7/18/2026,2026 7,5598,1,تم الطباعة,85f29c1a,مسائي 18-07-26,كاشير 2,04b9d4de,طارق ماسبيرو,7/18/2026 18:20:09
3a0c5270,7/18/2026,2026 7,5598,-1355,تم الطباعة,29f68c65,مسائي 18-07-26,كاشير 1,e9ad5415,ابانوب ايليا,7/18/2026 18:21:06
6716122e,7/18/2026,2026 7,5600,-495,تم الطباعة,29f68c65,مسائي 18-07-26,كاشير 1,e9ad5415,ابانوب ايليا,7/18/2026 18:26:35
c965fc93,7/18/2026,2026 7,5601,5,تم الطباعة,85f29c1a,مسائي 18-07-26,كاشير 2,04b9d4de,طارق ماسبيرو,7/18/2026 18:30:53
efcea51e,7/18/2026,2026 7,5602,20,تم الطباعة,85f29c1a,مسائي 18-07-26,كاشير 2,04b9d4de,طارق ماسبيرو,7/18/2026 18:41:07
326401bd,7/18/2026,2026 7,5603,-1680,تم الطباعة,29f68c65,مسائي 18-07-26,كاشير 1,e9ad5415,ابانوب ايليا,7/18/2026 18:46:10
a9e0a152,7/18/2026,2026 7,5604,255,تم الطباعة,29f68c65,مسائي 18-07-26,كاشير 1,e9ad5415,ابانوب ايليا,7/18/2026 18:49:14
85e9db2a,7/18/2026,2026 7,5605,185,تم الطباعة,29f68c65,مسائي 18-07-26,كاشير 1,e9ad5415,ابانوب ايليا,7/18/2026 19:17:48
b28669ad,7/18/2026,2026 7,5606,25,تم الطباعة,29f68c65,مسائي 18-07-26,كاشير 1,e9ad5415,ابانوب ايليا,7/18/2026 19:26:02
c6851b6a,7/18/2026,2026 7,5606,110,تم الطباعة,85f29c1a,مسائي 18-07-26,كاشير 2,04b9d4de,طارق ماسبيرو,7/18/2026 19:25:57
6dba0fd0,7/18/2026,2026 7,5608,260,تم الطباعة,29f68c65,مسائي 18-07-26,كاشير 1,e9ad5415,ابانوب ايليا,7/18/2026 19:31:41
575e3f34,7/18/2026,2026 7,5609,105,تم الطباعة,29f68c65,مسائي 18-07-26,كاشير 1,e9ad5415,ابانوب ايليا,7/18/2026 19:34:48
300f6e99,7/18/2026,2026 7,5610,24,تم الطباعة,29f68c65,مسائي 18-07-26,كاشير 1,e9ad5415,ابانوب ايليا,7/18/2026 19:38:41
547f353e,7/18/2026,2026 7,5611,700,تم الطباعة,29f68c65,مسائي 18-07-26,كاشير 1,e9ad5415,ابانوب ايليا,7/18/2026 19:49:55
83c764bb,7/18/2026,2026 7,5612,-500,تم الطباعة,29f68c65,مسائي 18-07-26,كاشير 1,e9ad5415,ابانوب ايليا,7/18/2026 19:50:23
efb9a77b,7/18/2026,2026 7,5613,-700,تم الطباعة,29f68c65,مسائي 18-07-26,كاشير 1,e9ad5415,ابانوب ايليا,7/18/2026 19:54:00
72d345db,7/18/2026,2026 7,5614,25,تم الطباعة,29f68c65,مسائي 18-07-26,كاشير 1,e9ad5415,ابانوب ايليا,7/18/2026 19:55:19
44ee49f6,7/18/2026,2026 7,5615,115,تم الطباعة,85f29c1a,مسائي 18-07-26,كاشير 2,04b9d4de,طارق ماسبيرو,7/18/2026 20:00:40
28fc0c88,7/18/2026,2026 7,5616,10,تم الطباعة,85f29c1a,مسائي 18-07-26,كاشير 2,04b9d4de,طارق ماسبيرو,7/18/2026 20:04:19
3c038a0f,7/18/2026,2026 7,5617,505,تم الطباعة,85f29c1a,مسائي 18-07-26,كاشير 2,04b9d4de,طارق ماسبيرو,7/18/2026 20:05:08
d963c831,7/18/2026,2026 7,5618,-150,تم الطباعة,85f29c1a,مسائي 18-07-26,كاشير 2,04b9d4de,طارق ماسبيرو,7/18/2026 20:11:21
f49ddaf1,7/18/2026,2026 7,5619,-295,تم الطباعة,9d7bd0b9,مسائي 18-07-26,كاشير 1,4ac7873c,محمود سويفي,7/18/2026 20:21:43
131fa3ca,7/18/2026,2026 7,5620,205,تم الطباعة,9d7bd0b9,مسائي 18-07-26,كاشير 1,4ac7873c,محمود سويفي,7/18/2026 20:30:15
6786284c,7/18/2026,2026 7,5621,-2790,تم الطباعة,9d7bd0b9,مسائي 18-07-26,كاشير 1,4ac7873c,محمود سويفي,7/18/2026 20:33:12
dada9f21,7/18/2026,2026 7,5622,400,تم الطباعة,9d7bd0b9,مسائي 18-07-26,كاشير 1,4ac7873c,محمود سويفي,7/18/2026 20:35:09
68c406c8,7/18/2026,2026 7,5623,-750,تم الطباعة,9d7bd0b9,مسائي 18-07-26,كاشير 1,4ac7873c,محمود سويفي,7/18/2026 20:50:38
ebde2c12,7/18/2026,2026 7,5624,-290,تم الطباعة,9d7bd0b9,مسائي 18-07-26,كاشير 1,4ac7873c,محمود سويفي,7/18/2026 21:09:16
0d16d6ba,7/18/2026,2026 7,5625,20,تم الطباعة,9d7bd0b9,مسائي 18-07-26,كاشير 1,4ac7873c,محمود سويفي,7/18/2026 21:13:45
6626572a,7/18/2026,2026 7,5626,35,تم الطباعة,9d7bd0b9,مسائي 18-07-26,كاشير 1,4ac7873c,محمود سويفي,7/18/2026 21:14:27
5bc23eb0,7/18/2026,2026 7,5627,15,تم الطباعة,9d7bd0b9,مسائي 18-07-26,كاشير 1,4ac7873c,محمود سويفي,7/18/2026 21:31:57
e11c6880,7/18/2026,2026 7,5627,2,تم الطباعة,85f29c1a,مسائي 18-07-26,كاشير 2,04b9d4de,طارق ماسبيرو,7/18/2026 21:45:19
8f405977,7/18/2026,2026 7,5629,310,تم الطباعة,85f29c1a,مسائي 18-07-26,كاشير 2,04b9d4de,طارق ماسبيرو,7/18/2026 21:49:03
cc5b31b1,7/18/2026,2026 7,5630,42,تم الطباعة,85f29c1a,مسائي 18-07-26,كاشير 2,04b9d4de,طارق ماسبيرو,7/18/2026 21:59:59
a6d4a95d,7/18/2026,2026 7,5631,2,تم الطباعة,85f29c1a,مسائي 18-07-26,كاشير 2,04b9d4de,طارق ماسبيرو,7/18/2026 22:05:37
93290379,7/18/2026,2026 7,5632,70,تم الطباعة,9d7bd0b9,مسائي 18-07-26,كاشير 1,4ac7873c,محمود سويفي,7/18/2026 22:11:26
b26e3390,7/18/2026,2026 7,5633,5,تم الطباعة,85f29c1a,مسائي 18-07-26,كاشير 2,04b9d4de,طارق ماسبيرو,7/18/2026 22:14:12
0463c95c,7/18/2026,2026 7,5634,135,تم الطباعة,9d7bd0b9,مسائي 18-07-26,كاشير 1,4ac7873c,محمود سويفي,7/18/2026 22:18:06
644866d3,7/18/2026,2026 7,5635,-395,تم الطباعة,9d7bd0b9,مسائي 18-07-26,كاشير 1,4ac7873c,محمود سويفي,7/18/2026 22:18:31
5a18a692,7/18/2026,2026 7,5636,140,تم الطباعة,85f29c1a,مسائي 18-07-26,كاشير 2,04b9d4de,طارق ماسبيرو,7/18/2026 22:21:09
288a8a46,7/18/2026,2026 7,5637,8080,تم الطباعة,9d7bd0b9,مسائي 18-07-26,كاشير 1,4ac7873c,محمود سويفي,7/18/2026 22:29:00
d4f3437d,7/18/2026,2026 7,5638,5,تم الطباعة,85f29c1a,مسائي 18-07-26,كاشير 2,04b9d4de,طارق ماسبيرو,7/18/2026 22:33:42
8f84cb74,7/18/2026,2026 7,5639,20,تم الطباعة,9d7bd0b9,مسائي 18-07-26,كاشير 1,4ac7873c,محمود سويفي,7/18/2026 22:36:13
71cf6ab6,7/18/2026,2026 7,5640,310,تم الطباعة,9d7bd0b9,مسائي 18-07-26,كاشير 1,4ac7873c,محمود سويفي,7/18/2026 22:43:36
fa7f4db9,7/18/2026,2026 7,5641,-8988,تم الطباعة,9d7bd0b9,مسائي 18-07-26,كاشير 1,4ac7873c,محمود سويفي,7/18/2026 22:49:10
de102b47,7/18/2026,2026 7,5642,1010,تم الطباعة,9d7bd0b9,مسائي 18-07-26,كاشير 1,4ac7873c,محمود سويفي,7/18/2026 22:50:30
06c68ce6,7/18/2026,2026 7,5643,100,تم الطباعة,9d7bd0b9,مسائي 18-07-26,كاشير 1,4ac7873c,محمود سويفي,7/18/2026 22:53:12
3e97bfda,7/18/2026,2026 7,5644,40,تم الطباعة,85f29c1a,مسائي 18-07-26,كاشير 2,04b9d4de,طارق ماسبيرو,7/18/2026 22:55:53
5dd567b3,7/18/2026,2026 7,5645,50,تم الطباعة,9d7bd0b9,مسائي 18-07-26,كاشير 1,4ac7873c,محمود سويفي,7/18/2026 23:01:33
a1dc7980,7/18/2026,2026 7,5646,27,تم الطباعة,9d7bd0b9,مسائي 18-07-26,كاشير 1,4ac7873c,محمود سويفي,7/18/2026 23:03:57
ee41cb2b,7/18/2026,2026 7,5647,22,تم الطباعة,9d7bd0b9,مسائي 18-07-26,كاشير 1,4ac7873c,محمود سويفي,7/18/2026 23:08:02
e31c3c23,7/18/2026,2026 7,5648,0,تم الطباعة,2d948a6a,مسائي ١٨-٠٧-٢٦,كاشير 3,0154dfaa,أ/ احمد زرزور,7/18/2026 23:09:40
d1d4b6fd,7/18/2026,2026 7,5648,10,تم الطباعة,9d7bd0b9,مسائي 18-07-26,كاشير 1,4ac7873c,محمود سويفي,7/18/2026 23:10:13
61cd353f,7/18/2026,2026 7,5650,-2550,تم الطباعة,9d7bd0b9,مسائي 18-07-26,كاشير 1,4ac7873c,محمود سويفي,7/18/2026 23:18:56
1e09aa93,7/18/2026,2026 7,5651,-295,تم الطباعة,9d7bd0b9,مسائي 18-07-26,كاشير 1,4ac7873c,محمود سويفي,7/18/2026 23:19:36
b320466a,7/18/2026,2026 7,5652,15,تم الطباعة,85f29c1a,مسائي 18-07-26,كاشير 2,04b9d4de,طارق ماسبيرو,7/18/2026 23:21:06
bc44770b,7/18/2026,2026 7,5652,30,تم الطباعة,9d7bd0b9,مسائي 18-07-26,كاشير 1,4ac7873c,محمود سويفي,7/18/2026 23:21:11
7fe57046,7/18/2026,2026 7,5654,1110,تم الطباعة,9d7bd0b9,مسائي 18-07-26,كاشير 1,4ac7873c,محمود سويفي,7/18/2026 23:24:50
65c0370c,7/18/2026,2026 7,5655,205,تم الطباعة,9d7bd0b9,مسائي 18-07-26,كاشير 1,4ac7873c,محمود سويفي,7/18/2026 23:33:02
91cd47cf,7/18/2026,2026 7,5656,-1000,تم الطباعة,9d7bd0b9,مسائي 18-07-26,كاشير 1,4ac7873c,محمود سويفي,7/18/2026 23:37:26
52615bba,7/18/2026,2026 7,5657,80,تم الطباعة,85f29c1a,مسائي 18-07-26,كاشير 2,04b9d4de,طارق ماسبيرو,7/18/2026 23:44:58
758320ad,7/18/2026,2026 7,5658,-240,تم الطباعة,9d7bd0b9,مسائي 18-07-26,كاشير 1,4ac7873c,محمود سويفي,7/18/2026 23:46:04
7d80d935,7/18/2026,2026 7,5659,36,تم الطباعة,9d7bd0b9,مسائي 18-07-26,كاشير 1,4ac7873c,محمود سويفي,7/18/2026 23:54:53
c64e3e94,7/18/2026,2026 7,5660,460,تم الطباعة,9d7bd0b9,مسائي 18-07-26,كاشير 1,4ac7873c,محمود سويفي,7/18/2026 23:56:48
e942b628,7/19/2026,2026 7,5661,50,تم الطباعة,9d7bd0b9,مسائي 18-07-26,كاشير 1,4ac7873c,محمود سويفي,7/19/2026 0:04:20
3b148947,7/19/2026,2026 7,5662,2,تم الطباعة,85f29c1a,مسائي 18-07-26,كاشير 2,04b9d4de,طارق ماسبيرو,7/19/2026 0:07:19
7ee637b0,7/19/2026,2026 7,5663,20,تم الطباعة,d61f9b13,مسائي 18-07-26,كاشير 3,0154dfaa,أ/ احمد زرزور,7/19/2026 0:21:49
c9ac3a8e,7/19/2026,2026 7,5664,2131,تم الطباعة,ee2cfbdf,مسائي 19-07-26,كاشير 1,0154dfaa,أ/ احمد زرزور,7/19/2026 0:31:50
eb0c646a,7/19/2026,2026 7,5665,16,تم الطباعة,ee2cfbdf,مسائي 19-07-26,كاشير 1,0154dfaa,أ/ احمد زرزور,7/19/2026 0:32:05
b5d97079,7/19/2026,2026 7,5666,-495,تم الطباعة,b3785867,صباحي 19-07-26,كاشير 1,f7f8d8a0,محمد عبدالتواب,7/19/2026 8:32:09
c2092d2c,7/19/2026,2026 7,5667,-700,تم الطباعة,b3785867,صباحي 19-07-26,كاشير 1,f7f8d8a0,محمد عبدالتواب,7/19/2026 9:07:23
a56dfddd,7/19/2026,2026 7,5668,5005,تم الطباعة,b3785867,صباحي 19-07-26,كاشير 1,f7f8d8a0,محمد عبدالتواب,7/19/2026 9:08:28
1170f150,7/19/2026,2026 7,5669,10,تم الطباعة,b3785867,صباحي 19-07-26,كاشير 1,f7f8d8a0,محمد عبدالتواب,7/19/2026 9:29:27
d8d2270c,7/19/2026,2026 7,5670,-205,تم الطباعة,b3785867,صباحي 19-07-26,كاشير 1,f7f8d8a0,محمد عبدالتواب,7/19/2026 9:47:05
9be35591,7/19/2026,2026 7,5671,5,تم الطباعة,b3785867,صباحي 19-07-26,كاشير 1,f7f8d8a0,محمد عبدالتواب,7/19/2026 9:49:08
0a4f4994,7/19/2026,2026 7,5672,10,تم الطباعة,b3785867,صباحي 19-07-26,كاشير 1,f7f8d8a0,محمد عبدالتواب,7/19/2026 9:49:15
500d9252,7/19/2026,2026 7,5673,10,تم الطباعة,b3785867,صباحي 19-07-26,كاشير 1,f7f8d8a0,محمد عبدالتواب,7/19/2026 9:49:23
8888fcbc,7/19/2026,2026 7,5674,20,تم الطباعة,b3785867,صباحي 19-07-26,كاشير 1,f7f8d8a0,محمد عبدالتواب,7/19/2026 10:30:35
5129b9aa,7/19/2026,2026 7,5675,550,تم الطباعة,b3785867,صباحي 19-07-26,كاشير 1,f7f8d8a0,محمد عبدالتواب,7/19/2026 10:37:15
02535f13,7/19/2026,2026 7,5676,20,تم الطباعة,b3785867,صباحي 19-07-26,كاشير 1,f7f8d8a0,محمد عبدالتواب,7/19/2026 11:16:36
2b0e2b82,7/19/2026,2026 7,5677,468,تم الطباعة,b3785867,صباحي 19-07-26,كاشير 1,f7f8d8a0,محمد عبدالتواب,7/19/2026 11:36:49
aafe9eac,7/19/2026,2026 7,5678,5,تم الطباعة,b3785867,صباحي 19-07-26,كاشير 1,f7f8d8a0,محمد عبدالتواب,7/19/2026 11:49:05
c9ccbce3,7/19/2026,2026 7,5679,30,تم الطباعة,b3785867,صباحي 19-07-26,كاشير 1,f7f8d8a0,محمد عبدالتواب,7/19/2026 11:50:01
2dbbf3fa,7/19/2026,2026 7,5680,2000,تم الطباعة,b3785867,صباحي 19-07-26,كاشير 1,f7f8d8a0,محمد عبدالتواب,7/19/2026 11:50:10
0a8830b1,7/19/2026,2026 7,5681,2400,تم الطباعة,b3785867,صباحي 19-07-26,كاشير 1,f7f8d8a0,محمد عبدالتواب,7/19/2026 11:54:11
dfb9351f,7/19/2026,2026 7,5682,-990,تم الطباعة,b3785867,صباحي 19-07-26,كاشير 1,f7f8d8a0,محمد عبدالتواب,7/19/2026 11:57:53
df05c022,7/19/2026,2026 7,5683,400,تم الطباعة,b3785867,صباحي 19-07-26,كاشير 1,f7f8d8a0,محمد عبدالتواب,7/19/2026 12:18:49
fb8e3e0b,7/19/2026,2026 7,5684,465,تم الطباعة,2cf1002d,صباحي 19-07-26,كاشير 2,0154dfaa,أ/ احمد زرزور,7/19/2026 12:19:57
560b7721,7/19/2026,2026 7,5685,200,تم الطباعة,b3785867,صباحي 19-07-26,كاشير 1,f7f8d8a0,محمد عبدالتواب,7/19/2026 12:25:29
2ed49369,7/19/2026,2026 7,5686,1815,تم الطباعة,b3785867,صباحي 19-07-26,كاشير 1,f7f8d8a0,محمد عبدالتواب,7/19/2026 13:05:12
724a5c03,7/19/2026,2026 7,5687,2,تم الطباعة,d0549e88,صباحي 19-07-26,كاشير 2,0154dfaa,أ/ احمد زرزور,7/19/2026 13:08:21
0bc1da6e,7/19/2026,2026 7,5688,-1000,تم الطباعة,b3785867,صباحي 19-07-26,كاشير 1,f7f8d8a0,محمد عبدالتواب,7/19/2026 13:45:13
8e1c92ca,7/19/2026,2026 7,5689,-500,تم الطباعة,b3785867,صباحي 19-07-26,كاشير 1,f7f8d8a0,محمد عبدالتواب,7/19/2026 13:45:40
1b16fd56,7/19/2026,2026 7,5690,300,تم الطباعة,b3785867,صباحي 19-07-26,كاشير 1,f7f8d8a0,محمد عبدالتواب,7/19/2026 13:47:25
3697ee4e,7/19/2026,2026 7,5691,-2070,تم الطباعة,b3785867,صباحي 19-07-26,كاشير 1,f7f8d8a0,محمد عبدالتواب,7/19/2026 13:48:59
102c106c,7/19/2026,2026 7,5692,115,تم الطباعة,d0549e88,صباحي 19-07-26,كاشير 2,0154dfaa,أ/ احمد زرزور,7/19/2026 13:52:44
ada8cf25,7/19/2026,2026 7,5693,30,تم الطباعة,b3785867,صباحي 19-07-26,كاشير 1,f7f8d8a0,محمد عبدالتواب,7/19/2026 14:00:54
87733aea,7/19/2026,2026 7,5694,7585,تم الطباعة,b3785867,صباحي 19-07-26,كاشير 1,f7f8d8a0,محمد عبدالتواب,7/19/2026 14:02:14
e715d587,7/19/2026,2026 7,5695,500,تم الطباعة,b3785867,صباحي 19-07-26,كاشير 1,f7f8d8a0,محمد عبدالتواب,7/19/2026 14:09:55
aedc0800,7/19/2026,2026 7,5696,3435,تم الطباعة,b3785867,صباحي 19-07-26,كاشير 1,f7f8d8a0,محمد عبدالتواب,7/19/2026 14:21:25
4a47df4f,7/19/2026,2026 7,5697,400,تم الطباعة,b3785867,صباحي 19-07-26,كاشير 1,f7f8d8a0,محمد عبدالتواب,7/19/2026 14:27:45
fcc0bd55,7/19/2026,2026 7,5698,-700,تم الطباعة,b3785867,صباحي 19-07-26,كاشير 1,f7f8d8a0,محمد عبدالتواب,7/19/2026 14:35:05
23790848,7/19/2026,2026 7,5699,50,تم الطباعة,b3785867,صباحي 19-07-26,كاشير 1,f7f8d8a0,محمد عبدالتواب,7/19/2026 14:44:57
f685e24b,7/19/2026,2026 7,5699,30,تم الطباعة,d0549e88,صباحي 19-07-26,كاشير 2,0154dfaa,أ/ احمد زرزور,7/19/2026 14:45:53
850c2821,7/19/2026,2026 7,5700,-190,تم الطباعة,b3785867,صباحي 19-07-26,كاشير 1,f7f8d8a0,محمد عبدالتواب,7/19/2026 14:54:08
0bc8aa7e,7/19/2026,2026 7,5701,50,تم الطباعة,b3785867,صباحي 19-07-26,كاشير 1,f7f8d8a0,محمد عبدالتواب,7/19/2026 14:54:42
a4d993cd,7/19/2026,2026 7,5702,-100,تم الطباعة,b3785867,صباحي 19-07-26,كاشير 1,f7f8d8a0,محمد عبدالتواب,7/19/2026 14:55:30
72f2e2d3,7/19/2026,2026 7,5704,10,تم الطباعة,b3785867,صباحي 19-07-26,كاشير 1,f7f8d8a0,محمد عبدالتواب,7/19/2026 15:00:58
f466fdcd,7/19/2026,2026 7,5705,6,تم الطباعة,b3785867,صباحي 19-07-26,كاشير 1,f7f8d8a0,محمد عبدالتواب,7/19/2026 15:05:09
d2be6669,7/19/2026,2026 7,5706,30,تم الطباعة,b3785867,صباحي 19-07-26,كاشير 1,f7f8d8a0,محمد عبدالتواب,7/19/2026 15:13:20
0408b4ce,7/19/2026,2026 7,5707,-985,تم الطباعة,b3785867,صباحي 19-07-26,كاشير 1,f7f8d8a0,محمد عبدالتواب,7/19/2026 15:24:10
25b5ae92,7/19/2026,2026 7,5708,500,تم الطباعة,b3785867,صباحي 19-07-26,كاشير 1,f7f8d8a0,محمد عبدالتواب,7/19/2026 15:52:44
e448a7b6,7/19/2026,2026 7,5709,35,تم الطباعة,b3785867,صباحي 19-07-26,كاشير 1,f7f8d8a0,محمد عبدالتواب,7/19/2026 15:56:50
bfe5ae17,7/19/2026,2026 7,5710,1000,تم الطباعة,b3785867,صباحي 19-07-26,كاشير 1,f7f8d8a0,محمد عبدالتواب,7/19/2026 16:26:07
8bcee44f,7/19/2026,2026 7,5711,20,تم الطباعة,b3785867,صباحي 19-07-26,كاشير 1,f7f8d8a0,محمد عبدالتواب,7/19/2026 16:26:23
ab3d4076,7/19/2026,2026 7,5712,20,تم الطباعة,2f9cafb4,مسائي 19-07-26,كاشير 2,04b9d4de,طارق ماسبيرو,7/19/2026 16:40:04
edfbf30f,7/19/2026,2026 7,5713,505,تم الطباعة,b3785867,صباحي 19-07-26,كاشير 1,f7f8d8a0,محمد عبدالتواب,7/19/2026 16:53:35
2b20e3da,7/19/2026,2026 7,5714,-690,تم الطباعة,b3785867,صباحي 19-07-26,كاشير 1,f7f8d8a0,محمد عبدالتواب,7/19/2026 16:54:23
3fa6b480,7/19/2026,2026 7,5715,100,تم الطباعة,2f9cafb4,مسائي 19-07-26,كاشير 2,04b9d4de,طارق ماسبيرو,7/19/2026 16:58:19
cee44af8,7/19/2026,2026 7,5716,15,تم الطباعة,2f9cafb4,مسائي 19-07-26,كاشير 2,04b9d4de,طارق ماسبيرو,7/19/2026 17:06:54
226d0d51,7/19/2026,2026 7,5717,2,تم الطباعة,2f9cafb4,مسائي 19-07-26,كاشير 2,04b9d4de,طارق ماسبيرو,7/19/2026 17:11:58
b34a5405,7/19/2026,2026 7,5718,-2070,تم الطباعة,b3785867,صباحي 19-07-26,كاشير 1,f7f8d8a0,محمد عبدالتواب,7/19/2026 17:16:56
5fcae331,7/19/2026,2026 7,5719,20,تم الطباعة,b3785867,صباحي 19-07-26,كاشير 1,f7f8d8a0,محمد عبدالتواب,7/19/2026 17:19:15
8c1370a6,7/19/2026,2026 7,5720,2600,تم الطباعة,b3785867,صباحي 19-07-26,كاشير 1,f7f8d8a0,محمد عبدالتواب,7/19/2026 17:19:58
3ff83109,7/19/2026,2026 7,5721,1400,تم الطباعة,b3785867,صباحي 19-07-26,كاشير 1,f7f8d8a0,محمد عبدالتواب,7/19/2026 17:21:07
ba0acb4c,7/19/2026,2026 7,5722,1000,تم الطباعة,b3785867,صباحي 19-07-26,كاشير 1,f7f8d8a0,محمد عبدالتواب,7/19/2026 17:21:32
1e131fe8,7/19/2026,2026 7,5723,12,تم الطباعة,2f9cafb4,مسائي 19-07-26,كاشير 2,04b9d4de,طارق ماسبيرو,7/19/2026 17:33:46
4b7e2a02,7/19/2026,2026 7,5724,20,تم الطباعة,b3785867,صباحي 19-07-26,كاشير 1,f7f8d8a0,محمد عبدالتواب,7/19/2026 18:05:51
51b3f09f,7/19/2026,2026 7,5725,20,تم الطباعة,2f9cafb4,مسائي 19-07-26,كاشير 2,04b9d4de,طارق ماسبيرو,7/19/2026 18:07:48
bf4d0fe0,7/19/2026,2026 7,5726,835,تم الطباعة,b3785867,صباحي 19-07-26,كاشير 1,f7f8d8a0,محمد عبدالتواب,7/19/2026 18:11:58
aae0d574,7/19/2026,2026 7,5726,0,تم الطباعة,2f9cafb4,مسائي 19-07-26,كاشير 2,04b9d4de,طارق ماسبيرو,7/19/2026 18:12:47
6212a0a9,7/19/2026,2026 7,5727,20,تم الطباعة,b3785867,صباحي 19-07-26,كاشير 1,f7f8d8a0,محمد عبدالتواب,7/19/2026 18:23:24
1bd60353,7/19/2026,2026 7,5728,35,تم الطباعة,b3785867,صباحي 19-07-26,كاشير 1,f7f8d8a0,محمد عبدالتواب,7/19/2026 18:23:39
0073428a,7/19/2026,2026 7,5729,33,تم الطباعة,b3785867,صباحي 19-07-26,كاشير 1,f7f8d8a0,محمد عبدالتواب,7/19/2026 18:24:37
c1d59654,7/19/2026,2026 7,5731,8080,تم الطباعة,b3785867,صباحي 19-07-26,كاشير 1,f7f8d8a0,محمد عبدالتواب,7/19/2026 18:55:13
4e9dee74,7/19/2026,2026 7,5732,100,تم الطباعة,2f9cafb4,مسائي 19-07-26,كاشير 2,04b9d4de,طارق ماسبيرو,7/19/2026 18:56:33
92cbd2ef,7/19/2026,2026 7,5732,30,تم الطباعة,b3785867,صباحي 19-07-26,كاشير 1,f7f8d8a0,محمد عبدالتواب,7/19/2026 18:57:04
06aa6342,7/19/2026,2026 7,5733,0,تم الطباعة,2f9cafb4,مسائي 19-07-26,كاشير 2,04b9d4de,طارق ماسبيرو,7/19/2026 19:01:11
6f674faa,7/19/2026,2026 7,5735,-498,تم الطباعة,89e6f2cc,مسائي 19-07-26,كاشير 1,4ac7873c,محمود سويفي,7/19/2026 19:33:24
2be0668f,7/19/2026,2026 7,5736,-100,تم الطباعة,89e6f2cc,مسائي 19-07-26,كاشير 1,4ac7873c,محمود سويفي,7/19/2026 19:39:12
d73892e1,7/19/2026,2026 7,5737,-984,تم الطباعة,89e6f2cc,مسائي 19-07-26,كاشير 1,4ac7873c,محمود سويفي,7/19/2026 19:50:40
fc1b5f64,7/19/2026,2026 7,5738,112,تم الطباعة,89e6f2cc,مسائي 19-07-26,كاشير 1,4ac7873c,محمود سويفي,7/19/2026 19:57:11
4361ddf0,7/19/2026,2026 7,5739,3,تم الطباعة,89e6f2cc,مسائي 19-07-26,كاشير 1,4ac7873c,محمود سويفي,7/19/2026 19:58:29
91cb532c,7/19/2026,2026 7,5740,83,تم الطباعة,2f9cafb4,مسائي 19-07-26,كاشير 2,04b9d4de,طارق ماسبيرو,7/19/2026 20:04:53
2b797c72,7/19/2026,2026 7,5741,1565,تم الطباعة,2f9cafb4,مسائي 19-07-26,كاشير 2,04b9d4de,طارق ماسبيرو,7/19/2026 20:09:54
fe8d52c7,7/19/2026,2026 7,5742,-195,تم الطباعة,2f9cafb4,مسائي 19-07-26,كاشير 2,04b9d4de,طارق ماسبيرو,7/19/2026 20:11:17
9cc53b68,7/19/2026,2026 7,5743,5,تم الطباعة,2f9cafb4,مسائي 19-07-26,كاشير 2,04b9d4de,طارق ماسبيرو,7/19/2026 20:14:34
316eeba8,7/19/2026,2026 7,5744,350,تم الطباعة,2f9cafb4,مسائي 19-07-26,كاشير 2,04b9d4de,طارق ماسبيرو,7/19/2026 20:15:07
13ebdb1a,7/19/2026,2026 7,5745,3383,تم الطباعة,89e6f2cc,مسائي 19-07-26,كاشير 1,4ac7873c,محمود سويفي,7/19/2026 20:19:52
554475d1,7/19/2026,2026 7,5746,20,تم الطباعة,89e6f2cc,مسائي 19-07-26,كاشير 1,4ac7873c,محمود سويفي,7/19/2026 20:29:47
2fb766fd,7/19/2026,2026 7,5746,300,تم الطباعة,2f9cafb4,مسائي 19-07-26,كاشير 2,04b9d4de,طارق ماسبيرو,7/19/2026 20:24:58
02eb87fd,7/19/2026,2026 7,5748,16,تم الطباعة,89e6f2cc,مسائي 19-07-26,كاشير 1,4ac7873c,محمود سويفي,7/19/2026 20:39:22
dfa9fea8,7/19/2026,2026 7,5749,-2970,تم الطباعة,89e6f2cc,مسائي 19-07-26,كاشير 1,4ac7873c,محمود سويفي,7/19/2026 20:42:00
c905f491,7/19/2026,2026 7,5750,5,تم الطباعة,2f9cafb4,مسائي 19-07-26,كاشير 2,04b9d4de,طارق ماسبيرو,7/19/2026 20:44:25
fd2ac55f,7/19/2026,2026 7,5751,5,تم الطباعة,2f9cafb4,مسائي 19-07-26,كاشير 2,04b9d4de,طارق ماسبيرو,7/19/2026 20:45:16
a947d8e2,7/19/2026,2026 7,5752,10,تم الطباعة,2f9cafb4,مسائي 19-07-26,كاشير 2,04b9d4de,طارق ماسبيرو,7/19/2026 20:50:52
126524d1,7/19/2026,2026 7,5753,205,تم الطباعة,2f9cafb4,مسائي 19-07-26,كاشير 2,04b9d4de,طارق ماسبيرو,7/19/2026 20:52:43
f697cfae,7/19/2026,2026 7,5754,10,تم الطباعة,2f9cafb4,مسائي 19-07-26,كاشير 2,04b9d4de,طارق ماسبيرو,7/19/2026 20:54:25
110027ac,7/19/2026,2026 7,5754,30,تم الطباعة,89e6f2cc,مسائي 19-07-26,كاشير 1,4ac7873c,محمود سويفي,7/19/2026 20:54:51
e9b0e37c,7/19/2026,2026 7,5756,-245,تم الطباعة,89e6f2cc,مسائي 19-07-26,كاشير 1,4ac7873c,محمود سويفي,7/19/2026 20:55:51
ec684e34,7/19/2026,2026 7,5757,5,تم الطباعة,89e6f2cc,مسائي 19-07-26,كاشير 1,4ac7873c,محمود سويفي,7/19/2026 21:02:07
569e28fe,7/19/2026,2026 7,5758,45,تم الطباعة,89e6f2cc,مسائي 19-07-26,كاشير 1,4ac7873c,محمود سويفي,7/19/2026 21:10:02
bacc111a,7/19/2026,2026 7,5759,1010,تم الطباعة,2f9cafb4,مسائي 19-07-26,كاشير 2,04b9d4de,طارق ماسبيرو,7/19/2026 21:36:00
da7f336a,7/19/2026,2026 7,5760,-1000,تم الطباعة,2f9cafb4,مسائي 19-07-26,كاشير 2,04b9d4de,طارق ماسبيرو,7/19/2026 21:36:32
f16f9045,7/19/2026,2026 7,5761,6513,تم الطباعة,89e6f2cc,مسائي 19-07-26,كاشير 1,4ac7873c,محمود سويفي,7/19/2026 21:43:25
8fa1aa2b,7/19/2026,2026 7,5762,15,تم الطباعة,2f9cafb4,مسائي 19-07-26,كاشير 2,04b9d4de,طارق ماسبيرو,7/19/2026 21:44:37
6dd221cf,7/19/2026,2026 7,5763,30,تم الطباعة,2f9cafb4,مسائي 19-07-26,كاشير 2,04b9d4de,طارق ماسبيرو,7/19/2026 21:47:30
ac77ac9b,7/19/2026,2026 7,5764,0,تم الطباعة,9d7e00cc,مسائي ١٩-٠٧-٢٦,كاشير 3,0154dfaa,أ/ احمد زرزور,7/19/2026 22:03:21
82f76427,7/19/2026,2026 7,5765,812,تم الطباعة,2f9cafb4,مسائي 19-07-26,كاشير 2,04b9d4de,طارق ماسبيرو,7/19/2026 22:04:33
9c51acfe,7/19/2026,2026 7,5766,20,تم الطباعة,89e6f2cc,مسائي 19-07-26,كاشير 1,4ac7873c,محمود سويفي,7/19/2026 22:05:35
6e12e2b8,7/19/2026,2026 7,5767,-935,تم الطباعة,89e6f2cc,مسائي 19-07-26,كاشير 1,4ac7873c,محمود سويفي,7/19/2026 22:07:44
e8f99d3a,7/19/2026,2026 7,5768,70,تم الطباعة,89e6f2cc,مسائي 19-07-26,كاشير 1,4ac7873c,محمود سويفي,7/19/2026 22:09:09
db7def36,7/19/2026,2026 7,5768,490,تم الطباعة,9d7e00cc,مسائي ١٩-٠٧-٢٦,كاشير 3,0154dfaa,أ/ احمد زرزور,7/19/2026 22:09:48
3433566d,7/19/2026,2026 7,5769,2630,تم الطباعة,2f9cafb4,مسائي 19-07-26,كاشير 2,04b9d4de,طارق ماسبيرو,7/19/2026 22:11:38
d5c5f74d,7/19/2026,2026 7,5771,-2655,تم الطباعة,2f9cafb4,مسائي 19-07-26,كاشير 2,04b9d4de,طارق ماسبيرو,7/19/2026 22:12:53
d805dc22,7/19/2026,2026 7,5772,-1000,تم الطباعة,89e6f2cc,مسائي 19-07-26,كاشير 1,4ac7873c,محمود سويفي,7/19/2026 22:14:03
220e4e05,7/19/2026,2026 7,5773,30,تم الطباعة,2f9cafb4,مسائي 19-07-26,كاشير 2,04b9d4de,طارق ماسبيرو,7/19/2026 22:31:52
fa68914c,7/19/2026,2026 7,5774,18,تم الطباعة,89e6f2cc,مسائي 19-07-26,كاشير 1,4ac7873c,محمود سويفي,7/19/2026 22:33:00
85e4ff98,7/19/2026,2026 7,5775,-150,تم الطباعة,89e6f2cc,مسائي 19-07-26,كاشير 1,4ac7873c,محمود سويفي,7/19/2026 23:06:37
9839f2dd,7/19/2026,2026 7,5776,465,تم الطباعة,89e6f2cc,مسائي 19-07-26,كاشير 1,4ac7873c,محمود سويفي,7/19/2026 23:12:58
6afa9e4c,7/19/2026,2026 7,5777,-250,تم الطباعة,89e6f2cc,مسائي 19-07-26,كاشير 1,4ac7873c,محمود سويفي,7/19/2026 23:14:30
027a9545,7/19/2026,2026 7,5778,35,تم الطباعة,89e6f2cc,مسائي 19-07-26,كاشير 1,4ac7873c,محمود سويفي,7/19/2026 23:20:56
24c2f3c1,7/19/2026,2026 7,5779,226,تم الطباعة,89e6f2cc,مسائي 19-07-26,كاشير 1,4ac7873c,محمود سويفي,7/19/2026 23:22:46
643dfee3,7/19/2026,2026 7,5780,25,تم الطباعة,89e6f2cc,مسائي 19-07-26,كاشير 1,4ac7873c,محمود سويفي,7/19/2026 23:35:41
6ff8fb20,7/19/2026,2026 7,5781,0,تم الطباعة,89e6f2cc,مسائي 19-07-26,كاشير 1,4ac7873c,محمود سويفي,7/19/2026 23:47:16
97384bb2,7/19/2026,2026 7,5782,-55,تم الطباعة,89e6f2cc,مسائي 19-07-26,كاشير 1,4ac7873c,محمود سويفي,7/19/2026 23:48:58
6ed9ba39,7/20/2026,2026 7,5783,20,تم الطباعة,9d7e00cc,مسائي ١٩-٠٧-٢٦,كاشير 3,0154dfaa,أ/ احمد زرزور,7/20/2026 0:04:36
bc71ec93,7/20/2026,2026 7,5784,23,تم الطباعة,89e6f2cc,مسائي 19-07-26,كاشير 1,4ac7873c,محمود سويفي,7/20/2026 0:08:52
54ae5148,7/20/2026,2026 7,5785,30,تم الطباعة,89e6f2cc,مسائي 19-07-26,كاشير 1,4ac7873c,محمود سويفي,7/20/2026 0:09:44
ff1371de,7/20/2026,2026 7,5786,8,تم الطباعة,2f9cafb4,مسائي 19-07-26,كاشير 2,04b9d4de,طارق ماسبيرو,7/20/2026 0:13:56
70dbeae1,7/20/2026,2026 7,5787,19,تم الطباعة,2f9cafb4,مسائي 19-07-26,كاشير 2,04b9d4de,طارق ماسبيرو,7/20/2026 0:16:39
0aa89265,7/20/2026,2026 7,5788,-970,تم الطباعة,9d7e00cc,مسائي ١٩-٠٧-٢٦,كاشير 3,0154dfaa,أ/ احمد زرزور,7/20/2026 0:25:47
a988368c,7/20/2026,2026 7,5789,-970,تم الطباعة,b588a039,مسائي 20-07-26,كاشير 1,0154dfaa,أ/ احمد زرزور,7/20/2026 0:26:39
964b04a5,7/20/2026,2026 7,5790,-90,تم الطباعة,abd46014,صباحي 20-07-26,كاشير 1,f7f8d8a0,محمد عبدالتواب,7/20/2026 8:35:42
3bf7c2d6,7/20/2026,2026 7,5791,10,تم الطباعة,abd46014,صباحي 20-07-26,كاشير 1,f7f8d8a0,محمد عبدالتواب,7/20/2026 9:43:33
71526fd7,7/20/2026,2026 7,5792,300,تم الطباعة,abd46014,صباحي 20-07-26,كاشير 1,f7f8d8a0,محمد عبدالتواب,7/20/2026 9:47:09
75e291c4,7/20/2026,2026 7,5793,10,تم الطباعة,abd46014,صباحي 20-07-26,كاشير 1,f7f8d8a0,محمد عبدالتواب,7/20/2026 9:47:26
1ec5df74,7/20/2026,2026 7,5794,5,تم الطباعة,abd46014,صباحي 20-07-26,كاشير 1,f7f8d8a0,محمد عبدالتواب,7/20/2026 9:47:45
e9a77054,7/20/2026,2026 7,5795,4,تم الطباعة,abd46014,صباحي 20-07-26,كاشير 1,f7f8d8a0,محمد عبدالتواب,7/20/2026 9:56:45
88ceac82,7/20/2026,2026 7,5796,60,تم الطباعة,abd46014,صباحي 20-07-26,كاشير 1,f7f8d8a0,محمد عبدالتواب,7/20/2026 10:00:16
1263e70f,7/20/2026,2026 7,5797,55,تم الطباعة,abd46014,صباحي 20-07-26,كاشير 1,f7f8d8a0,محمد عبدالتواب,7/20/2026 10:03:01
a55e64b1,7/20/2026,2026 7,5798,205,تم الطباعة,abd46014,صباحي 20-07-26,كاشير 1,f7f8d8a0,محمد عبدالتواب,7/20/2026 10:19:17
aa52fde3,7/20/2026,2026 7,5799,3030,تم الطباعة,abd46014,صباحي 20-07-26,كاشير 1,f7f8d8a0,محمد عبدالتواب,7/20/2026 10:21:18
ba410935,7/20/2026,2026 7,5800,2000,تم الطباعة,abd46014,صباحي 20-07-26,كاشير 1,f7f8d8a0,محمد عبدالتواب,7/20/2026 10:29:09
aefde5e6,7/20/2026,2026 7,5801,44,تم الطباعة,abd46014,صباحي 20-07-26,كاشير 1,f7f8d8a0,محمد عبدالتواب,7/20/2026 10:43:13
c032e5f1,7/20/2026,2026 7,5802,5,تم الطباعة,abd46014,صباحي 20-07-26,كاشير 1,f7f8d8a0,محمد عبدالتواب,7/20/2026 11:02:46
84db1507,7/20/2026,2026 7,5803,1020,تم الطباعة,abd46014,صباحي 20-07-26,كاشير 1,f7f8d8a0,محمد عبدالتواب,7/20/2026 11:06:46
18663c6a,7/20/2026,2026 7,5804,20,تم الطباعة,abd46014,صباحي 20-07-26,كاشير 1,f7f8d8a0,محمد عبدالتواب,7/20/2026 11:16:52
b0ef8233,7/20/2026,2026 7,5805,15,تم الطباعة,abd46014,صباحي 20-07-26,كاشير 1,f7f8d8a0,محمد عبدالتواب,7/20/2026 11:32:10
d8ba89b6,7/20/2026,2026 7,5806,105,تم الطباعة,abd46014,صباحي 20-07-26,كاشير 1,f7f8d8a0,محمد عبدالتواب,7/20/2026 11:32:20
91966aff,7/20/2026,2026 7,5807,-2000,تم الطباعة,abd46014,صباحي 20-07-26,كاشير 1,f7f8d8a0,محمد عبدالتواب,7/20/2026 11:32:31
514ecc93,7/20/2026,2026 7,5808,23,تم الطباعة,abd46014,صباحي 20-07-26,كاشير 1,f7f8d8a0,محمد عبدالتواب,7/20/2026 11:33:50
55f1070f,7/20/2026,2026 7,5809,-1969,تم الطباعة,abd46014,صباحي 20-07-26,كاشير 1,f7f8d8a0,محمد عبدالتواب,7/20/2026 11:48:11
7bdbe03b,7/20/2026,2026 7,5810,0,تم الطباعة,abd46014,صباحي 20-07-26,كاشير 1,f7f8d8a0,محمد عبدالتواب,7/20/2026 11:50:20
30bddf6b,7/20/2026,2026 7,5811,10,تم الطباعة,abd46014,صباحي 20-07-26,كاشير 1,f7f8d8a0,محمد عبدالتواب,7/20/2026 11:52:09
6054c9ff,7/20/2026,2026 7,5812,-520,تم الطباعة,abd46014,صباحي 20-07-26,كاشير 1,f7f8d8a0,محمد عبدالتواب,7/20/2026 11:52:17
83029819,7/20/2026,2026 7,5813,0,تم الطباعة,abd46014,صباحي 20-07-26,كاشير 1,f7f8d8a0,محمد عبدالتواب,7/20/2026 11:53:08
ea1a8332,7/20/2026,2026 7,5814,10,تم الطباعة,abd46014,صباحي 20-07-26,كاشير 1,f7f8d8a0,محمد عبدالتواب,7/20/2026 12:05:30
20818b2a,7/20/2026,2026 7,5815,90,تم الطباعة,2030962b,صباحي 20-07-26,كاشير 2,0154dfaa,أ/ احمد زرزور,7/20/2026 12:08:06
886b4f50,7/20/2026,2026 7,5816,5,تم الطباعة,abd46014,صباحي 20-07-26,كاشير 1,f7f8d8a0,محمد عبدالتواب,7/20/2026 12:08:57
4ade78a2,7/20/2026,2026 7,5817,1245,تم الطباعة,2030962b,صباحي 20-07-26,كاشير 2,0154dfaa,أ/ احمد زرزور,7/20/2026 12:19:29
61d7e0ce,7/20/2026,2026 7,5818,3030,تم الطباعة,abd46014,صباحي 20-07-26,كاشير 1,f7f8d8a0,محمد عبدالتواب,7/20/2026 12:20:03
d7b6edd0,7/20/2026,2026 7,5819,2,تم الطباعة,2030962b,صباحي 20-07-26,كاشير 2,0154dfaa,أ/ احمد زرزور,7/20/2026 12:23:43
88e9f327,7/20/2026,2026 7,5820,1580,تم الطباعة,abd46014,صباحي 20-07-26,كاشير 1,f7f8d8a0,محمد عبدالتواب,7/20/2026 12:33:34
f9682636,7/20/2026,2026 7,5821,15,تم الطباعة,abd46014,صباحي 20-07-26,كاشير 1,f7f8d8a0,محمد عبدالتواب,7/20/2026 13:16:05
cd4a15b5,7/20/2026,2026 7,5822,30,تم الطباعة,abd46014,صباحي 20-07-26,كاشير 1,f7f8d8a0,محمد عبدالتواب,7/20/2026 13:18:48
29d0411c,7/20/2026,2026 7,5822,7,تم الطباعة,2030962b,صباحي 20-07-26,كاشير 2,0154dfaa,أ/ احمد زرزور,7/20/2026 13:19:04
b4162405,7/20/2026,2026 7,5823,390,تم الطباعة,abd46014,صباحي 20-07-26,كاشير 1,f7f8d8a0,محمد عبدالتواب,7/20/2026 13:24:00
ced0d849,7/20/2026,2026 7,5825,20,تم الطباعة,abd46014,صباحي 20-07-26,كاشير 1,f7f8d8a0,محمد عبدالتواب,7/20/2026 13:43:10
000fb6de,7/20/2026,2026 7,5826,-3055,تم الطباعة,abd46014,صباحي 20-07-26,كاشير 1,f7f8d8a0,محمد عبدالتواب,7/20/2026 13:43:23
8dee061d,7/20/2026,2026 7,5827,-2554,تم الطباعة,abd46014,صباحي 20-07-26,كاشير 1,f7f8d8a0,محمد عبدالتواب,7/20/2026 14:18:32
ad35d138,7/20/2026,2026 7,5828,55,تم الطباعة,abd46014,صباحي 20-07-26,كاشير 1,f7f8d8a0,محمد عبدالتواب,7/20/2026 14:32:13
3dcf35ed,7/20/2026,2026 7,5829,105,تم الطباعة,abd46014,صباحي 20-07-26,كاشير 1,f7f8d8a0,محمد عبدالتواب,7/20/2026 14:50:56
da3d402b,7/20/2026,2026 7,5830,2400,تم الطباعة,abd46014,صباحي 20-07-26,كاشير 1,f7f8d8a0,محمد عبدالتواب,7/20/2026 14:53:06
c80291f7,7/20/2026,2026 7,5831,-215,تم الطباعة,abd46014,صباحي 20-07-26,كاشير 1,f7f8d8a0,محمد عبدالتواب,7/20/2026 15:16:57
06647a67,7/20/2026,2026 7,5832,30,تم الطباعة,abd46014,صباحي 20-07-26,كاشير 1,f7f8d8a0,محمد عبدالتواب,7/20/2026 15:33:01
80c2e2ae,7/20/2026,2026 7,5833,30,تم الطباعة,abd46014,صباحي 20-07-26,كاشير 1,f7f8d8a0,محمد عبدالتواب,7/20/2026 15:39:29
6e1ff83b,7/20/2026,2026 7,5834,-145,تم الطباعة,abd46014,صباحي 20-07-26,كاشير 1,f7f8d8a0,محمد عبدالتواب,7/20/2026 15:51:58
69caec87,7/20/2026,2026 7,5835,-300,تم الطباعة,abd46014,صباحي 20-07-26,كاشير 1,f7f8d8a0,محمد عبدالتواب,7/20/2026 16:07:40
57d905f5,7/20/2026,2026 7,5836,0,تم الطباعة,abd46014,صباحي 20-07-26,كاشير 1,f7f8d8a0,محمد عبدالتواب,7/20/2026 16:15:10
8b7383ff,7/20/2026,2026 7,5837,15,تم الطباعة,abd46014,صباحي 20-07-26,كاشير 1,f7f8d8a0,محمد عبدالتواب,7/20/2026 16:31:32
5b942c11,7/20/2026,2026 7,5838,-985,تم الطباعة,abd46014,صباحي 20-07-26,كاشير 1,f7f8d8a0,محمد عبدالتواب,7/20/2026 16:32:48
0185dbcf,7/20/2026,2026 7,5839,180,تم الطباعة,abd46014,صباحي 20-07-26,كاشير 1,f7f8d8a0,محمد عبدالتواب,7/20/2026 16:35:56
5eeae214,7/20/2026,2026 7,5840,100,تم الطباعة,23461586,مسائي 20-07-26,كاشير 1,4ac7873c,محمود سويفي,7/20/2026 16:41:36
70b2c8cf,7/20/2026,2026 7,5841,145,تم الطباعة,23461586,مسائي 20-07-26,كاشير 1,4ac7873c,محمود سويفي,7/20/2026 16:47:59
0b610ee1,7/20/2026,2026 7,5842,-2300,تم الطباعة,b8ff7c46,مسائي 20-07-26,كاشير 2,04b9d4de,طارق ماسبيرو,7/20/2026 16:50:34
bf5195ed,7/20/2026,2026 7,5843,-3015,تم الطباعة,b8ff7c46,مسائي 20-07-26,كاشير 2,04b9d4de,طارق ماسبيرو,7/20/2026 16:54:12
8540610d,7/20/2026,2026 7,5844,20,تم الطباعة,b8ff7c46,مسائي 20-07-26,كاشير 2,04b9d4de,طارق ماسبيرو,7/20/2026 16:55:48
84ed3a73,7/20/2026,2026 7,5845,-1000,تم الطباعة,23461586,مسائي 20-07-26,كاشير 1,4ac7873c,محمود سويفي,7/20/2026 17:10:26
afdf090a,7/20/2026,2026 7,5846,-138,تم الطباعة,23461586,مسائي 20-07-26,كاشير 1,4ac7873c,محمود سويفي,7/20/2026 17:14:21
a7457625,7/20/2026,2026 7,5847,-2000,تم الطباعة,23461586,مسائي 20-07-26,كاشير 1,4ac7873c,محمود سويفي,7/20/2026 17:24:12
d6ad96c0,7/20/2026,2026 7,5848,-395,تم الطباعة,23461586,مسائي 20-07-26,كاشير 1,4ac7873c,محمود سويفي,7/20/2026 17:29:19
d5602196,7/20/2026,2026 7,5848,20,تم الطباعة,b8ff7c46,مسائي 20-07-26,كاشير 2,04b9d4de,طارق ماسبيرو,7/20/2026 17:29:32
8bd428cd,7/20/2026,2026 7,5849,-1000,تم الطباعة,23461586,مسائي 20-07-26,كاشير 1,4ac7873c,محمود سويفي,7/20/2026 17:40:56
3e934c52,7/20/2026,2026 7,5850,-1000,تم الطباعة,23461586,مسائي 20-07-26,كاشير 1,4ac7873c,محمود سويفي,7/20/2026 17:41:09
36a02d85,7/20/2026,2026 7,5851,80,تم الطباعة,b8ff7c46,مسائي 20-07-26,كاشير 2,04b9d4de,طارق ماسبيرو,7/20/2026 17:43:52
372c92c8,7/20/2026,2026 7,5852,200,تم الطباعة,23461586,مسائي 20-07-26,كاشير 1,4ac7873c,محمود سويفي,7/20/2026 17:51:21
e682cea7,7/20/2026,2026 7,5853,0,تم الطباعة,b8ff7c46,مسائي 20-07-26,كاشير 2,04b9d4de,طارق ماسبيرو,7/20/2026 17:53:15
e3e422c6,7/20/2026,2026 7,5855,5,تم الطباعة,23461586,مسائي 20-07-26,كاشير 1,4ac7873c,محمود سويفي,7/20/2026 18:06:05
b83e145f,7/20/2026,2026 7,5856,12,تم الطباعة,23461586,مسائي 20-07-26,كاشير 1,4ac7873c,محمود سويفي,7/20/2026 18:34:24
1c9ee4b4,7/20/2026,2026 7,5857,0,تم الطباعة,23461586,مسائي 20-07-26,كاشير 1,4ac7873c,محمود سويفي,7/20/2026 18:55:42
571669a9,7/20/2026,2026 7,5857,20,تم الطباعة,b8ff7c46,مسائي 20-07-26,كاشير 2,04b9d4de,طارق ماسبيرو,7/20/2026 18:56:20
b64c30b6,7/20/2026,2026 7,5859,15,تم الطباعة,b8ff7c46,مسائي 20-07-26,كاشير 2,04b9d4de,طارق ماسبيرو,7/20/2026 19:10:26
60eb6b5d,7/20/2026,2026 7,5860,20,تم الطباعة,23461586,مسائي 20-07-26,كاشير 1,4ac7873c,محمود سويفي,7/20/2026 19:13:22
ef310629,7/20/2026,2026 7,5861,-320,تم الطباعة,23461586,مسائي 20-07-26,كاشير 1,4ac7873c,محمود سويفي,7/20/2026 19:18:17
601384c5,7/20/2026,2026 7,5862,2,تم الطباعة,23461586,مسائي 20-07-26,كاشير 1,4ac7873c,محمود سويفي,7/20/2026 19:27:29
0fda88fe,7/20/2026,2026 7,5863,-1980,تم الطباعة,23461586,مسائي 20-07-26,كاشير 1,4ac7873c,محمود سويفي,7/20/2026 19:29:36
cf7c997e,7/20/2026,2026 7,5864,30,تم الطباعة,b8ff7c46,مسائي 20-07-26,كاشير 2,04b9d4de,طارق ماسبيرو,7/20/2026 19:31:17
9490b5a2,7/20/2026,2026 7,5865,-490,تم الطباعة,23461586,مسائي 20-07-26,كاشير 1,4ac7873c,محمود سويفي,7/20/2026 19:37:36
87972ebf,7/20/2026,2026 7,5865,400,تم الطباعة,b8ff7c46,مسائي 20-07-26,كاشير 2,04b9d4de,طارق ماسبيرو,7/20/2026 19:37:59
6b7bcc51,7/20/2026,2026 7,5866,20,تم الطباعة,23461586,مسائي 20-07-26,كاشير 1,4ac7873c,محمود سويفي,7/20/2026 19:41:12
0cfce19a,7/20/2026,2026 7,5868,1010,تم الطباعة,23461586,مسائي 20-07-26,كاشير 1,4ac7873c,محمود سويفي,7/20/2026 19:44:42
c817c071,7/20/2026,2026 7,5869,-50,تم الطباعة,23461586,مسائي 20-07-26,كاشير 1,4ac7873c,محمود سويفي,7/20/2026 19:48:54
b926854a,7/20/2026,2026 7,5870,800,تم الطباعة,b8ff7c46,مسائي 20-07-26,كاشير 2,04b9d4de,طارق ماسبيرو,7/20/2026 19:50:14
df82ea45,7/20/2026,2026 7,5870,30,تم الطباعة,23461586,مسائي 20-07-26,كاشير 1,4ac7873c,محمود سويفي,7/20/2026 19:50:53
af4a2685,7/20/2026,2026 7,5871,20,تم الطباعة,b8ff7c46,مسائي 20-07-26,كاشير 2,04b9d4de,طارق ماسبيرو,7/20/2026 20:04:49
31cd34a5,7/20/2026,2026 7,5873,105,تم الطباعة,b8ff7c46,مسائي 20-07-26,كاشير 2,04b9d4de,طارق ماسبيرو,7/20/2026 20:17:45
4b4fe52a,7/20/2026,2026 7,5874,5,تم الطباعة,b8ff7c46,مسائي 20-07-26,كاشير 2,04b9d4de,طارق ماسبيرو,7/20/2026 20:22:58
cf339bd9,7/20/2026,2026 7,5872,50,تم الطباعة,23461586,مسائي 20-07-26,كاشير 1,4ac7873c,محمود سويفي,7/20/2026 20:33:16
babe1dd7,7/20/2026,2026 7,5876,-1485,تم الطباعة,23461586,مسائي 20-07-26,كاشير 1,4ac7873c,محمود سويفي,7/20/2026 20:47:03
09ecee5f,7/20/2026,2026 7,5875,1110,تم الطباعة,b8ff7c46,مسائي 20-07-26,كاشير 2,04b9d4de,طارق ماسبيرو,7/20/2026 20:47:54
2da8e85d,7/20/2026,2026 7,5877,6,تم الطباعة,23461586,مسائي 20-07-26,كاشير 1,4ac7873c,محمود سويفي,7/20/2026 20:48:24
f247507e,7/20/2026,2026 7,5878,50,تم الطباعة,b8ff7c46,مسائي 20-07-26,كاشير 2,04b9d4de,طارق ماسبيرو,7/20/2026 21:00:00
61d0d674,7/20/2026,2026 7,5880,10,تم الطباعة,b8ff7c46,مسائي 20-07-26,كاشير 2,04b9d4de,طارق ماسبيرو,7/20/2026 21:02:42
25297662,7/20/2026,2026 7,5881,24,تم الطباعة,23461586,مسائي 20-07-26,كاشير 1,4ac7873c,محمود سويفي,7/20/2026 21:08:26
b788d3d6,7/20/2026,2026 7,5882,10,تم الطباعة,b8ff7c46,مسائي 20-07-26,كاشير 2,04b9d4de,طارق ماسبيرو,7/20/2026 21:13:23
d2e40410,7/20/2026,2026 7,5883,174,تم الطباعة,b8ff7c46,مسائي 20-07-26,كاشير 2,04b9d4de,طارق ماسبيرو,7/20/2026 21:15:36
c15e107b,7/20/2026,2026 7,5883,62,تم الطباعة,23461586,مسائي 20-07-26,كاشير 1,4ac7873c,محمود سويفي,7/20/2026 21:15:18
b229def3,7/20/2026,2026 7,5885,50,تم الطباعة,23461586,مسائي 20-07-26,كاشير 1,4ac7873c,محمود سويفي,7/20/2026 21:17:38
80871c90,7/20/2026,2026 7,5886,-400,تم الطباعة,23461586,مسائي 20-07-26,كاشير 1,4ac7873c,محمود سويفي,7/20/2026 21:21:50
088c31fc,7/20/2026,2026 7,5887,-80,تم الطباعة,b8ff7c46,مسائي 20-07-26,كاشير 2,04b9d4de,طارق ماسبيرو,7/20/2026 21:29:30
a55fbfcf,7/20/2026,2026 7,5888,10,تم الطباعة,b8ff7c46,مسائي 20-07-26,كاشير 2,04b9d4de,طارق ماسبيرو,7/20/2026 21:34:57
b7fcaade,7/20/2026,2026 7,5889,10,تم الطباعة,b8ff7c46,مسائي 20-07-26,كاشير 2,04b9d4de,طارق ماسبيرو,7/20/2026 21:35:35
a792a52e,7/20/2026,2026 7,5890,20,تم الطباعة,b8ff7c46,مسائي 20-07-26,كاشير 2,04b9d4de,طارق ماسبيرو,7/20/2026 21:44:17
abca2cc4,7/20/2026,2026 7,5891,5,تم الطباعة,b8ff7c46,مسائي 20-07-26,كاشير 2,04b9d4de,طارق ماسبيرو,7/20/2026 21:49:42
19852639,7/20/2026,2026 7,5892,130,تم الطباعة,b8ff7c46,مسائي 20-07-26,كاشير 2,04b9d4de,طارق ماسبيرو,7/20/2026 21:52:01
6c9203e9,7/20/2026,2026 7,5893,-500,تم الطباعة,b8ff7c46,مسائي 20-07-26,كاشير 2,04b9d4de,طارق ماسبيرو,7/20/2026 21:54:18
dbdd88dd,7/20/2026,2026 7,5894,1500,تم الطباعة,,,,0154dfaa,أ/ احمد زرزور,7/20/2026 21:58:56
e935a56d,7/20/2026,2026 7,5894,5,تم الطباعة,b8ff7c46,مسائي 20-07-26,كاشير 2,04b9d4de,طارق ماسبيرو,7/20/2026 21:58:51
98cabea4,7/20/2026,2026 7,5895,-200,تم الطباعة,b8ff7c46,مسائي 20-07-26,كاشير 2,04b9d4de,طارق ماسبيرو,7/20/2026 21:59:02
f532b06a,7/20/2026,2026 7,5895,-2105,تم الطباعة,df1e8615,مسائي 20-07-26,كاشير 3,0154dfaa,أ/ احمد زرزور,7/20/2026 21:59:30
07cbd71f,7/20/2026,2026 7,5896,-244,تم الطباعة,b8ff7c46,مسائي 20-07-26,كاشير 2,04b9d4de,طارق ماسبيرو,7/20/2026 22:01:12
924ab80f,7/20/2026,2026 7,5898,205,تم الطباعة,df1e8615,مسائي 20-07-26,كاشير 3,0154dfaa,أ/ احمد زرزور,7/20/2026 22:01:43
73332be8,7/20/2026,2026 7,5899,20,تم الطباعة,23461586,مسائي 20-07-26,كاشير 1,4ac7873c,محمود سويفي,7/20/2026 22:05:29
78cc5b3a,7/20/2026,2026 7,5900,50,تم الطباعة,b8ff7c46,مسائي 20-07-26,كاشير 2,04b9d4de,طارق ماسبيرو,7/20/2026 22:08:11
37c806f7,7/20/2026,2026 7,5902,505,تم الطباعة,b8ff7c46,مسائي 20-07-26,كاشير 2,04b9d4de,طارق ماسبيرو,7/20/2026 22:30:47
a0ef855b,7/20/2026,2026 7,5903,-41,تم الطباعة,df1e8615,مسائي 20-07-26,كاشير 3,0154dfaa,أ/ احمد زرزور,7/20/2026 22:32:22
831fe111,7/20/2026,2026 7,5903,1,تم الطباعة,b8ff7c46,مسائي 20-07-26,كاشير 2,04b9d4de,طارق ماسبيرو,7/20/2026 22:32:26
f8bb8994,7/20/2026,2026 7,5905,10,تم الطباعة,df1e8615,مسائي 20-07-26,كاشير 3,0154dfaa,أ/ احمد زرزور,7/20/2026 22:34:38
d07dfb57,7/20/2026,2026 7,5905,13,تم الطباعة,b8ff7c46,مسائي 20-07-26,كاشير 2,04b9d4de,طارق ماسبيرو,7/20/2026 22:34:18
7f35a3fc,7/20/2026,2026 7,5906,-5415,تم الطباعة,df1e8615,مسائي 20-07-26,كاشير 3,0154dfaa,أ/ احمد زرزور,7/20/2026 22:35:38
6591db7a,7/20/2026,2026 7,5908,-985,تم الطباعة,23461586,مسائي 20-07-26,كاشير 1,4ac7873c,محمود سويفي,7/20/2026 22:46:03
8b505128,7/20/2026,2026 7,5908,510,تم الطباعة,876978ee,مسائي 20-07-26,كاشير 2,0154dfaa,أ/ احمد زرزور,7/20/2026 22:46:19
055fc994,7/20/2026,2026 7,5910,10,تم الطباعة,876978ee,مسائي 20-07-26,كاشير 2,0154dfaa,أ/ احمد زرزور,7/20/2026 22:54:59
bbccf2d5,7/20/2026,2026 7,5911,30,تم الطباعة,23461586,مسائي 20-07-26,كاشير 1,4ac7873c,محمود سويفي,7/20/2026 22:57:53
34f70344,7/20/2026,2026 7,5912,-990,تم الطباعة,23461586,مسائي 20-07-26,كاشير 1,4ac7873c,محمود سويفي,7/20/2026 23:02:33
03e4d5ef,7/20/2026,2026 7,5913,5,تم الطباعة,876978ee,مسائي 20-07-26,كاشير 2,0154dfaa,أ/ احمد زرزور,7/20/2026 23:04:15
64bb3f0f,7/20/2026,2026 7,5914,15,تم الطباعة,876978ee,مسائي 20-07-26,كاشير 2,0154dfaa,أ/ احمد زرزور,7/20/2026 23:05:54
012675ed,7/20/2026,2026 7,5915,3,تم الطباعة,876978ee,مسائي 20-07-26,كاشير 2,0154dfaa,أ/ احمد زرزور,7/20/2026 23:09:54
bab8d3cd,7/20/2026,2026 7,5916,20,تم الطباعة,23461586,مسائي 20-07-26,كاشير 1,4ac7873c,محمود سويفي,7/20/2026 23:13:15
8e5db857,7/20/2026,2026 7,5917,20,تم الطباعة,23461586,مسائي 20-07-26,كاشير 1,4ac7873c,محمود سويفي,7/20/2026 23:23:06
cf10ff62,7/20/2026,2026 7,5918,32,تم الطباعة,876978ee,مسائي 20-07-26,كاشير 2,0154dfaa,أ/ احمد زرزور,7/20/2026 23:24:57
8b65ce3c,7/20/2026,2026 7,5919,20,تم الطباعة,23461586,مسائي 20-07-26,كاشير 1,4ac7873c,محمود سويفي,7/20/2026 23:38:20
9eb6c341,7/20/2026,2026 7,5920,532,تم الطباعة,876978ee,مسائي 20-07-26,كاشير 2,0154dfaa,أ/ احمد زرزور,7/20/2026 23:44:47
0aa319ac,7/20/2026,2026 7,5921,300,تم الطباعة,876978ee,مسائي 20-07-26,كاشير 2,0154dfaa,أ/ احمد زرزور,7/20/2026 23:51:02
95a1faf7,7/20/2026,2026 7,5922,1565,تم الطباعة,876978ee,مسائي 20-07-26,كاشير 2,0154dfaa,أ/ احمد زرزور,7/20/2026 23:53:29
606cbe24,7/20/2026,2026 7,5923,69,تم الطباعة,23461586,مسائي 20-07-26,كاشير 1,4ac7873c,محمود سويفي,7/20/2026 23:56:32
8b68e240,7/20/2026,2026 7,5924,200,تم الطباعة,23461586,مسائي 20-07-26,كاشير 1,4ac7873c,محمود سويفي,7/20/2026 23:58:57
17bd5800,7/21/2026,2026 7,5925,-4950,تم الطباعة,23461586,مسائي 20-07-26,كاشير 1,4ac7873c,محمود سويفي,7/21/2026 0:01:39
abec7be1,7/21/2026,2026 7,5926,2,تم الطباعة,876978ee,مسائي 20-07-26,كاشير 2,0154dfaa,أ/ احمد زرزور,7/21/2026 0:10:27
c80768e5,7/21/2026,2026 7,5927,-15,تم الطباعة,876978ee,مسائي 20-07-26,كاشير 2,0154dfaa,أ/ احمد زرزور,7/21/2026 0:23:21
3a505631,7/21/2026,2026 7,5928,10,تم الطباعة,876978ee,مسائي 20-07-26,كاشير 2,0154dfaa,أ/ احمد زرزور,7/21/2026 0:25:34
59df39fa,7/21/2026,2026 7,5929,-990,تم الطباعة,5d438ad3,صباحي 21-07-26,كاشير 1,f7f8d8a0,محمد عبدالتواب,7/21/2026 8:21:08
d74ab8fb,7/21/2026,2026 7,5930,800,تم الطباعة,5d438ad3,صباحي 21-07-26,كاشير 1,f7f8d8a0,محمد عبدالتواب,7/21/2026 8:42:47
b13557e5,7/21/2026,2026 7,5931,-95,تم الطباعة,5d438ad3,صباحي 21-07-26,كاشير 1,f7f8d8a0,محمد عبدالتواب,7/21/2026 8:55:14
baaae8f1,7/21/2026,2026 7,5932,100,تم الطباعة,5d438ad3,صباحي 21-07-26,كاشير 1,f7f8d8a0,محمد عبدالتواب,7/21/2026 8:55:35
a73c125f,7/21/2026,2026 7,5933,10,تم الطباعة,5d438ad3,صباحي 21-07-26,كاشير 1,f7f8d8a0,محمد عبدالتواب,7/21/2026 8:58:45
7d2e6d85,7/21/2026,2026 7,5934,50,تم الطباعة,5d438ad3,صباحي 21-07-26,كاشير 1,f7f8d8a0,محمد عبدالتواب,7/21/2026 9:13:24
60fae974,7/21/2026,2026 7,5935,1000,تم الطباعة,5d438ad3,صباحي 21-07-26,كاشير 1,f7f8d8a0,محمد عبدالتواب,7/21/2026 9:53:08
3d83b386,7/21/2026,2026 7,5936,15,تم الطباعة,5d438ad3,صباحي 21-07-26,كاشير 1,f7f8d8a0,محمد عبدالتواب,7/21/2026 10:12:25
5cd49443,7/21/2026,2026 7,5937,2300,تم الطباعة,5d438ad3,صباحي 21-07-26,كاشير 1,f7f8d8a0,محمد عبدالتواب,7/21/2026 10:29:24
40f9bacf,7/21/2026,2026 7,5938,-500,تم الطباعة,5d438ad3,صباحي 21-07-26,كاشير 1,f7f8d8a0,محمد عبدالتواب,7/21/2026 10:37:05
f0f35340,7/21/2026,2026 7,5939,735,تم الطباعة,5d438ad3,صباحي 21-07-26,كاشير 1,f7f8d8a0,محمد عبدالتواب,7/21/2026 11:37:17
87798c4e,7/21/2026,2026 7,5940,15,تم الطباعة,5d438ad3,صباحي 21-07-26,كاشير 1,f7f8d8a0,محمد عبدالتواب,7/21/2026 11:37:27
44180bf6,7/21/2026,2026 7,5941,5,تم الطباعة,5d438ad3,صباحي 21-07-26,كاشير 1,f7f8d8a0,محمد عبدالتواب,7/21/2026 11:37:35
ced706cd,7/21/2026,2026 7,5942,367,تم الطباعة,5d438ad3,صباحي 21-07-26,كاشير 1,f7f8d8a0,محمد عبدالتواب,7/21/2026 11:38:03
2f7205aa,7/21/2026,2026 7,5943,-250,تم الطباعة,5d438ad3,صباحي 21-07-26,كاشير 1,f7f8d8a0,محمد عبدالتواب,7/21/2026 11:39:22
de11a931,7/21/2026,2026 7,5944,-240,تم الطباعة,5d438ad3,صباحي 21-07-26,كاشير 1,f7f8d8a0,محمد عبدالتواب,7/21/2026 11:46:05
74b0169e,7/21/2026,2026 7,5945,2070,تم الطباعة,5d438ad3,صباحي 21-07-26,كاشير 1,f7f8d8a0,محمد عبدالتواب,7/21/2026 12:11:24
4b577a3b,7/21/2026,2026 7,5946,36,تم الطباعة,5d438ad3,صباحي 21-07-26,كاشير 1,f7f8d8a0,محمد عبدالتواب,7/21/2026 12:39:12
6d0bcf3c,7/21/2026,2026 7,5947,-10890,تم الطباعة,5d438ad3,صباحي 21-07-26,كاشير 1,f7f8d8a0,محمد عبدالتواب,7/21/2026 12:44:55
a0c2f69e,7/21/2026,2026 7,5948,141,تم الطباعة,5d438ad3,صباحي 21-07-26,كاشير 1,f7f8d8a0,محمد عبدالتواب,7/21/2026 12:53:35
023e83fb,7/21/2026,2026 7,5949,350,تم الطباعة,5d438ad3,صباحي 21-07-26,كاشير 1,f7f8d8a0,محمد عبدالتواب,7/21/2026 13:07:22
486c441d,7/21/2026,2026 7,5950,260,تم الطباعة,5d438ad3,صباحي 21-07-26,كاشير 1,f7f8d8a0,محمد عبدالتواب,7/21/2026 13:23:08
9d93ad2b,7/21/2026,2026 7,5951,50,تم الطباعة,5d438ad3,صباحي 21-07-26,كاشير 1,f7f8d8a0,محمد عبدالتواب,7/21/2026 13:38:09
563fb312,7/21/2026,2026 7,5952,-95,تم الطباعة,5d438ad3,صباحي 21-07-26,كاشير 1,f7f8d8a0,محمد عبدالتواب,7/21/2026 13:44:27
e5e4dfa0,7/21/2026,2026 7,5953,-190,تم الطباعة,5d438ad3,صباحي 21-07-26,كاشير 1,f7f8d8a0,محمد عبدالتواب,7/21/2026 13:45:39
3f2286c8,7/21/2026,2026 7,5954,2,تم الطباعة,5d438ad3,صباحي 21-07-26,كاشير 1,f7f8d8a0,محمد عبدالتواب,7/21/2026 13:45:58
14215626,7/21/2026,2026 7,5955,300,تم الطباعة,5d438ad3,صباحي 21-07-26,كاشير 1,f7f8d8a0,محمد عبدالتواب,7/21/2026 13:46:14
4929b2b7,7/21/2026,2026 7,5956,2324,تم الطباعة,5d438ad3,صباحي 21-07-26,كاشير 1,f7f8d8a0,محمد عبدالتواب,7/21/2026 14:00:16
ea40f8a3,7/21/2026,2026 7,5957,-94,تم الطباعة,5d438ad3,صباحي 21-07-26,كاشير 1,f7f8d8a0,محمد عبدالتواب,7/21/2026 14:19:52
a64e98f6,7/21/2026,2026 7,5958,-550,تم الطباعة,5d438ad3,صباحي 21-07-26,كاشير 1,f7f8d8a0,محمد عبدالتواب,7/21/2026 14:23:46
80e191d2,7/21/2026,2026 7,5959,-1485,تم الطباعة,5d438ad3,صباحي 21-07-26,كاشير 1,f7f8d8a0,محمد عبدالتواب,7/21/2026 14:29:01
0b3e26a9,7/21/2026,2026 7,5960,0,تم الطباعة,5d438ad3,صباحي 21-07-26,كاشير 1,f7f8d8a0,محمد عبدالتواب,7/21/2026 14:40:15
4bc513bb,7/21/2026,2026 7,5961,-250,تم الطباعة,5d438ad3,صباحي 21-07-26,كاشير 1,f7f8d8a0,محمد عبدالتواب,7/21/2026 15:29:04
8aa39ee7,7/21/2026,2026 7,5962,60,تم الطباعة,5d438ad3,صباحي 21-07-26,كاشير 1,f7f8d8a0,محمد عبدالتواب,7/21/2026 15:29:49
6dd9f417,7/21/2026,2026 7,5963,0,تم الطباعة,5d438ad3,صباحي 21-07-26,كاشير 1,f7f8d8a0,محمد عبدالتواب,7/21/2026 15:31:16
8c1b0be6,7/21/2026,2026 7,5964,308,تم الطباعة,5d438ad3,صباحي 21-07-26,كاشير 1,f7f8d8a0,محمد عبدالتواب,7/21/2026 15:43:55
c9f2f877,7/21/2026,2026 7,5965,30,تم الطباعة,5d438ad3,صباحي 21-07-26,كاشير 1,f7f8d8a0,محمد عبدالتواب,7/21/2026 15:55:28
f8f5a49d,7/21/2026,2026 7,5966,-1000,تم الطباعة,5d438ad3,صباحي 21-07-26,كاشير 1,f7f8d8a0,محمد عبدالتواب,7/21/2026 15:56:55
088815a3,7/21/2026,2026 7,5967,295,تم الطباعة,5d438ad3,صباحي 21-07-26,كاشير 1,f7f8d8a0,محمد عبدالتواب,7/21/2026 16:03:12
7965a6b9,7/21/2026,2026 7,5968,145,تم الطباعة,5d438ad3,صباحي 21-07-26,كاشير 1,f7f8d8a0,محمد عبدالتواب,7/21/2026 16:15:32
d542fad6,7/21/2026,2026 7,5969,-600,تم الطباعة,5d438ad3,صباحي 21-07-26,كاشير 1,f7f8d8a0,محمد عبدالتواب,7/21/2026 16:16:01
fd2f07a7,7/21/2026,2026 7,5970,19,تم الطباعة,5d438ad3,صباحي 21-07-26,كاشير 1,f7f8d8a0,محمد عبدالتواب,7/21/2026 16:18:31
d1bd33ff,7/21/2026,2026 7,5971,40,تم الطباعة,5d438ad3,صباحي 21-07-26,كاشير 1,f7f8d8a0,محمد عبدالتواب,7/21/2026 16:39:50
37efff32,7/21/2026,2026 7,5972,25,تم الطباعة,5d438ad3,صباحي 21-07-26,كاشير 1,f7f8d8a0,محمد عبدالتواب,7/21/2026 16:41:32
4a163be9,7/21/2026,2026 7,5973,1500,تم الطباعة,5d438ad3,صباحي 21-07-26,كاشير 1,f7f8d8a0,محمد عبدالتواب,7/21/2026 16:42:02
9e37745a,7/21/2026,2026 7,5974,-580,تم الطباعة,5d438ad3,صباحي 21-07-26,كاشير 1,f7f8d8a0,محمد عبدالتواب,7/21/2026 16:53:13
2a75ab8f,7/21/2026,2026 7,5975,30,تم الطباعة,c5bf9ef2,مسائي 21-07-26,كاشير 2,04b9d4de,طارق ماسبيرو,7/21/2026 16:54:57
0b33f902,7/21/2026,2026 7,5976,1700,تم الطباعة,5d438ad3,صباحي 21-07-26,كاشير 1,f7f8d8a0,محمد عبدالتواب,7/21/2026 17:03:01
5321bf35,7/21/2026,2026 7,5977,1002,تم الطباعة,5d438ad3,صباحي 21-07-26,كاشير 1,f7f8d8a0,محمد عبدالتواب,7/21/2026 17:09:22
52f9b201,7/21/2026,2026 7,5978,0,تم الطباعة,c5bf9ef2,مسائي 21-07-26,كاشير 2,04b9d4de,طارق ماسبيرو,7/21/2026 17:13:40
d2851af7,7/21/2026,2026 7,5979,5,تم الطباعة,c5bf9ef2,مسائي 21-07-26,كاشير 2,04b9d4de,طارق ماسبيرو,7/21/2026 17:15:20
d36bc471,7/21/2026,2026 7,5980,900,تم الطباعة,5d438ad3,صباحي 21-07-26,كاشير 1,f7f8d8a0,محمد عبدالتواب,7/21/2026 17:26:00
0005a013,7/21/2026,2026 7,5981,-3000,تم الطباعة,5d438ad3,صباحي 21-07-26,كاشير 1,f7f8d8a0,محمد عبدالتواب,7/21/2026 17:30:12
2facca90,7/21/2026,2026 7,5982,40,تم الطباعة,5d438ad3,صباحي 21-07-26,كاشير 1,f7f8d8a0,محمد عبدالتواب,7/21/2026 17:32:44
dd25122d,7/21/2026,2026 7,5983,25,تم الطباعة,5d438ad3,صباحي 21-07-26,كاشير 1,f7f8d8a0,محمد عبدالتواب,7/21/2026 17:33:03
8b7adc32,7/21/2026,2026 7,5984,60,تم الطباعة,5d438ad3,صباحي 21-07-26,كاشير 1,f7f8d8a0,محمد عبدالتواب,7/21/2026 17:37:01
e2eac879,7/21/2026,2026 7,5985,20,تم الطباعة,5d438ad3,صباحي 21-07-26,كاشير 1,f7f8d8a0,محمد عبدالتواب,7/21/2026 17:38:30
ac6a4bb7,7/21/2026,2026 7,5986,45,تم الطباعة,5d438ad3,صباحي 21-07-26,كاشير 1,f7f8d8a0,محمد عبدالتواب,7/21/2026 17:40:12
460f3773,7/21/2026,2026 7,5987,20,تم الطباعة,5d438ad3,صباحي 21-07-26,كاشير 1,f7f8d8a0,محمد عبدالتواب,7/21/2026 17:58:13
ed127b17,7/21/2026,2026 7,5988,395,تم الطباعة,5d438ad3,صباحي 21-07-26,كاشير 1,f7f8d8a0,محمد عبدالتواب,7/21/2026 18:07:39
34ef212b,7/21/2026,2026 7,5989,-80,تم الطباعة,5d438ad3,صباحي 21-07-26,كاشير 1,f7f8d8a0,محمد عبدالتواب,7/21/2026 18:15:12
342ea495,7/21/2026,2026 7,5990,20,تم الطباعة,5d438ad3,صباحي 21-07-26,كاشير 1,f7f8d8a0,محمد عبدالتواب,7/21/2026 18:16:13
d3e915a4,7/21/2026,2026 7,5991,5,تم الطباعة,5d438ad3,صباحي 21-07-26,كاشير 1,f7f8d8a0,محمد عبدالتواب,7/21/2026 18:24:33
b5d6415a,7/21/2026,2026 7,5992,2,تم الطباعة,c5bf9ef2,مسائي 21-07-26,كاشير 2,04b9d4de,طارق ماسبيرو,7/21/2026 18:36:43
28d3e55d,7/21/2026,2026 7,5993,422,تم الطباعة,5d438ad3,صباحي 21-07-26,كاشير 1,f7f8d8a0,محمد عبدالتواب,7/21/2026 18:38:04
a024b2ad,7/21/2026,2026 7,5994,-1980,تم الطباعة,e641858c,مسائي 21-07-26,كاشير 1,4ac7873c,محمود سويفي,7/21/2026 18:58:34
a2f46bd9,7/21/2026,2026 7,5995,21,تم الطباعة,e641858c,مسائي 21-07-26,كاشير 1,4ac7873c,محمود سويفي,7/21/2026 19:29:33
6260b24d,7/21/2026,2026 7,5996,10,تم الطباعة,e641858c,مسائي 21-07-26,كاشير 1,4ac7873c,محمود سويفي,7/21/2026 19:29:42
630c237c,7/21/2026,2026 7,5997,10,تم الطباعة,e641858c,مسائي 21-07-26,كاشير 1,4ac7873c,محمود سويفي,7/21/2026 19:31:10
b85ebf3a,7/21/2026,2026 7,5998,255,تم الطباعة,e641858c,مسائي 21-07-26,كاشير 1,4ac7873c,محمود سويفي,7/21/2026 19:34:34
62a666d9,7/21/2026,2026 7,5999,-3960,تم الطباعة,e641858c,مسائي 21-07-26,كاشير 1,4ac7873c,محمود سويفي,7/21/2026 19:52:25
cab97568,7/21/2026,2026 7,6000,1010,تم الطباعة,e641858c,مسائي 21-07-26,كاشير 1,4ac7873c,محمود سويفي,7/21/2026 19:54:11
4bf40388,7/21/2026,2026 7,6001,-1335,تم الطباعة,c5bf9ef2,مسائي 21-07-26,كاشير 2,04b9d4de,طارق ماسبيرو,7/21/2026 20:05:37
ac0fe269,7/21/2026,2026 7,6002,-1000,تم الطباعة,c5bf9ef2,مسائي 21-07-26,كاشير 2,04b9d4de,طارق ماسبيرو,7/21/2026 20:07:10
bc1744e7,7/21/2026,2026 7,6003,-700,تم الطباعة,e641858c,مسائي 21-07-26,كاشير 1,4ac7873c,محمود سويفي,7/21/2026 20:17:10
a9e6f8ef,7/21/2026,2026 7,6003,-4925,تم الطباعة,c5bf9ef2,مسائي 21-07-26,كاشير 2,04b9d4de,طارق ماسبيرو,7/21/2026 20:18:49
fe1ed12a,7/21/2026,2026 7,6005,1265,تم الطباعة,c5bf9ef2,مسائي 21-07-26,كاشير 2,04b9d4de,طارق ماسبيرو,7/21/2026 20:20:39
4047fe01,7/21/2026,2026 7,6006,10072,تم الطباعة,c5bf9ef2,مسائي 21-07-26,كاشير 2,04b9d4de,طارق ماسبيرو,7/21/2026 20:24:32
1530e8b8,7/21/2026,2026 7,6007,5,تم الطباعة,e641858c,مسائي 21-07-26,كاشير 1,4ac7873c,محمود سويفي,7/21/2026 20:28:55
045f900c,7/21/2026,2026 7,6008,1010,تم الطباعة,e641858c,مسائي 21-07-26,كاشير 1,4ac7873c,محمود سويفي,7/21/2026 20:39:37
9c72b537,7/21/2026,2026 7,6009,50,تم الطباعة,c5bf9ef2,مسائي 21-07-26,كاشير 2,04b9d4de,طارق ماسبيرو,7/21/2026 20:43:42
17607a0a,7/21/2026,2026 7,6010,20,تم الطباعة,c5bf9ef2,مسائي 21-07-26,كاشير 2,04b9d4de,طارق ماسبيرو,7/21/2026 20:47:31
83a71de6,7/21/2026,2026 7,6011,-990,تم الطباعة,c5bf9ef2,مسائي 21-07-26,كاشير 2,04b9d4de,طارق ماسبيرو,7/21/2026 20:49:53
1f72c746,7/21/2026,2026 7,6012,15,تم الطباعة,c5bf9ef2,مسائي 21-07-26,كاشير 2,04b9d4de,طارق ماسبيرو,7/21/2026 20:51:14
85a1d9f5,7/21/2026,2026 7,6013,-94,تم الطباعة,c5bf9ef2,مسائي 21-07-26,كاشير 2,04b9d4de,طارق ماسبيرو,7/21/2026 20:53:45
f71e34e6,7/21/2026,2026 7,6014,-505,تم الطباعة,c5bf9ef2,مسائي 21-07-26,كاشير 2,04b9d4de,طارق ماسبيرو,7/21/2026 21:14:23
25b2e4eb,7/21/2026,2026 7,6015,5,تم الطباعة,c5bf9ef2,مسائي 21-07-26,كاشير 2,04b9d4de,طارق ماسبيرو,7/21/2026 21:14:44
d70b52d4,7/21/2026,2026 7,6016,18,تم الطباعة,e641858c,مسائي 21-07-26,كاشير 1,4ac7873c,محمود سويفي,7/21/2026 21:32:42
7caa36aa,7/21/2026,2026 7,6017,50,تم الطباعة,c5bf9ef2,مسائي 21-07-26,كاشير 2,04b9d4de,طارق ماسبيرو,7/21/2026 21:39:49
0dfb00b1,7/21/2026,2026 7,6017,-480,تم الطباعة,e641858c,مسائي 21-07-26,كاشير 1,4ac7873c,محمود سويفي,7/21/2026 21:40:43
d8772a67,7/21/2026,2026 7,6019,-2509,تم الطباعة,e641858c,مسائي 21-07-26,كاشير 1,4ac7873c,محمود سويفي,7/21/2026 21:43:23
caa0233b,7/21/2026,2026 7,6020,305,تم الطباعة,e641858c,مسائي 21-07-26,كاشير 1,4ac7873c,محمود سويفي,7/21/2026 21:53:06
529a9a5a,7/21/2026,2026 7,6021,1010,تم الطباعة,e641858c,مسائي 21-07-26,كاشير 1,4ac7873c,محمود سويفي,7/21/2026 21:54:09
40d58d97,7/21/2026,2026 7,6022,12,تم الطباعة,e641858c,مسائي 21-07-26,كاشير 1,4ac7873c,محمود سويفي,7/21/2026 22:15:24
aa043e4e,7/21/2026,2026 7,6023,80,تم الطباعة,c5bf9ef2,مسائي 21-07-26,كاشير 2,04b9d4de,طارق ماسبيرو,7/21/2026 22:19:22
7e3efbdb,7/21/2026,2026 7,6024,70,تم الطباعة,c5bf9ef2,مسائي 21-07-26,كاشير 2,04b9d4de,طارق ماسبيرو,7/21/2026 22:26:35
bd8c5718,7/21/2026,2026 7,6025,-3960,تم الطباعة,e641858c,مسائي 21-07-26,كاشير 1,4ac7873c,محمود سويفي,7/21/2026 22:36:29
3fd54038,7/21/2026,2026 7,6026,2,تم الطباعة,c5bf9ef2,مسائي 21-07-26,كاشير 2,04b9d4de,طارق ماسبيرو,7/21/2026 22:50:45
8e3914ee,7/21/2026,2026 7,6027,-97,تم الطباعة,c5bf9ef2,مسائي 21-07-26,كاشير 2,04b9d4de,طارق ماسبيرو,7/21/2026 22:51:35
d399aafa,7/21/2026,2026 7,6028,-1500,تم الطباعة,c5bf9ef2,مسائي 21-07-26,كاشير 2,04b9d4de,طارق ماسبيرو,7/21/2026 22:59:56
813b6450,7/21/2026,2026 7,6029,1000,تم الطباعة,c5bf9ef2,مسائي 21-07-26,كاشير 2,04b9d4de,طارق ماسبيرو,7/21/2026 23:01:26
7b606f03,7/21/2026,2026 7,6029,0,تم الطباعة,e641858c,مسائي 21-07-26,كاشير 1,4ac7873c,محمود سويفي,7/21/2026 23:02:08
4c1e31c4,7/21/2026,2026 7,6031,2205,تم الطباعة,e641858c,مسائي 21-07-26,كاشير 1,4ac7873c,محمود سويفي,7/21/2026 23:07:41
807364f3,7/21/2026,2026 7,6032,5,تم الطباعة,e641858c,مسائي 21-07-26,كاشير 1,4ac7873c,محمود سويفي,7/21/2026 23:11:15
848ee696,7/21/2026,2026 7,6033,1350,تم الطباعة,e641858c,مسائي 21-07-26,كاشير 1,4ac7873c,محمود سويفي,7/21/2026 23:33:59
7231cfed,7/21/2026,2026 7,6034,1720,تم الطباعة,e641858c,مسائي 21-07-26,كاشير 1,4ac7873c,محمود سويفي,7/21/2026 23:34:17
81716fc8,7/21/2026,2026 7,6035,505,تم الطباعة,e641858c,مسائي 21-07-26,كاشير 1,4ac7873c,محمود سويفي,7/21/2026 23:35:35
218fc5cb,7/21/2026,2026 7,6036,1005,تم الطباعة,e641858c,مسائي 21-07-26,كاشير 1,4ac7873c,محمود سويفي,7/21/2026 23:38:56
05dece69,7/21/2026,2026 7,6037,50,تم الطباعة,e641858c,مسائي 21-07-26,كاشير 1,4ac7873c,محمود سويفي,7/21/2026 23:40:26
f1bedc87,7/21/2026,2026 7,6038,10,تم الطباعة,c5bf9ef2,مسائي 21-07-26,كاشير 2,04b9d4de,طارق ماسبيرو,7/21/2026 23:44:35
710aaa5e,7/21/2026,2026 7,6038,-450,تم الطباعة,e641858c,مسائي 21-07-26,كاشير 1,4ac7873c,محمود سويفي,7/21/2026 23:44:53
5d25c1b5,7/21/2026,2026 7,6040,15,تم الطباعة,e641858c,مسائي 21-07-26,كاشير 1,4ac7873c,محمود سويفي,7/21/2026 23:46:45
d8eff73d,7/21/2026,2026 7,6041,20,تم الطباعة,e641858c,مسائي 21-07-26,كاشير 1,4ac7873c,محمود سويفي,7/21/2026 23:49:27
e1de678a,7/21/2026,2026 7,6042,105,تم الطباعة,e641858c,مسائي 21-07-26,كاشير 1,4ac7873c,محمود سويفي,7/21/2026 23:49:58
09e0761a,7/21/2026,2026 7,6043,5,تم الطباعة,e641858c,مسائي 21-07-26,كاشير 1,4ac7873c,محمود سويفي,7/21/2026 23:55:05
35fbd0a6,7/22/2026,2026 7,6044,5,تم الطباعة,c5bf9ef2,مسائي 21-07-26,كاشير 2,04b9d4de,طارق ماسبيرو,7/22/2026 0:00:43
418875dc,7/22/2026,2026 7,6045,8,تم الطباعة,e641858c,مسائي 21-07-26,كاشير 1,4ac7873c,محمود سويفي,7/22/2026 0:04:22
abb6c08e,7/22/2026,2026 7,6046,30,تم الطباعة,c5bf9ef2,مسائي 21-07-26,كاشير 2,04b9d4de,طارق ماسبيرو,7/22/2026 0:06:06
991d15f6,7/22/2026,2026 7,6047,10,تم الطباعة,c5bf9ef2,مسائي 21-07-26,كاشير 2,04b9d4de,طارق ماسبيرو,7/22/2026 0:09:51
03323da9,7/22/2026,2026 7,6048,77,تم الطباعة,e641858c,مسائي 21-07-26,كاشير 1,4ac7873c,محمود سويفي,7/22/2026 0:23:42
00a155ba,7/22/2026,2026 7,6049,70,تم الطباعة,9ce21272,مسائي 22-07-26,كاشير 1,0154dfaa,أ/ احمد زرزور,7/22/2026 0:39:21
5a9e8076,7/22/2026,2026 7,6050,4,تم الطباعة,dd57b668,مسائي 22-07-26,كاشير 1,0154dfaa,أ/ احمد زرزور,7/22/2026 0:45:21
fc85b9c5,7/22/2026,2026 7,6051,40,تم الطباعة,6c2d7e20,صباحي 22-07-26,كاشير 1,f7f8d8a0,محمد عبدالتواب,7/22/2026 8:33:48
0af26763,7/22/2026,2026 7,6052,300,تم الطباعة,6c2d7e20,صباحي 22-07-26,كاشير 1,f7f8d8a0,محمد عبدالتواب,7/22/2026 8:39:37
b072a687,7/22/2026,2026 7,6053,25,تم الطباعة,6c2d7e20,صباحي 22-07-26,كاشير 1,f7f8d8a0,محمد عبدالتواب,7/22/2026 9:22:19
cfb6bd35,7/22/2026,2026 7,6054,-1970,تم الطباعة,6c2d7e20,صباحي 22-07-26,كاشير 1,f7f8d8a0,محمد عبدالتواب,7/22/2026 9:44:45
805019fe,7/22/2026,2026 7,6055,30,تم الطباعة,6c2d7e20,صباحي 22-07-26,كاشير 1,f7f8d8a0,محمد عبدالتواب,7/22/2026 9:47:32
58ff2020,7/22/2026,2026 7,6056,0,تم الطباعة,6c2d7e20,صباحي 22-07-26,كاشير 1,f7f8d8a0,محمد عبدالتواب,7/22/2026 10:51:29
c9eeae1c,7/22/2026,2026 7,6057,-294,تم الطباعة,6c2d7e20,صباحي 22-07-26,كاشير 1,f7f8d8a0,محمد عبدالتواب,7/22/2026 10:51:45
6caa7fd7,7/22/2026,2026 7,6058,323,تم الطباعة,6c2d7e20,صباحي 22-07-26,كاشير 1,f7f8d8a0,محمد عبدالتواب,7/22/2026 10:52:02
b4e339e1,7/22/2026,2026 7,6059,10,تم الطباعة,6c2d7e20,صباحي 22-07-26,كاشير 1,f7f8d8a0,محمد عبدالتواب,7/22/2026 10:53:06
1ec49afe,7/22/2026,2026 7,6060,200,تم الطباعة,6c2d7e20,صباحي 22-07-26,كاشير 1,f7f8d8a0,محمد عبدالتواب,7/22/2026 10:59:23
3d43ba97,7/22/2026,2026 7,6061,-20,تم الطباعة,6c2d7e20,صباحي 22-07-26,كاشير 1,f7f8d8a0,محمد عبدالتواب,7/22/2026 11:11:23
7abebc96,7/22/2026,2026 7,6062,-6000,تم الطباعة,6c2d7e20,صباحي 22-07-26,كاشير 1,f7f8d8a0,محمد عبدالتواب,7/22/2026 11:37:20
d5d5ff6a,7/22/2026,2026 7,6063,-990,تم الطباعة,6c2d7e20,صباحي 22-07-26,كاشير 1,f7f8d8a0,محمد عبدالتواب,7/22/2026 11:40:47
9609205b,7/22/2026,2026 7,6064,0,تم الطباعة,6c2d7e20,صباحي 22-07-26,كاشير 1,f7f8d8a0,محمد عبدالتواب,7/22/2026 11:54:06
838a06f9,7/22/2026,2026 7,6065,280,تم الطباعة,6c2d7e20,صباحي 22-07-26,كاشير 1,f7f8d8a0,محمد عبدالتواب,7/22/2026 12:37:10
d2642a03,7/22/2026,2026 7,6066,-6795,تم الطباعة,6c2d7e20,صباحي 22-07-26,كاشير 1,f7f8d8a0,محمد عبدالتواب,7/22/2026 12:48:59
d72c1613,7/22/2026,2026 7,6067,-2670,تم الطباعة,6c2d7e20,صباحي 22-07-26,كاشير 1,f7f8d8a0,محمد عبدالتواب,7/22/2026 13:02:06
da770bcf,7/22/2026,2026 7,6068,145,تم الطباعة,6c2d7e20,صباحي 22-07-26,كاشير 1,f7f8d8a0,محمد عبدالتواب,7/22/2026 13:22:04
18cdc40e,7/22/2026,2026 7,6069,5,تم الطباعة,6c2d7e20,صباحي 22-07-26,كاشير 1,f7f8d8a0,محمد عبدالتواب,7/22/2026 13:22:59
79c5a933,7/22/2026,2026 7,6070,44,تم الطباعة,6c2d7e20,صباحي 22-07-26,كاشير 1,f7f8d8a0,محمد عبدالتواب,7/22/2026 13:44:45
4d3dd294,7/22/2026,2026 7,6071,30,تم الطباعة,6c2d7e20,صباحي 22-07-26,كاشير 1,f7f8d8a0,محمد عبدالتواب,7/22/2026 13:45:36
87129901,7/22/2026,2026 7,6072,3,تم الطباعة,0f50914b,صباحي 22-07-26,كاشير 2,0154dfaa,أ/ احمد زرزور,7/22/2026 14:15:50
ebe9b108,7/22/2026,2026 7,6073,1750,تم الطباعة,6c2d7e20,صباحي 22-07-26,كاشير 1,f7f8d8a0,محمد عبدالتواب,7/22/2026 14:20:43
eaeb031a,7/22/2026,2026 7,6074,15,تم الطباعة,0f50914b,صباحي 22-07-26,كاشير 2,0154dfaa,أ/ احمد زرزور,7/22/2026 14:58:32
6c71d318,7/22/2026,2026 7,6075,12,تم الطباعة,6c2d7e20,صباحي 22-07-26,كاشير 1,f7f8d8a0,محمد عبدالتواب,7/22/2026 15:06:27
c57528ee,7/22/2026,2026 7,6076,500,تم الطباعة,6c2d7e20,صباحي 22-07-26,كاشير 1,f7f8d8a0,محمد عبدالتواب,7/22/2026 15:08:30
f744dbd7,7/22/2026,2026 7,6077,0,تم الطباعة,6c2d7e20,صباحي 22-07-26,كاشير 1,f7f8d8a0,محمد عبدالتواب,7/22/2026 15:13:15
f4aa0ab5,7/22/2026,2026 7,6078,300,تم الطباعة,6c2d7e20,صباحي 22-07-26,كاشير 1,f7f8d8a0,محمد عبدالتواب,7/22/2026 15:21:42
e1781200,7/22/2026,2026 7,6079,500,تم الطباعة,6c2d7e20,صباحي 22-07-26,كاشير 1,f7f8d8a0,محمد عبدالتواب,7/22/2026 15:23:09
cd4eae6c,7/22/2026,2026 7,6080,20,تم الطباعة,6c2d7e20,صباحي 22-07-26,كاشير 1,f7f8d8a0,محمد عبدالتواب,7/22/2026 15:23:40
7bd32bcb,7/22/2026,2026 7,6081,300,تم الطباعة,0f50914b,صباحي 22-07-26,كاشير 2,0154dfaa,أ/ احمد زرزور,7/22/2026 15:35:54
5e77b1ea,7/22/2026,2026 7,6082,205,تم الطباعة,6c2d7e20,صباحي 22-07-26,كاشير 1,f7f8d8a0,محمد عبدالتواب,7/22/2026 15:45:33
ae6d8b86,7/22/2026,2026 7,6083,10,تم الطباعة,6c2d7e20,صباحي 22-07-26,كاشير 1,f7f8d8a0,محمد عبدالتواب,7/22/2026 15:49:02
740d38f8,7/22/2026,2026 7,6084,100,تم الطباعة,0f50914b,صباحي 22-07-26,كاشير 2,0154dfaa,أ/ احمد زرزور,7/22/2026 16:04:14
ebc15950,7/22/2026,2026 7,6085,5,تم الطباعة,6c2d7e20,صباحي 22-07-26,كاشير 1,f7f8d8a0,محمد عبدالتواب,7/22/2026 16:14:45
4a78a60d,7/22/2026,2026 7,6085,3,تم الطباعة,0f50914b,صباحي 22-07-26,كاشير 2,0154dfaa,أ/ احمد زرزور,7/22/2026 16:15:15
39fc04f3,7/22/2026,2026 7,6086,308,تم الطباعة,6c2d7e20,صباحي 22-07-26,كاشير 1,f7f8d8a0,محمد عبدالتواب,7/22/2026 16:17:15
00fc6126,7/22/2026,2026 7,6088,-495,تم الطباعة,6c2d7e20,صباحي 22-07-26,كاشير 1,f7f8d8a0,محمد عبدالتواب,7/22/2026 16:21:43
f3532d73,7/22/2026,2026 7,6089,40,تم الطباعة,6c2d7e20,صباحي 22-07-26,كاشير 1,f7f8d8a0,محمد عبدالتواب,7/22/2026 16:25:30
d0bf9fdf,7/22/2026,2026 7,6090,5,تم الطباعة,6c2d7e20,صباحي 22-07-26,كاشير 1,f7f8d8a0,محمد عبدالتواب,7/22/2026 16:32:15
832f6e3d,7/22/2026,2026 7,6091,380,تم الطباعة,6c2d7e20,صباحي 22-07-26,كاشير 1,f7f8d8a0,محمد عبدالتواب,7/22/2026 16:33:27
8968717c,7/22/2026,2026 7,6092,550,تم الطباعة,6c2d7e20,صباحي 22-07-26,كاشير 1,f7f8d8a0,محمد عبدالتواب,7/22/2026 16:33:55
f6490e60,7/22/2026,2026 7,6093,90,تم الطباعة,0f50914b,صباحي 22-07-26,كاشير 2,0154dfaa,أ/ احمد زرزور,7/22/2026 16:35:28
0c2fd6ab,7/22/2026,2026 7,6094,25,تم الطباعة,6c2d7e20,صباحي 22-07-26,كاشير 1,f7f8d8a0,محمد عبدالتواب,7/22/2026 16:38:56
920ab2b5,7/22/2026,2026 7,6095,-495,تم الطباعة,6c2d7e20,صباحي 22-07-26,كاشير 1,f7f8d8a0,محمد عبدالتواب,7/22/2026 16:50:48
d53b5eea,7/22/2026,2026 7,6096,1905,تم الطباعة,6c2d7e20,صباحي 22-07-26,كاشير 1,f7f8d8a0,محمد عبدالتواب,7/22/2026 17:17:26
2674f357,7/22/2026,2026 7,6097,-1400,تم الطباعة,6c2d7e20,صباحي 22-07-26,كاشير 1,f7f8d8a0,محمد عبدالتواب,7/22/2026 17:32:18
adbeecbe,7/22/2026,2026 7,6098,150,تم الطباعة,6c2d7e20,صباحي 22-07-26,كاشير 1,f7f8d8a0,محمد عبدالتواب,7/22/2026 17:37:36
e36d4f28,7/22/2026,2026 7,6099,250,تم الطباعة,d83db226,مسائي 22-07-26,كاشير 2,04b9d4de,طارق ماسبيرو,7/22/2026 17:41:36
90dcc976,7/22/2026,2026 7,6100,-1970,تم الطباعة,6c2d7e20,صباحي 22-07-26,كاشير 1,f7f8d8a0,محمد عبدالتواب,7/22/2026 17:45:04
bc196206,7/22/2026,2026 7,6101,30,تم الطباعة,6c2d7e20,صباحي 22-07-26,كاشير 1,f7f8d8a0,محمد عبدالتواب,7/22/2026 17:56:48
568b7324,7/22/2026,2026 7,6102,10,تم الطباعة,d83db226,مسائي 22-07-26,كاشير 2,04b9d4de,طارق ماسبيرو,7/22/2026 17:58:14
e907405e,7/22/2026,2026 7,6103,-1000,تم الطباعة,6c2d7e20,صباحي 22-07-26,كاشير 1,f7f8d8a0,محمد عبدالتواب,7/22/2026 18:02:48
543bdb8a,7/22/2026,2026 7,6104,15,تم الطباعة,d83db226,مسائي 22-07-26,كاشير 2,04b9d4de,طارق ماسبيرو,7/22/2026 18:08:07
3407c6ff,7/22/2026,2026 7,6105,2,تم الطباعة,d83db226,مسائي 22-07-26,كاشير 2,04b9d4de,طارق ماسبيرو,7/22/2026 18:11:49
7e0866be,7/22/2026,2026 7,6106,-45,تم الطباعة,d83db226,مسائي 22-07-26,كاشير 2,04b9d4de,طارق ماسبيرو,7/22/2026 18:18:17
6bb3a627,7/22/2026,2026 7,6107,-975,تم الطباعة,d83db226,مسائي 22-07-26,كاشير 2,04b9d4de,طارق ماسبيرو,7/22/2026 18:20:47
87d29173,7/22/2026,2026 7,6108,3,تم الطباعة,d83db226,مسائي 22-07-26,كاشير 2,04b9d4de,طارق ماسبيرو,7/22/2026 18:27:36
7edc790d,7/22/2026,2026 7,6109,-445,تم الطباعة,d83db226,مسائي 22-07-26,كاشير 2,04b9d4de,طارق ماسبيرو,7/22/2026 18:29:21
9a662786,7/22/2026,2026 7,6110,8,تم الطباعة,d83db226,مسائي 22-07-26,كاشير 2,04b9d4de,طارق ماسبيرو,7/22/2026 18:47:58
0bf22333,7/22/2026,2026 7,6111,-245,تم الطباعة,d83db226,مسائي 22-07-26,كاشير 2,04b9d4de,طارق ماسبيرو,7/22/2026 19:04:40
afcb1cca,7/22/2026,2026 7,6112,-250,تم الطباعة,d83db226,مسائي 22-07-26,كاشير 2,04b9d4de,طارق ماسبيرو,7/22/2026 19:09:49
8f0a5c08,7/22/2026,2026 7,6113,5,تم الطباعة,d83db226,مسائي 22-07-26,كاشير 2,04b9d4de,طارق ماسبيرو,7/22/2026 19:16:29
ee0332c0,7/22/2026,2026 7,6114,25,تم الطباعة,d83db226,مسائي 22-07-26,كاشير 2,04b9d4de,طارق ماسبيرو,7/22/2026 19:29:05
fce78d5b,7/22/2026,2026 7,6115,-1480,تم الطباعة,3cd0037c,مسائي 22-07-26,كاشير 1,4ac7873c,محمود سويفي,7/22/2026 19:37:41
5436583b,7/22/2026,2026 7,6116,24,تم الطباعة,3cd0037c,مسائي 22-07-26,كاشير 1,4ac7873c,محمود سويفي,7/22/2026 19:43:19
84bea75f,7/22/2026,2026 7,6117,5,تم الطباعة,3cd0037c,مسائي 22-07-26,كاشير 1,4ac7873c,محمود سويفي,7/22/2026 19:47:25
f65ccb85,7/22/2026,2026 7,6118,-195,تم الطباعة,3cd0037c,مسائي 22-07-26,كاشير 1,4ac7873c,محمود سويفي,7/22/2026 20:00:00
ca871146,7/22/2026,2026 7,6119,34,تم الطباعة,3cd0037c,مسائي 22-07-26,كاشير 1,4ac7873c,محمود سويفي,7/22/2026 20:02:47
e7a594a0,7/22/2026,2026 7,6120,100,تم الطباعة,3cd0037c,مسائي 22-07-26,كاشير 1,4ac7873c,محمود سويفي,7/22/2026 20:07:00
a7c570ed,7/22/2026,2026 7,6121,6,تم الطباعة,3cd0037c,مسائي 22-07-26,كاشير 1,4ac7873c,محمود سويفي,7/22/2026 20:09:43
fa702ef1,7/22/2026,2026 7,6122,200,تم الطباعة,3cd0037c,مسائي 22-07-26,كاشير 1,4ac7873c,محمود سويفي,7/22/2026 20:38:54
c4732f19,7/22/2026,2026 7,6123,-2855,تم الطباعة,3cd0037c,مسائي 22-07-26,كاشير 1,4ac7873c,محمود سويفي,7/22/2026 20:44:56
e83e4627,7/22/2026,2026 7,6124,110,تم الطباعة,3cd0037c,مسائي 22-07-26,كاشير 1,4ac7873c,محمود سويفي,7/22/2026 20:54:20
ccb6ff38,7/22/2026,2026 7,6125,5550,تم الطباعة,3cd0037c,مسائي 22-07-26,كاشير 1,4ac7873c,محمود سويفي,7/22/2026 21:01:21
82fba28c,7/22/2026,2026 7,6126,15,تم الطباعة,3cd0037c,مسائي 22-07-26,كاشير 1,4ac7873c,محمود سويفي,7/22/2026 21:01:59
84b28a25,7/22/2026,2026 7,6127,5,تم الطباعة,3cd0037c,مسائي 22-07-26,كاشير 1,4ac7873c,محمود سويفي,7/22/2026 21:09:08
96467817,7/22/2026,2026 7,6128,-1280,تم الطباعة,3cd0037c,مسائي 22-07-26,كاشير 1,4ac7873c,محمود سويفي,7/22/2026 21:15:38
920313d4,7/22/2026,2026 7,6129,450,تم الطباعة,3cd0037c,مسائي 22-07-26,كاشير 1,4ac7873c,محمود سويفي,7/22/2026 21:17:28
a2542dff,7/22/2026,2026 7,6130,10072,تم الطباعة,3cd0037c,مسائي 22-07-26,كاشير 1,4ac7873c,محمود سويفي,7/22/2026 21:18:32
489642b1,7/22/2026,2026 7,6131,5,تم الطباعة,3cd0037c,مسائي 22-07-26,كاشير 1,4ac7873c,محمود سويفي,7/22/2026 21:30:25
c02a7d99,7/22/2026,2026 7,6132,100,تم الطباعة,d83db226,مسائي 22-07-26,كاشير 2,04b9d4de,طارق ماسبيرو,7/22/2026 21:32:02
5bda5708,7/22/2026,2026 7,6133,50,تم الطباعة,3cd0037c,مسائي 22-07-26,كاشير 1,4ac7873c,محمود سويفي,7/22/2026 21:37:36
8d92e80f,7/22/2026,2026 7,6134,-255,تم الطباعة,d83db226,مسائي 22-07-26,كاشير 2,04b9d4de,طارق ماسبيرو,7/22/2026 21:52:53
c5f86c98,7/22/2026,2026 7,6135,3030,تم الطباعة,d83db226,مسائي 22-07-26,كاشير 2,04b9d4de,طارق ماسبيرو,7/22/2026 21:53:19
1ca4e3b7,7/22/2026,2026 7,6136,5,تم الطباعة,d83db226,مسائي 22-07-26,كاشير 2,04b9d4de,طارق ماسبيرو,7/22/2026 22:17:27
e3b329da,7/22/2026,2026 7,6137,5,تم الطباعة,3cd0037c,مسائي 22-07-26,كاشير 1,4ac7873c,محمود سويفي,7/22/2026 22:18:52
847c7db8,7/22/2026,2026 7,6138,5,تم الطباعة,d83db226,مسائي 22-07-26,كاشير 2,04b9d4de,طارق ماسبيرو,7/22/2026 22:19:38
36cd5348,7/22/2026,2026 7,6139,100,تم الطباعة,39d55059,مسائي ٢٢-٠٧-٢٦,كاشير 3,0154dfaa,أ/ احمد زرزور,7/22/2026 22:21:16
4b6274ed,7/22/2026,2026 7,6140,20,تم الطباعة,3cd0037c,مسائي 22-07-26,كاشير 1,4ac7873c,محمود سويفي,7/22/2026 22:22:11
552da8e9,7/22/2026,2026 7,6141,815,تم الطباعة,d83db226,مسائي 22-07-26,كاشير 2,04b9d4de,طارق ماسبيرو,7/22/2026 22:24:06
5b29ca3b,7/22/2026,2026 7,6142,1067,تم الطباعة,d83db226,مسائي 22-07-26,كاشير 2,04b9d4de,طارق ماسبيرو,7/22/2026 22:25:47
09ad14b5,7/22/2026,2026 7,6143,5,تم الطباعة,3cd0037c,مسائي 22-07-26,كاشير 1,4ac7873c,محمود سويفي,7/22/2026 22:29:54
e33f53fa,7/22/2026,2026 7,6144,12,تم الطباعة,39d55059,مسائي ٢٢-٠٧-٢٦,كاشير 3,0154dfaa,أ/ احمد زرزور,7/22/2026 22:36:20
438e56d0,7/22/2026,2026 7,6145,75,تم الطباعة,d83db226,مسائي 22-07-26,كاشير 2,04b9d4de,طارق ماسبيرو,7/22/2026 22:41:12
eb4d1fdb,7/22/2026,2026 7,6146,-255,تم الطباعة,d83db226,مسائي 22-07-26,كاشير 2,04b9d4de,طارق ماسبيرو,7/22/2026 22:43:38
3e08b9f5,7/22/2026,2026 7,6147,15,تم الطباعة,39d55059,مسائي ٢٢-٠٧-٢٦,كاشير 3,0154dfaa,أ/ احمد زرزور,7/22/2026 23:03:40
7702af4d,7/22/2026,2026 7,6148,20,تم الطباعة,d83db226,مسائي 22-07-26,كاشير 2,04b9d4de,طارق ماسبيرو,7/22/2026 23:12:05
494b6a1d,7/22/2026,2026 7,6148,3155,تم الطباعة,39d55059,مسائي ٢٢-٠٧-٢٦,كاشير 3,0154dfaa,أ/ احمد زرزور,7/22/2026 23:12:24
70659597,7/22/2026,2026 7,6149,5,تم الطباعة,3cd0037c,مسائي 22-07-26,كاشير 1,4ac7873c,محمود سويفي,7/22/2026 23:16:31
cdadace5,7/22/2026,2026 7,6150,100,تم الطباعة,d83db226,مسائي 22-07-26,كاشير 2,04b9d4de,طارق ماسبيرو,7/22/2026 23:17:37
1cd921c4,7/22/2026,2026 7,6152,20,تم الطباعة,d83db226,مسائي 22-07-26,كاشير 2,04b9d4de,طارق ماسبيرو,7/22/2026 23:26:17
1f4923a0,7/22/2026,2026 7,6153,400,تم الطباعة,d83db226,مسائي 22-07-26,كاشير 2,04b9d4de,طارق ماسبيرو,7/22/2026 23:29:19
52612d38,7/22/2026,2026 7,6154,815,تم الطباعة,d83db226,مسائي 22-07-26,كاشير 2,04b9d4de,طارق ماسبيرو,7/22/2026 23:36:08
90941372,7/22/2026,2026 7,6155,50,تم الطباعة,d83db226,مسائي 22-07-26,كاشير 2,04b9d4de,طارق ماسبيرو,7/22/2026 23:38:25
c468d5ff,7/22/2026,2026 7,6156,30,تم الطباعة,3cd0037c,مسائي 22-07-26,كاشير 1,4ac7873c,محمود سويفي,7/22/2026 23:40:12
8fbe4747,7/22/2026,2026 7,6157,505,تم الطباعة,3cd0037c,مسائي 22-07-26,كاشير 1,4ac7873c,محمود سويفي,7/22/2026 23:45:20
9ecf91d7,7/23/2026,2026 7,6158,1010,تم الطباعة,3cd0037c,مسائي 22-07-26,كاشير 1,4ac7873c,محمود سويفي,7/23/2026 0:03:11
8ebda1ac,7/23/2026,2026 7,6159,90,تم الطباعة,d83db226,مسائي 22-07-26,كاشير 2,04b9d4de,طارق ماسبيرو,7/23/2026 0:19:44
80f1c4a6,7/23/2026,2026 7,6160,300,تم الطباعة,fab97841,مسائي 23-07-26,كاشير 1,0154dfaa,أ/ احمد زرزور,7/23/2026 0:26:45
4b7b9bbd,7/23/2026,2026 7,6161,35,تم الطباعة,d83db226,مسائي 22-07-26,كاشير 2,04b9d4de,طارق ماسبيرو,7/23/2026 0:32:32
49bff810,7/23/2026,2026 7,6162,30,تم الطباعة,fab97841,مسائي 23-07-26,كاشير 1,0154dfaa,أ/ احمد زرزور,7/23/2026 0:48:31
bd34798e,7/23/2026,2026 7,6163,-395,تم الطباعة,fab97841,مسائي 23-07-26,كاشير 1,0154dfaa,أ/ احمد زرزور,7/23/2026 0:52:44
4b44281a,7/23/2026,2026 7,6164,3,تم الطباعة,d83db226,مسائي 22-07-26,كاشير 2,04b9d4de,طارق ماسبيرو,7/23/2026 0:55:16
c1d51eca,7/23/2026,2026 7,6165,410,تم الطباعة,d83db226,مسائي 22-07-26,كاشير 2,04b9d4de,طارق ماسبيرو,7/23/2026 1:00:02
b7eb50bd,7/23/2026,2026 7,6166,1010,تم الطباعة,fab97841,مسائي 23-07-26,كاشير 1,0154dfaa,أ/ احمد زرزور,7/23/2026 1:02:11
501b6b55,7/23/2026,2026 7,6166,7,تم الطباعة,d83db226,مسائي 22-07-26,كاشير 2,04b9d4de,طارق ماسبيرو,7/23/2026 1:02:35
28a91dbb,7/23/2026,2026 7,6167,-500,تم الطباعة,fab97841,مسائي 23-07-26,كاشير 1,0154dfaa,أ/ احمد زرزور,7/23/2026 1:03:13
81ad3496,7/23/2026,2026 7,6169,30,تم الطباعة,fab97841,مسائي 23-07-26,كاشير 1,0154dfaa,أ/ احمد زرزور,7/23/2026 1:10:55
49f225df,7/23/2026,2026 7,6170,0,تم الطباعة,fab97841,مسائي 23-07-26,كاشير 1,0154dfaa,أ/ احمد زرزور,7/23/2026 1:17:48
811f42a6,7/23/2026,2026 7,6171,0,تم الطباعة,fab97841,مسائي 23-07-26,كاشير 1,0154dfaa,أ/ احمد زرزور,7/23/2026 1:25:51
b47d323d,7/23/2026,2026 7,6172,-50,تم الطباعة,fab97841,مسائي 23-07-26,كاشير 1,0154dfaa,أ/ احمد زرزور,7/23/2026 1:30:41
0c74092a,7/23/2026,2026 7,6173,30,تم الطباعة,fab97841,مسائي 23-07-26,كاشير 1,0154dfaa,أ/ احمد زرزور,7/23/2026 1:37:54
3c63be3d,7/23/2026,2026 7,6174,-500,تم الطباعة,fab97841,مسائي 23-07-26,كاشير 1,0154dfaa,أ/ احمد زرزور,7/23/2026 2:01:30
464b7f3c,7/23/2026,2026 7,6175,0,تم الطباعة,fab97841,مسائي 23-07-26,كاشير 1,0154dfaa,أ/ احمد زرزور,7/23/2026 2:16:44
b95d10ae,7/23/2026,2026 7,6176,-35,تم الطباعة,fab97841,مسائي 23-07-26,كاشير 1,0154dfaa,أ/ احمد زرزور,7/23/2026 2:35:49
ece90a76,7/23/2026,2026 7,6177,603,تم الطباعة,fab97841,مسائي 23-07-26,كاشير 1,0154dfaa,أ/ احمد زرزور,7/23/2026 2:51:11
4a65f2ca,7/23/2026,2026 7,6178,305,تم الطباعة,a92081b1,صباحي 23-07-26,كاشير 1,f7f8d8a0,محمد عبدالتواب,7/23/2026 9:01:09
7ec7b4c5,7/23/2026,2026 7,6179,-1665,تم الطباعة,a92081b1,صباحي 23-07-26,كاشير 1,f7f8d8a0,محمد عبدالتواب,7/23/2026 9:24:08
c68884f0,7/23/2026,2026 7,6180,0,تم الطباعة,a92081b1,صباحي 23-07-26,كاشير 1,f7f8d8a0,محمد عبدالتواب,7/23/2026 10:06:41
c82acfc0,7/23/2026,2026 7,6181,300,تم الطباعة,a92081b1,صباحي 23-07-26,كاشير 1,f7f8d8a0,محمد عبدالتواب,7/23/2026 10:31:25
af8c4448,7/23/2026,2026 7,6182,-2000,تم الطباعة,a92081b1,صباحي 23-07-26,كاشير 1,f7f8d8a0,محمد عبدالتواب,7/23/2026 10:47:39
a594f4db,7/23/2026,2026 7,6183,-4925,تم الطباعة,a92081b1,صباحي 23-07-26,كاشير 1,f7f8d8a0,محمد عبدالتواب,7/23/2026 11:18:27
6acfa0ed,7/23/2026,2026 7,6184,5,تم الطباعة,a92081b1,صباحي 23-07-26,كاشير 1,f7f8d8a0,محمد عبدالتواب,7/23/2026 11:28:48
aeb5a43e,7/23/2026,2026 7,6185,-4250,تم الطباعة,a92081b1,صباحي 23-07-26,كاشير 1,f7f8d8a0,محمد عبدالتواب,7/23/2026 11:38:47
922460ea,7/23/2026,2026 7,6186,70,تم الطباعة,a92081b1,صباحي 23-07-26,كاشير 1,f7f8d8a0,محمد عبدالتواب,7/23/2026 11:45:10
af8327ab,7/23/2026,2026 7,6187,5,تم الطباعة,a92081b1,صباحي 23-07-26,كاشير 1,f7f8d8a0,محمد عبدالتواب,7/23/2026 12:00:03
10a6eed9,7/23/2026,2026 7,6188,-800,تم الطباعة,a92081b1,صباحي 23-07-26,كاشير 1,f7f8d8a0,محمد عبدالتواب,7/23/2026 12:10:04
04bcceec,7/23/2026,2026 7,6189,680,تم الطباعة,a92081b1,صباحي 23-07-26,كاشير 1,f7f8d8a0,محمد عبدالتواب,7/23/2026 12:42:42
60d08d89,7/23/2026,2026 7,6190,500,تم الطباعة,a92081b1,صباحي 23-07-26,كاشير 1,f7f8d8a0,محمد عبدالتواب,7/23/2026 13:12:35
48ea6023,7/23/2026,2026 7,6191,255,تم الطباعة,a92081b1,صباحي 23-07-26,كاشير 1,f7f8d8a0,محمد عبدالتواب,7/23/2026 13:39:07
f21697b1,7/23/2026,2026 7,6192,45,تم الطباعة,a92081b1,صباحي 23-07-26,كاشير 1,f7f8d8a0,محمد عبدالتواب,7/23/2026 13:41:04
46557e6e,7/23/2026,2026 7,6193,-490,تم الطباعة,a92081b1,صباحي 23-07-26,كاشير 1,f7f8d8a0,محمد عبدالتواب,7/23/2026 13:42:11
9e3b1442,7/23/2026,2026 7,6194,5050,تم الطباعة,a92081b1,صباحي 23-07-26,كاشير 1,f7f8d8a0,محمد عبدالتواب,7/23/2026 14:16:56
b5da9154,7/23/2026,2026 7,6195,100,تم الطباعة,a92081b1,صباحي 23-07-26,كاشير 1,f7f8d8a0,محمد عبدالتواب,7/23/2026 14:56:22
d0f2f00d,7/23/2026,2026 7,6196,50,تم الطباعة,a92081b1,صباحي 23-07-26,كاشير 1,f7f8d8a0,محمد عبدالتواب,7/23/2026 14:58:30
4507471b,7/23/2026,2026 7,6197,100,تم الطباعة,a92081b1,صباحي 23-07-26,كاشير 1,f7f8d8a0,محمد عبدالتواب,7/23/2026 15:02:45
ecaac8fd,7/23/2026,2026 7,6198,100,تم الطباعة,a92081b1,صباحي 23-07-26,كاشير 1,f7f8d8a0,محمد عبدالتواب,7/23/2026 15:03:59
45077315,7/23/2026,2026 7,6199,50,تم الطباعة,afc95d1c,صباحي 23-07-26,كاشير 2,e9ad5415,ابانوب ايليا,7/23/2026 15:18:41
a8a94674,7/23/2026,2026 7,6200,-1000,تم الطباعة,9e6049c8,مسائي 23-07-26,كاشير 1,e9ad5415,ابانوب ايليا,7/23/2026 15:43:53
fc5e9b32,7/23/2026,2026 7,6201,-10301,تم الطباعة,ad248a81,مسائي 23-07-26,كاشير 1,4ac7873c,محمود سويفي,7/23/2026 18:11:17
fdb78772,7/23/2026,2026 7,6202,14300,تم الطباعة,ad248a81,مسائي 23-07-26,كاشير 1,4ac7873c,محمود سويفي,7/23/2026 18:25:37
9fe95fe5,7/23/2026,2026 7,6203,1000,تم الطباعة,ad248a81,مسائي 23-07-26,كاشير 1,4ac7873c,محمود سويفي,7/23/2026 18:26:07
e4ba27df,7/23/2026,2026 7,6204,5,تم الطباعة,ad248a81,مسائي 23-07-26,كاشير 1,4ac7873c,محمود سويفي,7/23/2026 18:34:36
f2a79387,7/23/2026,2026 7,6205,-195,تم الطباعة,ad248a81,مسائي 23-07-26,كاشير 1,4ac7873c,محمود سويفي,7/23/2026 18:39:45
9b63c564,7/23/2026,2026 7,6206,50,تم الطباعة,25b28d83,مسائي 23-07-26,كاشير 2,04b9d4de,طارق ماسبيرو,7/23/2026 18:41:59
c97188b0,7/23/2026,2026 7,6207,75,تم الطباعة,ad248a81,مسائي 23-07-26,كاشير 1,4ac7873c,محمود سويفي,7/23/2026 18:46:32
fb52078b,7/23/2026,2026 7,6208,65,تم الطباعة,ad248a81,مسائي 23-07-26,كاشير 1,4ac7873c,محمود سويفي,7/23/2026 18:54:17
a21f5b16,7/23/2026,2026 7,6209,260,تم الطباعة,ad248a81,مسائي 23-07-26,كاشير 1,4ac7873c,محمود سويفي,7/23/2026 19:00:18
7099c144,7/23/2026,2026 7,6210,215,تم الطباعة,ad248a81,مسائي 23-07-26,كاشير 1,4ac7873c,محمود سويفي,7/23/2026 19:16:57
c3e4706e,7/23/2026,2026 7,6211,5,تم الطباعة,25b28d83,مسائي 23-07-26,كاشير 2,04b9d4de,طارق ماسبيرو,7/23/2026 19:17:37
c9013add,7/23/2026,2026 7,6212,1,تم الطباعة,25b28d83,مسائي 23-07-26,كاشير 2,04b9d4de,طارق ماسبيرو,7/23/2026 19:21:01
f5d43bb6,7/23/2026,2026 7,6213,-160,تم الطباعة,ad248a81,مسائي 23-07-26,كاشير 1,4ac7873c,محمود سويفي,7/23/2026 19:23:33
307e529e,7/23/2026,2026 7,6214,-100,تم الطباعة,ad248a81,مسائي 23-07-26,كاشير 1,4ac7873c,محمود سويفي,7/23/2026 19:31:16
efbf69ed,7/23/2026,2026 7,6215,495,تم الطباعة,ad248a81,مسائي 23-07-26,كاشير 1,4ac7873c,محمود سويفي,7/23/2026 19:39:14
a2988d22,7/23/2026,2026 7,6215,10,تم الطباعة,25b28d83,مسائي 23-07-26,كاشير 2,04b9d4de,طارق ماسبيرو,7/23/2026 19:33:38
ef95a832,7/23/2026,2026 7,6217,25,تم الطباعة,25b28d83,مسائي 23-07-26,كاشير 2,04b9d4de,طارق ماسبيرو,7/23/2026 19:48:58
1ef8bf96,7/23/2026,2026 7,6218,-295,تم الطباعة,25b28d83,مسائي 23-07-26,كاشير 2,04b9d4de,طارق ماسبيرو,7/23/2026 19:57:46
9007f18a,7/23/2026,2026 7,6219,30,تم الطباعة,ad248a81,مسائي 23-07-26,كاشير 1,4ac7873c,محمود سويفي,7/23/2026 20:15:43
86771ba0,7/23/2026,2026 7,6220,10072,تم الطباعة,ad248a81,مسائي 23-07-26,كاشير 1,4ac7873c,محمود سويفي,7/23/2026 20:16:11
7cdf6055,7/23/2026,2026 7,6221,813,تم الطباعة,25b28d83,مسائي 23-07-26,كاشير 2,04b9d4de,طارق ماسبيرو,7/23/2026 20:17:47
89d98ec3,7/23/2026,2026 7,6222,70,تم الطباعة,ad248a81,مسائي 23-07-26,كاشير 1,4ac7873c,محمود سويفي,7/23/2026 20:19:02
bca07ca3,7/23/2026,2026 7,6223,-490,تم الطباعة,ad248a81,مسائي 23-07-26,كاشير 1,4ac7873c,محمود سويفي,7/23/2026 20:20:04
9efc91dc,7/23/2026,2026 7,6224,30,تم الطباعة,25b28d83,مسائي 23-07-26,كاشير 2,04b9d4de,طارق ماسبيرو,7/23/2026 20:26:24
b8177655,7/23/2026,2026 7,6225,-25,تم الطباعة,25b28d83,مسائي 23-07-26,كاشير 2,04b9d4de,طارق ماسبيرو,7/23/2026 20:32:57
da32f93d,7/23/2026,2026 7,6226,53,تم الطباعة,ad248a81,مسائي 23-07-26,كاشير 1,4ac7873c,محمود سويفي,7/23/2026 20:41:49
485dcd69,7/23/2026,2026 7,6227,93,تم الطباعة,ad248a81,مسائي 23-07-26,كاشير 1,4ac7873c,محمود سويفي,7/23/2026 20:42:35
3bf5c332,7/23/2026,2026 7,6228,15,تم الطباعة,25b28d83,مسائي 23-07-26,كاشير 2,04b9d4de,طارق ماسبيرو,7/23/2026 21:09:13
83b5ab52,7/23/2026,2026 7,6229,0,تم الطباعة,25b28d83,مسائي 23-07-26,كاشير 2,04b9d4de,طارق ماسبيرو,7/23/2026 21:18:57
f1cf398f,7/23/2026,2026 7,6230,1010,تم الطباعة,25b28d83,مسائي 23-07-26,كاشير 2,04b9d4de,طارق ماسبيرو,7/23/2026 21:34:10
5850efa4,7/23/2026,2026 7,6231,460,تم الطباعة,25b28d83,مسائي 23-07-26,كاشير 2,04b9d4de,طارق ماسبيرو,7/23/2026 21:40:15
1b1a1558,7/23/2026,2026 7,6232,-985,تم الطباعة,25b28d83,مسائي 23-07-26,كاشير 2,04b9d4de,طارق ماسبيرو,7/23/2026 21:40:45
3e56c0a4,7/23/2026,2026 7,6233,100,تم الطباعة,25b28d83,مسائي 23-07-26,كاشير 2,04b9d4de,طارق ماسبيرو,7/23/2026 21:48:00
b1a29fd2,7/23/2026,2026 7,6234,100,تم الطباعة,25b28d83,مسائي 23-07-26,كاشير 2,04b9d4de,طارق ماسبيرو,7/23/2026 21:51:00
69c072d7,7/23/2026,2026 7,6235,30,تم الطباعة,ad248a81,مسائي 23-07-26,كاشير 1,4ac7873c,محمود سويفي,7/23/2026 22:05:28
fb6de05d,7/23/2026,2026 7,6236,5,تم الطباعة,ad248a81,مسائي 23-07-26,كاشير 1,4ac7873c,محمود سويفي,7/23/2026 22:30:52
d2df1760,7/23/2026,2026 7,6237,1515,تم الطباعة,ad248a81,مسائي 23-07-26,كاشير 1,4ac7873c,محمود سويفي,7/23/2026 22:31:37
c602b4b7,7/23/2026,2026 7,6238,2,تم الطباعة,ad248a81,مسائي 23-07-26,كاشير 1,4ac7873c,محمود سويفي,7/23/2026 22:33:47
a8389b31,7/23/2026,2026 7,6239,20,تم الطباعة,ad248a81,مسائي 23-07-26,كاشير 1,4ac7873c,محمود سويفي,7/23/2026 22:46:51
5c84e61b,7/23/2026,2026 7,6240,55,تم الطباعة,25b28d83,مسائي 23-07-26,كاشير 2,04b9d4de,طارق ماسبيرو,7/23/2026 22:54:26
9b7ab7d6,7/23/2026,2026 7,6241,-990,تم الطباعة,ad248a81,مسائي 23-07-26,كاشير 1,4ac7873c,محمود سويفي,7/23/2026 23:17:06
db6945a4,7/23/2026,2026 7,6242,10100,تم الطباعة,ad248a81,مسائي 23-07-26,كاشير 1,4ac7873c,محمود سويفي,7/23/2026 23:21:04
54415df4,7/23/2026,2026 7,6243,20,تم الطباعة,25b28d83,مسائي 23-07-26,كاشير 2,04b9d4de,طارق ماسبيرو,7/23/2026 23:29:33
8b062eda,7/23/2026,2026 7,6244,22,تم الطباعة,ad248a81,مسائي 23-07-26,كاشير 1,4ac7873c,محمود سويفي,7/23/2026 23:32:57
2657711d,7/23/2026,2026 7,6245,20,تم الطباعة,25b28d83,مسائي 23-07-26,كاشير 2,04b9d4de,طارق ماسبيرو,7/23/2026 23:35:30
04934eb6,7/23/2026,2026 7,6246,-2910,تم الطباعة,ad248a81,مسائي 23-07-26,كاشير 1,4ac7873c,محمود سويفي,7/23/2026 23:38:24
3e9664ca,7/23/2026,2026 7,6247,2020,تم الطباعة,ad248a81,مسائي 23-07-26,كاشير 1,4ac7873c,محمود سويفي,7/23/2026 23:40:06
dfa1ae1d,7/23/2026,2026 7,6248,2020,تم الطباعة,ad248a81,مسائي 23-07-26,كاشير 1,4ac7873c,محمود سويفي,7/23/2026 23:44:54
f1e0c4c6,7/23/2026,2026 7,6249,45,تم الطباعة,ad248a81,مسائي 23-07-26,كاشير 1,4ac7873c,محمود سويفي,7/23/2026 23:51:01
8c2dd84b,7/24/2026,2026 7,6250,-4560,تم الطباعة,ad248a81,مسائي 23-07-26,كاشير 1,4ac7873c,محمود سويفي,7/24/2026 0:10:54
cfbbec65,7/24/2026,2026 7,6251,30,تم الطباعة,25b28d83,مسائي 23-07-26,كاشير 2,04b9d4de,طارق ماسبيرو,7/24/2026 0:12:24
3e35e051,7/24/2026,2026 7,6252,-530,تم الطباعة,ad248a81,مسائي 23-07-26,كاشير 1,4ac7873c,محمود سويفي,7/24/2026 0:17:48
206bbb91,7/24/2026,2026 7,6253,25,تم الطباعة,25b28d83,مسائي 23-07-26,كاشير 2,04b9d4de,طارق ماسبيرو,7/24/2026 0:20:39
d8d6bfa3,7/24/2026,2026 7,6253,-80,تم الطباعة,ad248a81,مسائي 23-07-26,كاشير 1,4ac7873c,محمود سويفي,7/24/2026 0:21:00
985ee042,7/24/2026,2026 7,6254,20,تم الطباعة,ad248a81,مسائي 23-07-26,كاشير 1,4ac7873c,محمود سويفي,7/24/2026 0:21:36
1ebbc9aa,7/24/2026,2026 7,6254,10,تم الطباعة,25b28d83,مسائي 23-07-26,كاشير 2,04b9d4de,طارق ماسبيرو,7/24/2026 0:22:16
46eb46ca,7/24/2026,2026 7,6256,15,تم الطباعة,ad248a81,مسائي 23-07-26,كاشير 1,4ac7873c,محمود سويفي,7/24/2026 0:31:57
b635b695,7/24/2026,2026 7,6258,0,تم الطباعة,25b28d83,مسائي 23-07-26,كاشير 2,04b9d4de,طارق ماسبيرو,7/24/2026 0:35:56
0566ee06,7/24/2026,2026 7,6259,205,تم الطباعة,25b28d83,مسائي 23-07-26,كاشير 2,04b9d4de,طارق ماسبيرو,7/24/2026 0:42:11
b383e3ed,7/24/2026,2026 7,6260,117,تم الطباعة,25b28d83,مسائي 23-07-26,كاشير 2,04b9d4de,طارق ماسبيرو,7/24/2026 0:51:51
f223ab17,7/24/2026,2026 7,6261,23,تم الطباعة,2c825494,مسائي ٢٣-٠٧-٢٦,كاشير 3,0154dfaa,أ/ احمد زرزور,7/24/2026 0:54:00
613c0a49,7/24/2026,2026 7,6262,25,تم الطباعة,2c825494,مسائي ٢٣-٠٧-٢٦,كاشير 3,0154dfaa,أ/ احمد زرزور,7/24/2026 0:58:58
15b307f4,7/24/2026,2026 7,6263,180,تم الطباعة,,,,0154dfaa,أ/ احمد زرزور,7/24/2026 1:02:30
8523475b,7/24/2026,2026 7,6264,-1955,تم الطباعة,f60f2af9,مسائي 24-07-26,كاشير 3,0154dfaa,أ/ احمد زرزور,7/24/2026 1:05:04
0d479e97,7/24/2026,2026 7,6265,8,تم الطباعة,25b28d83,مسائي 23-07-26,كاشير 2,04b9d4de,طارق ماسبيرو,7/24/2026 1:07:41
81bbcfb1,7/24/2026,2026 7,6266,221,تم الطباعة,ad248a81,مسائي 23-07-26,كاشير 1,4ac7873c,محمود سويفي,7/24/2026 1:09:45
6ccb32a0,7/24/2026,2026 7,6267,70,تم الطباعة,ad248a81,مسائي 23-07-26,كاشير 1,4ac7873c,محمود سويفي,7/24/2026 1:16:40
37640b2d,7/24/2026,2026 7,6268,50,تم الطباعة,ad248a81,مسائي 23-07-26,كاشير 1,4ac7873c,محمود سويفي,7/24/2026 1:21:10
75348f33,7/24/2026,2026 7,6269,5,تم الطباعة,d2e800e2,مسائي 24-07-26,كاشير 1,0154dfaa,أ/ احمد زرزور,7/24/2026 1:32:35
55f5a73b,7/24/2026,2026 7,6270,0,تم الطباعة,d2e800e2,مسائي 24-07-26,كاشير 1,0154dfaa,أ/ احمد زرزور,7/24/2026 2:04:08
7983a365,7/24/2026,2026 7,6271,-95,تم الطباعة,d2e800e2,مسائي 24-07-26,كاشير 1,0154dfaa,أ/ احمد زرزور,7/24/2026 2:17:44
dc20e139,7/24/2026,2026 7,6272,-145,تم الطباعة,d2e800e2,مسائي 24-07-26,كاشير 1,0154dfaa,أ/ احمد زرزور,7/24/2026 2:23:57
e65a3d04,7/24/2026,2026 7,6273,2000,تم الطباعة,587556d6,مسائي 24-07-26,كاشير 1,f7f8d8a0,محمد عبدالتواب,7/24/2026 14:06:17
55fde220,7/24/2026,2026 7,6274,50,تم الطباعة,587556d6,مسائي 24-07-26,كاشير 1,f7f8d8a0,محمد عبدالتواب,7/24/2026 14:10:33
97b3ba59,7/24/2026,2026 7,6275,-400,تم الطباعة,587556d6,مسائي 24-07-26,كاشير 1,f7f8d8a0,محمد عبدالتواب,7/24/2026 14:25:44
eedaf177,7/24/2026,2026 7,6276,10100,تم الطباعة,587556d6,مسائي 24-07-26,كاشير 1,f7f8d8a0,محمد عبدالتواب,7/24/2026 15:11:33
37ac94f0,7/24/2026,2026 7,6277,-1000,تم الطباعة,587556d6,مسائي 24-07-26,كاشير 1,f7f8d8a0,محمد عبدالتواب,7/24/2026 15:28:13
e31cd9b4,7/24/2026,2026 7,6278,5,تم الطباعة,587556d6,مسائي 24-07-26,كاشير 1,f7f8d8a0,محمد عبدالتواب,7/24/2026 15:35:57
4b663515,7/24/2026,2026 7,6279,-490,تم الطباعة,587556d6,مسائي 24-07-26,كاشير 1,f7f8d8a0,محمد عبدالتواب,7/24/2026 15:41:11
14aa0f1a,7/24/2026,2026 7,6280,-1035,تم الطباعة,587556d6,مسائي 24-07-26,كاشير 1,f7f8d8a0,محمد عبدالتواب,7/24/2026 16:09:41
cd8005e4,7/24/2026,2026 7,6281,1000,تم الطباعة,587556d6,مسائي 24-07-26,كاشير 1,f7f8d8a0,محمد عبدالتواب,7/24/2026 17:19:34
268fef6f,7/24/2026,2026 7,6282,-2970,تم الطباعة,587556d6,مسائي 24-07-26,كاشير 1,f7f8d8a0,محمد عبدالتواب,7/24/2026 17:19:44
ba5bd57c,7/24/2026,2026 7,6283,-295,تم الطباعة,587556d6,مسائي 24-07-26,كاشير 1,f7f8d8a0,محمد عبدالتواب,7/24/2026 17:38:19
2348441c,7/24/2026,2026 7,6284,15,تم الطباعة,587556d6,مسائي 24-07-26,كاشير 1,f7f8d8a0,محمد عبدالتواب,7/24/2026 17:57:16
73ef7cd2,7/24/2026,2026 7,6285,105,تم الطباعة,587556d6,مسائي 24-07-26,كاشير 1,f7f8d8a0,محمد عبدالتواب,7/24/2026 18:02:37
e022a5e4,7/24/2026,2026 7,6286,2020,تم الطباعة,587556d6,مسائي 24-07-26,كاشير 1,f7f8d8a0,محمد عبدالتواب,7/24/2026 18:23:37
33f0c732,7/24/2026,2026 7,6287,-6000,تم الطباعة,587556d6,مسائي 24-07-26,كاشير 1,f7f8d8a0,محمد عبدالتواب,7/24/2026 18:24:48
32de28ae,7/24/2026,2026 7,6288,20,تم الطباعة,657a9d90,مسائي 24-07-26,كاشير 2,04b9d4de,طارق ماسبيرو,7/24/2026 18:34:56
27e55dc1,7/24/2026,2026 7,6289,-1625,تم الطباعة,587556d6,مسائي 24-07-26,كاشير 1,f7f8d8a0,محمد عبدالتواب,7/24/2026 18:51:10
607fce8d,7/24/2026,2026 7,6290,25,تم الطباعة,587556d6,مسائي 24-07-26,كاشير 1,f7f8d8a0,محمد عبدالتواب,7/24/2026 18:58:32
63f68903,7/24/2026,2026 7,6291,0,تم الطباعة,587556d6,مسائي 24-07-26,كاشير 1,f7f8d8a0,محمد عبدالتواب,7/24/2026 18:59:00
1edd7a0b,7/24/2026,2026 7,6292,255,تم الطباعة,587556d6,مسائي 24-07-26,كاشير 1,f7f8d8a0,محمد عبدالتواب,7/24/2026 19:22:42
64cc6e4e,7/24/2026,2026 7,6293,205,تم الطباعة,587556d6,مسائي 24-07-26,كاشير 1,f7f8d8a0,محمد عبدالتواب,7/24/2026 19:30:05
e3be9e55,7/24/2026,2026 7,6294,20,تم الطباعة,587556d6,مسائي 24-07-26,كاشير 1,f7f8d8a0,محمد عبدالتواب,7/24/2026 19:30:53
7829b053,7/24/2026,2026 7,6295,130,تم الطباعة,657a9d90,مسائي 24-07-26,كاشير 2,04b9d4de,طارق ماسبيرو,7/24/2026 19:38:15
4be09896,7/24/2026,2026 7,6296,6405,تم الطباعة,587556d6,مسائي 24-07-26,كاشير 1,f7f8d8a0,محمد عبدالتواب,7/24/2026 19:56:31
e31b853b,7/24/2026,2026 7,6297,0,تم الطباعة,587556d6,مسائي 24-07-26,كاشير 1,f7f8d8a0,محمد عبدالتواب,7/24/2026 19:59:17
965b0dc5,7/24/2026,2026 7,6298,-14850,تم الطباعة,587556d6,مسائي 24-07-26,كاشير 1,f7f8d8a0,محمد عبدالتواب,7/24/2026 19:59:41
3bbe49dc,7/24/2026,2026 7,6299,5,تم الطباعة,657a9d90,مسائي 24-07-26,كاشير 2,04b9d4de,طارق ماسبيرو,7/24/2026 20:06:16
1f55b519,7/24/2026,2026 7,6300,15,تم الطباعة,587556d6,مسائي 24-07-26,كاشير 1,f7f8d8a0,محمد عبدالتواب,7/24/2026 20:13:20
3e565f0b,7/24/2026,2026 7,6301,-3000,تم الطباعة,587556d6,مسائي 24-07-26,كاشير 1,f7f8d8a0,محمد عبدالتواب,7/24/2026 20:13:31
2837be46,7/24/2026,2026 7,6302,-95,تم الطباعة,587556d6,مسائي 24-07-26,كاشير 1,f7f8d8a0,محمد عبدالتواب,7/24/2026 20:22:01
ff92cb41,7/24/2026,2026 7,6303,505,تم الطباعة,587556d6,مسائي 24-07-26,كاشير 1,f7f8d8a0,محمد عبدالتواب,7/24/2026 20:35:32
3a5f1dd2,7/24/2026,2026 7,6304,447,تم الطباعة,587556d6,مسائي 24-07-26,كاشير 1,f7f8d8a0,محمد عبدالتواب,7/24/2026 20:37:13
42e9db9e,7/24/2026,2026 7,6305,1450,تم الطباعة,587556d6,مسائي 24-07-26,كاشير 1,f7f8d8a0,محمد عبدالتواب,7/24/2026 20:51:16
bd65ffaf,7/24/2026,2026 7,6305,5,تم الطباعة,657a9d90,مسائي 24-07-26,كاشير 2,04b9d4de,طارق ماسبيرو,7/24/2026 20:57:44
9e0df47e,7/24/2026,2026 7,6306,-1875,تم الطباعة,587556d6,مسائي 24-07-26,كاشير 1,f7f8d8a0,محمد عبدالتواب,7/24/2026 21:10:04
21b0747c,7/24/2026,2026 7,6308,-2700,تم الطباعة,587556d6,مسائي 24-07-26,كاشير 1,f7f8d8a0,محمد عبدالتواب,7/24/2026 21:15:57
a6dcf935,7/24/2026,2026 7,6309,6,تم الطباعة,657a9d90,مسائي 24-07-26,كاشير 2,04b9d4de,طارق ماسبيرو,7/24/2026 21:16:44
6ca8e242,7/24/2026,2026 7,6310,1010,تم الطباعة,587556d6,مسائي 24-07-26,كاشير 1,f7f8d8a0,محمد عبدالتواب,7/24/2026 21:18:22
6fd064b6,7/24/2026,2026 7,6311,10,تم الطباعة,657a9d90,مسائي 24-07-26,كاشير 2,04b9d4de,طارق ماسبيرو,7/24/2026 21:23:06
ea1143ee,7/24/2026,2026 7,6312,225,تم الطباعة,587556d6,مسائي 24-07-26,كاشير 1,f7f8d8a0,محمد عبدالتواب,7/24/2026 21:30:44
38f044c0,7/24/2026,2026 7,6313,20,تم الطباعة,587556d6,مسائي 24-07-26,كاشير 1,f7f8d8a0,محمد عبدالتواب,7/24/2026 21:36:00
d61cdcf6,7/24/2026,2026 7,6314,-200,تم الطباعة,587556d6,مسائي 24-07-26,كاشير 1,f7f8d8a0,محمد عبدالتواب,7/24/2026 21:39:18
521d59af,7/24/2026,2026 7,6315,-515,تم الطباعة,587556d6,مسائي 24-07-26,كاشير 1,f7f8d8a0,محمد عبدالتواب,7/24/2026 21:40:36
4bd5e930,7/24/2026,2026 7,6316,-95,تم الطباعة,587556d6,مسائي 24-07-26,كاشير 1,f7f8d8a0,محمد عبدالتواب,7/24/2026 21:48:56
930e1eee,7/24/2026,2026 7,6316,50,تم الطباعة,657a9d90,مسائي 24-07-26,كاشير 2,04b9d4de,طارق ماسبيرو,7/24/2026 21:49:01
0770db11,7/24/2026,2026 7,6317,240,تم الطباعة,587556d6,مسائي 24-07-26,كاشير 1,f7f8d8a0,محمد عبدالتواب,7/24/2026 21:49:09
7e4d32d3,7/24/2026,2026 7,6319,5,تم الطباعة,587556d6,مسائي 24-07-26,كاشير 1,f7f8d8a0,محمد عبدالتواب,7/24/2026 21:51:43
ad87a70c,7/24/2026,2026 7,6320,15,تم الطباعة,587556d6,مسائي 24-07-26,كاشير 1,f7f8d8a0,محمد عبدالتواب,7/24/2026 21:52:07
a690811a,7/24/2026,2026 7,6321,20,تم الطباعة,587556d6,مسائي 24-07-26,كاشير 1,f7f8d8a0,محمد عبدالتواب,7/24/2026 21:57:21
9b87a211,7/24/2026,2026 7,6322,100,تم الطباعة,587556d6,مسائي 24-07-26,كاشير 1,f7f8d8a0,محمد عبدالتواب,7/24/2026 22:01:10
94cd9aff,7/24/2026,2026 7,6323,3,تم الطباعة,587556d6,مسائي 24-07-26,كاشير 1,f7f8d8a0,محمد عبدالتواب,7/24/2026 22:01:32
44b1a527,7/24/2026,2026 7,6324,-850,تم الطباعة,587556d6,مسائي 24-07-26,كاشير 1,f7f8d8a0,محمد عبدالتواب,7/24/2026 22:01:57
fa8af3c0,7/24/2026,2026 7,6325,254,تم الطباعة,587556d6,مسائي 24-07-26,كاشير 1,f7f8d8a0,محمد عبدالتواب,7/24/2026 22:07:54
2b4a1263,7/24/2026,2026 7,6326,-295,تم الطباعة,587556d6,مسائي 24-07-26,كاشير 1,f7f8d8a0,محمد عبدالتواب,7/24/2026 22:08:38
776e33fa,7/24/2026,2026 7,6327,2,تم الطباعة,587556d6,مسائي 24-07-26,كاشير 1,f7f8d8a0,محمد عبدالتواب,7/24/2026 22:15:07
c7642013,7/24/2026,2026 7,6328,5,تم الطباعة,587556d6,مسائي 24-07-26,كاشير 1,f7f8d8a0,محمد عبدالتواب,7/24/2026 22:16:35
c1cc9297,7/24/2026,2026 7,6329,340,تم الطباعة,587556d6,مسائي 24-07-26,كاشير 1,f7f8d8a0,محمد عبدالتواب,7/24/2026 22:20:20
01ac8420,7/24/2026,2026 7,6330,25,تم الطباعة,587556d6,مسائي 24-07-26,كاشير 1,f7f8d8a0,محمد عبدالتواب,7/24/2026 22:25:29
f948cc9c,7/24/2026,2026 7,6331,-2000,تم الطباعة,587556d6,مسائي 24-07-26,كاشير 1,f7f8d8a0,محمد عبدالتواب,7/24/2026 22:32:55
ab670b89,7/24/2026,2026 7,6332,1010,تم الطباعة,587556d6,مسائي 24-07-26,كاشير 1,f7f8d8a0,محمد عبدالتواب,7/24/2026 22:33:09
1eec5fa0,7/24/2026,2026 7,6333,1010,تم الطباعة,587556d6,مسائي 24-07-26,كاشير 1,f7f8d8a0,محمد عبدالتواب,7/24/2026 22:43:27
a0416c2a,7/24/2026,2026 7,6334,20,تم الطباعة,587556d6,مسائي 24-07-26,كاشير 1,f7f8d8a0,محمد عبدالتواب,7/24/2026 22:44:18
5372d80b,7/24/2026,2026 7,6335,125,تم الطباعة,587556d6,مسائي 24-07-26,كاشير 1,f7f8d8a0,محمد عبدالتواب,7/24/2026 23:32:32
9a342430,7/24/2026,2026 7,6336,5,تم الطباعة,657a9d90,مسائي 24-07-26,كاشير 2,04b9d4de,طارق ماسبيرو,7/24/2026 23:35:39
a51d89d1,7/24/2026,2026 7,6337,3035,تم الطباعة,587556d6,مسائي 24-07-26,كاشير 1,f7f8d8a0,محمد عبدالتواب,7/24/2026 23:38:24
ee8c1e4e,7/24/2026,2026 7,6338,300,تم الطباعة,587556d6,مسائي 24-07-26,كاشير 1,f7f8d8a0,محمد عبدالتواب,7/24/2026 23:38:48
7f64d6e6,7/24/2026,2026 7,6339,15,تم الطباعة,587556d6,مسائي 24-07-26,كاشير 1,f7f8d8a0,محمد عبدالتواب,7/24/2026 23:44:19
c914176f,7/24/2026,2026 7,6340,10,تم الطباعة,587556d6,مسائي 24-07-26,كاشير 1,f7f8d8a0,محمد عبدالتواب,7/24/2026 23:44:28
1fd3ccea,7/24/2026,2026 7,6341,0,تم الطباعة,657a9d90,مسائي 24-07-26,كاشير 2,04b9d4de,طارق ماسبيرو,7/24/2026 23:46:45
c9eda655,7/24/2026,2026 7,6342,-590,تم الطباعة,587556d6,مسائي 24-07-26,كاشير 1,f7f8d8a0,محمد عبدالتواب,7/24/2026 23:47:33
fd5cae18,7/24/2026,2026 7,6343,35,تم الطباعة,587556d6,مسائي 24-07-26,كاشير 1,f7f8d8a0,محمد عبدالتواب,7/24/2026 23:47:45
e6729c99,7/24/2026,2026 7,6344,50,تم الطباعة,587556d6,مسائي 24-07-26,كاشير 1,f7f8d8a0,محمد عبدالتواب,7/24/2026 23:51:43
27f02dd3,7/24/2026,2026 7,6345,10,تم الطباعة,587556d6,مسائي 24-07-26,كاشير 1,f7f8d8a0,محمد عبدالتواب,7/24/2026 23:52:21
3c5b7537,7/24/2026,2026 7,6346,10,تم الطباعة,587556d6,مسائي 24-07-26,كاشير 1,f7f8d8a0,محمد عبدالتواب,7/24/2026 23:53:55
0d4f6cdd,7/24/2026,2026 7,6346,18,تم الطباعة,657a9d90,مسائي 24-07-26,كاشير 2,04b9d4de,طارق ماسبيرو,7/24/2026 23:54:14
5b8cacc7,7/24/2026,2026 7,6348,30,تم الطباعة,587556d6,مسائي 24-07-26,كاشير 1,f7f8d8a0,محمد عبدالتواب,7/24/2026 23:56:43
d4228cab,7/24/2026,2026 7,6349,89,تم الطباعة,587556d6,مسائي 24-07-26,كاشير 1,f7f8d8a0,محمد عبدالتواب,7/24/2026 23:58:55
b93b69e6,7/25/2026,2026 7,6350,-1940,تم الطباعة,587556d6,مسائي 24-07-26,كاشير 1,f7f8d8a0,محمد عبدالتواب,7/25/2026 0:04:52
c7b86b44,7/25/2026,2026 7,6351,2180,تم الطباعة,587556d6,مسائي 24-07-26,كاشير 1,f7f8d8a0,محمد عبدالتواب,7/25/2026 0:06:39
8cd40d95,7/25/2026,2026 7,6352,2513,تم الطباعة,587556d6,مسائي 24-07-26,كاشير 1,f7f8d8a0,محمد عبدالتواب,7/25/2026 0:07:59
d0b38bbc,7/25/2026,2026 7,6353,-1500,تم الطباعة,587556d6,مسائي 24-07-26,كاشير 1,f7f8d8a0,محمد عبدالتواب,7/25/2026 0:11:37
6c3c56e0,7/25/2026,2026 7,6354,30,تم الطباعة,587556d6,مسائي 24-07-26,كاشير 1,f7f8d8a0,محمد عبدالتواب,7/25/2026 0:24:36
c42f4824,7/25/2026,2026 7,6355,-539,تم الطباعة,587556d6,مسائي 24-07-26,كاشير 1,f7f8d8a0,محمد عبدالتواب,7/25/2026 0:25:47
9009a70d,7/25/2026,2026 7,6356,15,تم الطباعة,587556d6,مسائي 24-07-26,كاشير 1,f7f8d8a0,محمد عبدالتواب,7/25/2026 0:28:42
5189eccb,7/25/2026,2026 7,6357,30,تم الطباعة,587556d6,مسائي 24-07-26,كاشير 1,f7f8d8a0,محمد عبدالتواب,7/25/2026 0:30:49
c29d3628,7/25/2026,2026 7,6358,1000,تم الطباعة,bb3e6663,صباحي 25-07-26,كاشير 1,f7f8d8a0,محمد عبدالتواب,7/25/2026 10:39:20
89d0bf10,7/25/2026,2026 7,6359,105,تم الطباعة,bb3e6663,صباحي 25-07-26,كاشير 1,f7f8d8a0,محمد عبدالتواب,7/25/2026 10:48:19
7fa162ec,7/25/2026,2026 7,6360,3517,تم الطباعة,bb3e6663,صباحي 25-07-26,كاشير 1,f7f8d8a0,محمد عبدالتواب,7/25/2026 10:49:06
8f2d1b01,7/25/2026,2026 7,6361,10,تم الطباعة,bb3e6663,صباحي 25-07-26,كاشير 1,f7f8d8a0,محمد عبدالتواب,7/25/2026 10:56:38
7e2e1ea3,7/25/2026,2026 7,6362,60,تم الطباعة,bb3e6663,صباحي 25-07-26,كاشير 1,f7f8d8a0,محمد عبدالتواب,7/25/2026 11:03:38
0272ca03,7/25/2026,2026 7,6363,25,تم الطباعة,bb3e6663,صباحي 25-07-26,كاشير 1,f7f8d8a0,محمد عبدالتواب,7/25/2026 11:09:07
8bd1d393,7/25/2026,2026 7,6364,7,تم الطباعة,a22b4006,صباحي 25-07-26,كاشير 2,e9ad5415,ابانوب ايليا,7/25/2026 12:20:39
10ce01a0,7/25/2026,2026 7,6365,110,تم الطباعة,bb3e6663,صباحي 25-07-26,كاشير 1,f7f8d8a0,محمد عبدالتواب,7/25/2026 12:26:45
3c270e78,7/25/2026,2026 7,6366,10,تم الطباعة,a22b4006,صباحي 25-07-26,كاشير 2,e9ad5415,ابانوب ايليا,7/25/2026 12:27:44
f15642e9,7/25/2026,2026 7,6367,8,تم الطباعة,a22b4006,صباحي 25-07-26,كاشير 2,e9ad5415,ابانوب ايليا,7/25/2026 12:48:55
23b5bf25,7/25/2026,2026 7,6368,-1510,تم الطباعة,bb3e6663,صباحي 25-07-26,كاشير 1,f7f8d8a0,محمد عبدالتواب,7/25/2026 12:51:57
876b65bb,7/25/2026,2026 7,6369,-195,تم الطباعة,bb3e6663,صباحي 25-07-26,كاشير 1,f7f8d8a0,محمد عبدالتواب,7/25/2026 13:02:10
f32692b2,7/25/2026,2026 7,6370,-89,تم الطباعة,bb3e6663,صباحي 25-07-26,كاشير 1,f7f8d8a0,محمد عبدالتواب,7/25/2026 13:12:00
76c9fa62,7/25/2026,2026 7,6371,110,تم الطباعة,bb3e6663,صباحي 25-07-26,كاشير 1,f7f8d8a0,محمد عبدالتواب,7/25/2026 13:55:18
1d818d74,7/25/2026,2026 7,6372,121,تم الطباعة,bb3e6663,صباحي 25-07-26,كاشير 1,f7f8d8a0,محمد عبدالتواب,7/25/2026 14:15:02
d3d58f2d,7/25/2026,2026 7,6373,-1200,تم الطباعة,bb3e6663,صباحي 25-07-26,كاشير 1,f7f8d8a0,محمد عبدالتواب,7/25/2026 14:15:14
e04eb78c,7/25/2026,2026 7,6374,30,تم الطباعة,bb3e6663,صباحي 25-07-26,كاشير 1,f7f8d8a0,محمد عبدالتواب,7/25/2026 14:16:44
7b90c6f0,7/25/2026,2026 7,6375,300,تم الطباعة,bb3e6663,صباحي 25-07-26,كاشير 1,f7f8d8a0,محمد عبدالتواب,7/25/2026 14:17:30
6bf3756f,7/25/2026,2026 7,6376,-985,تم الطباعة,bb3e6663,صباحي 25-07-26,كاشير 1,f7f8d8a0,محمد عبدالتواب,7/25/2026 14:21:24
aaa0dfac,7/25/2026,2026 7,6377,-500,تم الطباعة,bb3e6663,صباحي 25-07-26,كاشير 1,f7f8d8a0,محمد عبدالتواب,7/25/2026 14:22:19
964ab1a1,7/25/2026,2026 7,6378,-335,تم الطباعة,bb3e6663,صباحي 25-07-26,كاشير 1,f7f8d8a0,محمد عبدالتواب,7/25/2026 14:26:08
019f815e,7/25/2026,2026 7,6379,-890,تم الطباعة,bb3e6663,صباحي 25-07-26,كاشير 1,f7f8d8a0,محمد عبدالتواب,7/25/2026 14:29:17
fa39982e,7/25/2026,2026 7,6380,-3950,تم الطباعة,bb3e6663,صباحي 25-07-26,كاشير 1,f7f8d8a0,محمد عبدالتواب,7/25/2026 14:29:52
c8c1b65d,7/25/2026,2026 7,6381,-985,تم الطباعة,bb3e6663,صباحي 25-07-26,كاشير 1,f7f8d8a0,محمد عبدالتواب,7/25/2026 14:36:13
4b7dfff8,7/25/2026,2026 7,6382,200,تم الطباعة,bb3e6663,صباحي 25-07-26,كاشير 1,f7f8d8a0,محمد عبدالتواب,7/25/2026 14:36:38
d45ebdb8,7/25/2026,2026 7,6383,-1000,تم الطباعة,bb3e6663,صباحي 25-07-26,كاشير 1,f7f8d8a0,محمد عبدالتواب,7/25/2026 14:37:17
6f2d01b2,7/25/2026,2026 7,6384,5,تم الطباعة,a22b4006,صباحي 25-07-26,كاشير 2,e9ad5415,ابانوب ايليا,7/25/2026 14:40:41
afeb9a28,7/25/2026,2026 7,6385,20,تم الطباعة,bb3e6663,صباحي 25-07-26,كاشير 1,f7f8d8a0,محمد عبدالتواب,7/25/2026 14:48:08
97c21c83,7/25/2026,2026 7,6386,-750,تم الطباعة,bb3e6663,صباحي 25-07-26,كاشير 1,f7f8d8a0,محمد عبدالتواب,7/25/2026 15:10:59
33433f1d,7/25/2026,2026 7,6387,-1480,تم الطباعة,bb3e6663,صباحي 25-07-26,كاشير 1,f7f8d8a0,محمد عبدالتواب,7/25/2026 15:27:05
cc546f29,7/25/2026,2026 7,6388,653,تم الطباعة,bb3e6663,صباحي 25-07-26,كاشير 1,f7f8d8a0,محمد عبدالتواب,7/25/2026 15:27:50
6123ee5e,7/25/2026,2026 7,6389,167,تم الطباعة,bb3e6663,صباحي 25-07-26,كاشير 1,f7f8d8a0,محمد عبدالتواب,7/25/2026 15:43:06
8365d099,7/25/2026,2026 7,6390,400,تم الطباعة,bb3e6663,صباحي 25-07-26,كاشير 1,f7f8d8a0,محمد عبدالتواب,7/25/2026 15:48:57
60cbce4f,7/25/2026,2026 7,6391,-1970,تم الطباعة,bb3e6663,صباحي 25-07-26,كاشير 1,f7f8d8a0,محمد عبدالتواب,7/25/2026 15:51:29
8b7150e4,7/25/2026,2026 7,6392,36,تم الطباعة,bb3e6663,صباحي 25-07-26,كاشير 1,f7f8d8a0,محمد عبدالتواب,7/25/2026 15:54:13
86155998,7/25/2026,2026 7,6393,12000,تم الطباعة,bb3e6663,صباحي 25-07-26,كاشير 1,f7f8d8a0,محمد عبدالتواب,7/25/2026 15:57:22
50e49fcb,7/25/2026,2026 7,6394,12000,تم الطباعة,bb3e6663,صباحي 25-07-26,كاشير 1,f7f8d8a0,محمد عبدالتواب,7/25/2026 15:58:13
7c54636d,7/25/2026,2026 7,6395,130,تم الطباعة,a22b4006,صباحي 25-07-26,كاشير 2,e9ad5415,ابانوب ايليا,7/25/2026 16:07:43
efd92e06,7/25/2026,2026 7,6396,30,تم الطباعة,a22b4006,صباحي 25-07-26,كاشير 2,e9ad5415,ابانوب ايليا,7/25/2026 16:07:52
2b16b410,7/25/2026,2026 7,6397,864,تم الطباعة,c2be86e0,مسائي 25-07-26,كاشير 1,e9ad5415,ابانوب ايليا,7/25/2026 16:09:58
38ca40c2,7/25/2026,2026 7,6398,30,تم الطباعة,e5ee8c86,مسائي 25-07-26,كاشير 1,e9ad5415,ابانوب ايليا,7/25/2026 16:22:32
3ed5aa48,7/25/2026,2026 7,6399,162,تم الطباعة,e5ee8c86,مسائي 25-07-26,كاشير 1,e9ad5415,ابانوب ايليا,7/25/2026 16:40:56
f3d5246a,7/25/2026,2026 7,6400,10100,تم الطباعة,e5ee8c86,مسائي 25-07-26,كاشير 1,e9ad5415,ابانوب ايليا,7/25/2026 16:46:20
91e26adf,7/25/2026,2026 7,6401,10,تم الطباعة,2b7dbc2b,مسائي 25-07-26,كاشير 2,04b9d4de,طارق ماسبيرو,7/25/2026 16:48:55
16991307,7/25/2026,2026 7,6401,10100,تم الطباعة,e5ee8c86,مسائي 25-07-26,كاشير 1,e9ad5415,ابانوب ايليا,7/25/2026 16:48:55
b45144ff,7/25/2026,2026 7,6402,35,تم الطباعة,e5ee8c86,مسائي 25-07-26,كاشير 1,e9ad5415,ابانوب ايليا,7/25/2026 16:49:36
233f5793,7/25/2026,2026 7,6404,30,تم الطباعة,e5ee8c86,مسائي 25-07-26,كاشير 1,e9ad5415,ابانوب ايليا,7/25/2026 16:57:59
3797bb5f,7/25/2026,2026 7,6405,-2175,تم الطباعة,e5ee8c86,مسائي 25-07-26,كاشير 1,e9ad5415,ابانوب ايليا,7/25/2026 17:39:23
8251f6ad,7/25/2026,2026 7,6406,-1010,تم الطباعة,e5ee8c86,مسائي 25-07-26,كاشير 1,e9ad5415,ابانوب ايليا,7/25/2026 18:12:11
7d8b2767,7/25/2026,2026 7,6407,110,تم الطباعة,e5ee8c86,مسائي 25-07-26,كاشير 1,e9ad5415,ابانوب ايليا,7/25/2026 18:15:59
2d9e755e,7/25/2026,2026 7,6408,33,تم الطباعة,e5ee8c86,مسائي 25-07-26,كاشير 1,e9ad5415,ابانوب ايليا,7/25/2026 18:16:34
070990ed,7/25/2026,2026 7,6409,5,تم الطباعة,2b7dbc2b,مسائي 25-07-26,كاشير 2,04b9d4de,طارق ماسبيرو,7/25/2026 18:31:24
1e890df6,7/25/2026,2026 7,6409,32,تم الطباعة,a8191725,مسائي 25-07-26,كاشير 1,4ac7873c,محمود سويفي,7/25/2026 18:31:18
3cfb9574,7/25/2026,2026 7,6411,444,تم الطباعة,2b7dbc2b,مسائي 25-07-26,كاشير 2,04b9d4de,طارق ماسبيرو,7/25/2026 18:36:04
a9a8e5de,7/25/2026,2026 7,6412,1807,تم الطباعة,a8191725,مسائي 25-07-26,كاشير 1,4ac7873c,محمود سويفي,7/25/2026 18:41:16
2fd19cf3,7/25/2026,2026 7,6413,20,تم الطباعة,2b7dbc2b,مسائي 25-07-26,كاشير 2,04b9d4de,طارق ماسبيرو,7/25/2026 18:44:41
efef3e19,7/25/2026,2026 7,6414,300,تم الطباعة,a8191725,مسائي 25-07-26,كاشير 1,4ac7873c,محمود سويفي,7/25/2026 18:53:36
0e26b6b8,7/25/2026,2026 7,6415,3,تم الطباعة,a8191725,مسائي 25-07-26,كاشير 1,4ac7873c,محمود سويفي,7/25/2026 18:56:05
bb72fc88,7/25/2026,2026 7,6416,15,تم الطباعة,2b7dbc2b,مسائي 25-07-26,كاشير 2,04b9d4de,طارق ماسبيرو,7/25/2026 19:02:02
f379861e,7/25/2026,2026 7,6417,10,تم الطباعة,2b7dbc2b,مسائي 25-07-26,كاشير 2,04b9d4de,طارق ماسبيرو,7/25/2026 19:05:45
9985047a,7/25/2026,2026 7,6418,10,تم الطباعة,a8191725,مسائي 25-07-26,كاشير 1,4ac7873c,محمود سويفي,7/25/2026 19:06:50
be17e7b6,7/25/2026,2026 7,6419,-10,تم الطباعة,a8191725,مسائي 25-07-26,كاشير 1,4ac7873c,محمود سويفي,7/25/2026 19:07:34
cd943bb9,7/25/2026,2026 7,6420,-485,تم الطباعة,a8191725,مسائي 25-07-26,كاشير 1,4ac7873c,محمود سويفي,7/25/2026 19:16:29
2a0d2bd3,7/25/2026,2026 7,6421,50,تم الطباعة,a8191725,مسائي 25-07-26,كاشير 1,4ac7873c,محمود سويفي,7/25/2026 19:19:57
07ed6f4d,7/25/2026,2026 7,6422,-1980,تم الطباعة,a8191725,مسائي 25-07-26,كاشير 1,4ac7873c,محمود سويفي,7/25/2026 19:32:04
6f24f422,7/25/2026,2026 7,6422,30,تم الطباعة,2b7dbc2b,مسائي 25-07-26,كاشير 2,04b9d4de,طارق ماسبيرو,7/25/2026 19:32:09
364bb1ce,7/25/2026,2026 7,6424,145,تم الطباعة,2b7dbc2b,مسائي 25-07-26,كاشير 2,04b9d4de,طارق ماسبيرو,7/25/2026 19:58:16
a94ca1cd,7/25/2026,2026 7,6425,77,تم الطباعة,2b7dbc2b,مسائي 25-07-26,كاشير 2,04b9d4de,طارق ماسبيرو,7/25/2026 20:10:31
03b51826,7/25/2026,2026 7,6426,5,تم الطباعة,2b7dbc2b,مسائي 25-07-26,كاشير 2,04b9d4de,طارق ماسبيرو,7/25/2026 20:16:07
d951093c,7/25/2026,2026 7,6427,10,تم الطباعة,a8191725,مسائي 25-07-26,كاشير 1,4ac7873c,محمود سويفي,7/25/2026 20:23:46
5a68a645,7/25/2026,2026 7,6428,-1000,تم الطباعة,a8191725,مسائي 25-07-26,كاشير 1,4ac7873c,محمود سويفي,7/25/2026 20:24:19
94159975,7/25/2026,2026 7,6429,812,تم الطباعة,2b7dbc2b,مسائي 25-07-26,كاشير 2,04b9d4de,طارق ماسبيرو,7/25/2026 20:28:11
71ca9699,7/25/2026,2026 7,6430,20,تم الطباعة,2b7dbc2b,مسائي 25-07-26,كاشير 2,04b9d4de,طارق ماسبيرو,7/25/2026 20:34:24
140449fd,7/25/2026,2026 7,6431,50,تم الطباعة,a8191725,مسائي 25-07-26,كاشير 1,4ac7873c,محمود سويفي,7/25/2026 20:40:02
15a062e6,7/25/2026,2026 7,6432,105,تم الطباعة,2b7dbc2b,مسائي 25-07-26,كاشير 2,04b9d4de,طارق ماسبيرو,7/25/2026 20:48:40
34e06ec7,7/25/2026,2026 7,6433,60,تم الطباعة,2b7dbc2b,مسائي 25-07-26,كاشير 2,04b9d4de,طارق ماسبيرو,7/25/2026 20:49:19
6e015de9,7/25/2026,2026 7,6434,15,تم الطباعة,2b7dbc2b,مسائي 25-07-26,كاشير 2,04b9d4de,طارق ماسبيرو,7/25/2026 20:52:37
c725a003,7/25/2026,2026 7,6435,10,تم الطباعة,a8191725,مسائي 25-07-26,كاشير 1,4ac7873c,محمود سويفي,7/25/2026 21:05:56
ec44f8b5,7/25/2026,2026 7,6436,306,تم الطباعة,a8191725,مسائي 25-07-26,كاشير 1,4ac7873c,محمود سويفي,7/25/2026 21:25:31
cb64531b,7/25/2026,2026 7,6437,1100,تم الطباعة,a8191725,مسائي 25-07-26,كاشير 1,4ac7873c,محمود سويفي,7/25/2026 21:30:05
a8725db6,7/25/2026,2026 7,6438,15,تم الطباعة,2b7dbc2b,مسائي 25-07-26,كاشير 2,04b9d4de,طارق ماسبيرو,7/25/2026 21:36:42
3405c315,7/25/2026,2026 7,6439,4,تم الطباعة,2b7dbc2b,مسائي 25-07-26,كاشير 2,04b9d4de,طارق ماسبيرو,7/25/2026 21:49:03
3f5dafe4,7/25/2026,2026 7,6440,400,تم الطباعة,a8191725,مسائي 25-07-26,كاشير 1,4ac7873c,محمود سويفي,7/25/2026 22:06:20
c657d424,7/25/2026,2026 7,6440,1082,تم الطباعة,2b7dbc2b,مسائي 25-07-26,كاشير 2,04b9d4de,طارق ماسبيرو,7/25/2026 21:56:03
dc1f21a4,7/25/2026,2026 7,6441,-2335,تم الطباعة,a8191725,مسائي 25-07-26,كاشير 1,4ac7873c,محمود سويفي,7/25/2026 22:12:26
c62905e3,7/25/2026,2026 7,6441,40,تم الطباعة,2b7dbc2b,مسائي 25-07-26,كاشير 2,04b9d4de,طارق ماسبيرو,7/25/2026 21:56:40
d99910ff,7/25/2026,2026 7,6442,812,تم الطباعة,2b7dbc2b,مسائي 25-07-26,كاشير 2,04b9d4de,طارق ماسبيرو,7/25/2026 22:12:48
388d23ed,7/25/2026,2026 7,6444,30,تم الطباعة,a8191725,مسائي 25-07-26,كاشير 1,4ac7873c,محمود سويفي,7/25/2026 22:14:49
8b62f789,7/25/2026,2026 7,6445,20,تم الطباعة,a8191725,مسائي 25-07-26,كاشير 1,4ac7873c,محمود سويفي,7/25/2026 22:15:26
fa02783d,7/25/2026,2026 7,6447,-3000,تم الطباعة,a8191725,مسائي 25-07-26,كاشير 1,4ac7873c,محمود سويفي,7/25/2026 22:20:34
3825dde3,7/25/2026,2026 7,6446,180,تم الطباعة,2b7dbc2b,مسائي 25-07-26,كاشير 2,04b9d4de,طارق ماسبيرو,7/25/2026 22:21:50
cd299ea8,7/25/2026,2026 7,6448,350,تم الطباعة,a8191725,مسائي 25-07-26,كاشير 1,4ac7873c,محمود سويفي,7/25/2026 22:24:01
4411dc19,7/25/2026,2026 7,6449,7200,تم الطباعة,2b7dbc2b,مسائي 25-07-26,كاشير 2,04b9d4de,طارق ماسبيرو,7/25/2026 22:26:19
b09da527,7/25/2026,2026 7,6450,-50,تم الطباعة,a8191725,مسائي 25-07-26,كاشير 1,4ac7873c,محمود سويفي,7/25/2026 22:27:05
1da25231,7/25/2026,2026 7,6452,7,تم الطباعة,a8191725,مسائي 25-07-26,كاشير 1,4ac7873c,محمود سويفي,7/25/2026 22:30:43
8373eb09,7/25/2026,2026 7,6453,20,تم الطباعة,2b7dbc2b,مسائي 25-07-26,كاشير 2,04b9d4de,طارق ماسبيرو,7/25/2026 22:38:00
e3217e07,7/25/2026,2026 7,6454,8,تم الطباعة,a8191725,مسائي 25-07-26,كاشير 1,4ac7873c,محمود سويفي,7/25/2026 22:42:32
85f82e6a,7/25/2026,2026 7,6455,-290,تم الطباعة,a8191725,مسائي 25-07-26,كاشير 1,4ac7873c,محمود سويفي,7/25/2026 22:51:34
f350596f,7/25/2026,2026 7,6456,29,تم الطباعة,a8191725,مسائي 25-07-26,كاشير 1,4ac7873c,محمود سويفي,7/25/2026 22:51:45
3489f87b,7/25/2026,2026 7,6457,305,تم الطباعة,a8191725,مسائي 25-07-26,كاشير 1,4ac7873c,محمود سويفي,7/25/2026 22:53:23
b96eaca7,7/25/2026,2026 7,6458,10,تم الطباعة,a8191725,مسائي 25-07-26,كاشير 1,4ac7873c,محمود سويفي,7/25/2026 22:54:23
534cd3db,7/25/2026,2026 7,6459,100,تم الطباعة,a8191725,مسائي 25-07-26,كاشير 1,4ac7873c,محمود سويفي,7/25/2026 22:59:49
d59d996c,7/25/2026,2026 7,6460,200,تم الطباعة,2b7dbc2b,مسائي 25-07-26,كاشير 2,04b9d4de,طارق ماسبيرو,7/25/2026 23:04:01
35a8b554,7/25/2026,2026 7,6461,15,تم الطباعة,0c2e8cbc,مسائي 25-07-26,كاشير 3,0154dfaa,أ/ احمد زرزور,7/25/2026 23:11:44
88f7716f,7/25/2026,2026 7,6461,23,تم الطباعة,a8191725,مسائي 25-07-26,كاشير 1,4ac7873c,محمود سويفي,7/25/2026 23:12:17
d9c5d051,7/25/2026,2026 7,6462,15,تم الطباعة,2b7dbc2b,مسائي 25-07-26,كاشير 2,04b9d4de,طارق ماسبيرو,7/25/2026 23:13:20
1f84f137,7/25/2026,2026 7,6463,310,تم الطباعة,0c2e8cbc,مسائي 25-07-26,كاشير 3,0154dfaa,أ/ احمد زرزور,7/25/2026 23:21:46
d630341b,7/25/2026,2026 7,6464,-1310,تم الطباعة,a8191725,مسائي 25-07-26,كاشير 1,4ac7873c,محمود سويفي,7/25/2026 23:23:57
b1ae75e7,7/25/2026,2026 7,6465,50,تم الطباعة,a8191725,مسائي 25-07-26,كاشير 1,4ac7873c,محمود سويفي,7/25/2026 23:24:18
2dfcdfb7,7/25/2026,2026 7,6467,5,تم الطباعة,a8191725,مسائي 25-07-26,كاشير 1,4ac7873c,محمود سويفي,7/25/2026 23:35:29
3561870c,7/25/2026,2026 7,6468,213,تم الطباعة,0c2e8cbc,مسائي 25-07-26,كاشير 3,0154dfaa,أ/ احمد زرزور,7/25/2026 23:41:19
308b14ca,7/25/2026,2026 7,6469,6,تم الطباعة,a8191725,مسائي 25-07-26,كاشير 1,4ac7873c,محمود سويفي,7/25/2026 23:42:56
2a12c5eb,7/25/2026,2026 7,6470,200,تم الطباعة,a8191725,مسائي 25-07-26,كاشير 1,4ac7873c,محمود سويفي,7/25/2026 23:44:16
261c7073,7/25/2026,2026 7,6471,405,تم الطباعة,a8191725,مسائي 25-07-26,كاشير 1,4ac7873c,محمود سويفي,7/25/2026 23:51:11
6e05c517,7/25/2026,2026 7,6472,2,تم الطباعة,a8191725,مسائي 25-07-26,كاشير 1,4ac7873c,محمود سويفي,7/25/2026 23:55:01
fbb7fedd,7/25/2026,2026 7,6473,180,تم الطباعة,0c2e8cbc,مسائي 25-07-26,كاشير 3,0154dfaa,أ/ احمد زرزور,7/25/2026 23:58:26
5a7c151f,7/26/2026,2026 7,6474,20,تم الطباعة,2b7dbc2b,مسائي 25-07-26,كاشير 2,04b9d4de,طارق ماسبيرو,7/26/2026 0:00:59
adacf9b9,7/26/2026,2026 7,6475,2000,تم الطباعة,0c2e8cbc,مسائي 25-07-26,كاشير 3,0154dfaa,أ/ احمد زرزور,7/26/2026 0:11:18
55dd4e54,7/26/2026,2026 7,6476,30,تم الطباعة,a8191725,مسائي 25-07-26,كاشير 1,4ac7873c,محمود سويفي,7/26/2026 0:13:11
23664c19,7/26/2026,2026 7,6476,10,تم الطباعة,0c2e8cbc,مسائي 25-07-26,كاشير 3,0154dfaa,أ/ احمد زرزور,7/26/2026 0:13:28
4eaac167,7/26/2026,2026 7,6477,50,تم الطباعة,2b7dbc2b,مسائي 25-07-26,كاشير 2,04b9d4de,طارق ماسبيرو,7/26/2026 0:14:25
f70d112e,7/26/2026,2026 7,6478,150,تم الطباعة,a8191725,مسائي 25-07-26,كاشير 1,4ac7873c,محمود سويفي,7/26/2026 0:39:46
4f1f30a6,7/26/2026,2026 7,6479,10,تم الطباعة,0c2e8cbc,مسائي 25-07-26,كاشير 3,0154dfaa,أ/ احمد زرزور,7/26/2026 0:44:35
0ed3136a,7/26/2026,2026 7,6479,30,تم الطباعة,2b7dbc2b,مسائي 25-07-26,كاشير 2,04b9d4de,طارق ماسبيرو,7/26/2026 0:37:38
b9f92327,7/26/2026,2026 7,6480,205,تم الطباعة,a8191725,مسائي 25-07-26,كاشير 1,4ac7873c,محمود سويفي,7/26/2026 0:46:18
f2627c31,7/26/2026,2026 7,6480,210,تم الطباعة,2b7dbc2b,مسائي 25-07-26,كاشير 2,04b9d4de,طارق ماسبيرو,7/26/2026 0:40:33
6f33bdc3,7/26/2026,2026 7,6483,80,تم الطباعة,a8191725,مسائي 25-07-26,كاشير 1,4ac7873c,محمود سويفي,7/26/2026 0:50:01
b238ea0b,7/26/2026,2026 7,6485,39,تم الطباعة,a8191725,مسائي 25-07-26,كاشير 1,4ac7873c,محمود سويفي,7/26/2026 0:51:29
30e05f89,7/26/2026,2026 7,6486,10,تم الطباعة,a8191725,مسائي 25-07-26,كاشير 1,4ac7873c,محمود سويفي,7/26/2026 0:54:53
71412fe6,7/26/2026,2026 7,6487,300,تم الطباعة,a8191725,مسائي 25-07-26,كاشير 1,4ac7873c,محمود سويفي,7/26/2026 0:57:04
a3abb731,7/26/2026,2026 7,6488,13,تم الطباعة,a8191725,مسائي 25-07-26,كاشير 1,4ac7873c,محمود سويفي,7/26/2026 0:57:24
751d5fb3,7/26/2026,2026 7,6489,18,تم الطباعة,a8191725,مسائي 25-07-26,كاشير 1,4ac7873c,محمود سويفي,7/26/2026 1:09:23
5d24a870,7/26/2026,2026 7,6489,2630,تم الطباعة,0c2e8cbc,مسائي 25-07-26,كاشير 3,0154dfaa,أ/ احمد زرزور,7/26/2026 1:10:21
3e961adc,7/26/2026,2026 7,6490,-700,تم الطباعة,0c2e8cbc,مسائي 25-07-26,كاشير 3,0154dfaa,أ/ احمد زرزور,7/26/2026 1:13:05
86011fb8,7/26/2026,2026 7,6492,20,تم الطباعة,94b6d1ee,صباحي 26-07-26,كاشير 1,f7f8d8a0,محمد عبدالتواب,7/26/2026 8:27:27
adfd6854,7/26/2026,2026 7,6493,-2770,تم الطباعة,94b6d1ee,صباحي 26-07-26,كاشير 1,f7f8d8a0,محمد عبدالتواب,7/26/2026 9:08:16
324d4aa3,7/26/2026,2026 7,6494,-100,تم الطباعة,94b6d1ee,صباحي 26-07-26,كاشير 1,f7f8d8a0,محمد عبدالتواب,7/26/2026 9:17:20
d338dc79,7/26/2026,2026 7,6495,-6895,تم الطباعة,94b6d1ee,صباحي 26-07-26,كاشير 1,f7f8d8a0,محمد عبدالتواب,7/26/2026 9:22:07
915e22ed,7/26/2026,2026 7,6496,0,تم الطباعة,94b6d1ee,صباحي 26-07-26,كاشير 1,f7f8d8a0,محمد عبدالتواب,7/26/2026 9:31:39
bd7a3ca1,7/26/2026,2026 7,6497,-500,تم الطباعة,94b6d1ee,صباحي 26-07-26,كاشير 1,f7f8d8a0,محمد عبدالتواب,7/26/2026 9:33:57
5d7e3111,7/26/2026,2026 7,6498,200,تم الطباعة,94b6d1ee,صباحي 26-07-26,كاشير 1,f7f8d8a0,محمد عبدالتواب,7/26/2026 9:37:44
ec56a751,7/26/2026,2026 7,6499,20,تم الطباعة,94b6d1ee,صباحي 26-07-26,كاشير 1,f7f8d8a0,محمد عبدالتواب,7/26/2026 10:07:01
eee10fd5,7/26/2026,2026 7,6500,5,تم الطباعة,94b6d1ee,صباحي 26-07-26,كاشير 1,f7f8d8a0,محمد عبدالتواب,7/26/2026 10:07:10
cfc00fb0,7/26/2026,2026 7,6501,-150,تم الطباعة,94b6d1ee,صباحي 26-07-26,كاشير 1,f7f8d8a0,محمد عبدالتواب,7/26/2026 10:11:54
82d0e3cf,7/26/2026,2026 7,6502,40,تم الطباعة,94b6d1ee,صباحي 26-07-26,كاشير 1,f7f8d8a0,محمد عبدالتواب,7/26/2026 10:24:20
b1901070,7/26/2026,2026 7,6503,100,تم الطباعة,94b6d1ee,صباحي 26-07-26,كاشير 1,f7f8d8a0,محمد عبدالتواب,7/26/2026 10:32:46
321a6724,7/26/2026,2026 7,6504,15,تم الطباعة,94b6d1ee,صباحي 26-07-26,كاشير 1,f7f8d8a0,محمد عبدالتواب,7/26/2026 11:38:02
dce86ae4,7/26/2026,2026 7,6505,-25,تم الطباعة,94b6d1ee,صباحي 26-07-26,كاشير 1,f7f8d8a0,محمد عبدالتواب,7/26/2026 12:03:35
cfa42f47,7/26/2026,2026 7,6506,5,تم الطباعة,94b6d1ee,صباحي 26-07-26,كاشير 1,f7f8d8a0,محمد عبدالتواب,7/26/2026 12:05:58
0ddb3476,7/26/2026,2026 7,6507,20,تم الطباعة,94b6d1ee,صباحي 26-07-26,كاشير 1,f7f8d8a0,محمد عبدالتواب,7/26/2026 12:06:08
db1e7eb9,7/26/2026,2026 7,6508,25,تم الطباعة,94b6d1ee,صباحي 26-07-26,كاشير 1,f7f8d8a0,محمد عبدالتواب,7/26/2026 12:06:18
7972a0a7,7/26/2026,2026 7,6509,100,تم الطباعة,94b6d1ee,صباحي 26-07-26,كاشير 1,f7f8d8a0,محمد عبدالتواب,7/26/2026 12:35:29
b3d5ef5a,7/26/2026,2026 7,6509,2,تم الطباعة,8e9f3ff6,صباحي 26-07-26,كاشير 2,0154dfaa,أ/ احمد زرزور,7/26/2026 12:35:57
7ca8c1df,7/26/2026,2026 7,6510,0,تم الطباعة,94b6d1ee,صباحي 26-07-26,كاشير 1,f7f8d8a0,محمد عبدالتواب,7/26/2026 12:37:19
8643eaca,7/26/2026,2026 7,6512,0,تم الطباعة,94b6d1ee,صباحي 26-07-26,كاشير 1,f7f8d8a0,محمد عبدالتواب,7/26/2026 12:39:49
ca7acab2,7/26/2026,2026 7,6513,150,تم الطباعة,94b6d1ee,صباحي 26-07-26,كاشير 1,f7f8d8a0,محمد عبدالتواب,7/26/2026 12:40:21
4b338a37,7/26/2026,2026 7,6514,46,تم الطباعة,94b6d1ee,صباحي 26-07-26,كاشير 1,f7f8d8a0,محمد عبدالتواب,7/26/2026 12:40:57
ed1d416f,7/26/2026,2026 7,6515,1000,تم الطباعة,94b6d1ee,صباحي 26-07-26,كاشير 1,f7f8d8a0,محمد عبدالتواب,7/26/2026 12:42:22
656896bf,7/26/2026,2026 7,6516,-395,تم الطباعة,94b6d1ee,صباحي 26-07-26,كاشير 1,f7f8d8a0,محمد عبدالتواب,7/26/2026 12:44:43
9c967ad8,7/26/2026,2026 7,6517,1814,تم الطباعة,94b6d1ee,صباحي 26-07-26,كاشير 1,f7f8d8a0,محمد عبدالتواب,7/26/2026 12:54:54
bea518d0,7/26/2026,2026 7,6518,6,تم الطباعة,8e9f3ff6,صباحي 26-07-26,كاشير 2,0154dfaa,أ/ احمد زرزور,7/26/2026 13:05:21
cb059768,7/26/2026,2026 7,6519,2200,تم الطباعة,94b6d1ee,صباحي 26-07-26,كاشير 1,f7f8d8a0,محمد عبدالتواب,7/26/2026 13:11:29
93b76225,7/26/2026,2026 7,6520,20,تم الطباعة,94b6d1ee,صباحي 26-07-26,كاشير 1,f7f8d8a0,محمد عبدالتواب,7/26/2026 13:12:50
47a96b79,7/26/2026,2026 7,6521,900,تم الطباعة,94b6d1ee,صباحي 26-07-26,كاشير 1,f7f8d8a0,محمد عبدالتواب,7/26/2026 13:15:24
7a6437d8,7/26/2026,2026 7,6522,-5000,تم الطباعة,94b6d1ee,صباحي 26-07-26,كاشير 1,f7f8d8a0,محمد عبدالتواب,7/26/2026 13:49:32
8771d6a5,7/26/2026,2026 7,6523,20,تم الطباعة,94b6d1ee,صباحي 26-07-26,كاشير 1,f7f8d8a0,محمد عبدالتواب,7/26/2026 13:56:15
5eb9e788,7/26/2026,2026 7,6524,505,تم الطباعة,94b6d1ee,صباحي 26-07-26,كاشير 1,f7f8d8a0,محمد عبدالتواب,7/26/2026 14:02:26
28bf6f67,7/26/2026,2026 7,6525,1000,تم الطباعة,94b6d1ee,صباحي 26-07-26,كاشير 1,f7f8d8a0,محمد عبدالتواب,7/26/2026 14:27:44
0bd747ef,7/26/2026,2026 7,6526,2020,تم الطباعة,8e9f3ff6,صباحي 26-07-26,كاشير 2,0154dfaa,أ/ احمد زرزور,7/26/2026 14:33:33
909bb61a,7/26/2026,2026 7,6527,0,تم الطباعة,8e9f3ff6,صباحي 26-07-26,كاشير 2,0154dfaa,أ/ احمد زرزور,7/26/2026 14:42:29
ab05a69b,7/26/2026,2026 7,6528,12,تم الطباعة,8e9f3ff6,صباحي 26-07-26,كاشير 2,0154dfaa,أ/ احمد زرزور,7/26/2026 14:46:38
2c03f434,7/26/2026,2026 7,6529,10,تم الطباعة,8e9f3ff6,صباحي 26-07-26,كاشير 2,0154dfaa,أ/ احمد زرزور,7/26/2026 14:51:45
201ee89c,7/26/2026,2026 7,6529,55,تم الطباعة,94b6d1ee,صباحي 26-07-26,كاشير 1,f7f8d8a0,محمد عبدالتواب,7/26/2026 14:52:05
714269d6,7/26/2026,2026 7,6531,200,تم الطباعة,94b6d1ee,صباحي 26-07-26,كاشير 1,f7f8d8a0,محمد عبدالتواب,7/26/2026 15:00:26
03c9cc7b,7/26/2026,2026 7,6532,-450,تم الطباعة,94b6d1ee,صباحي 26-07-26,كاشير 1,f7f8d8a0,محمد عبدالتواب,7/26/2026 15:01:11
4e6081e6,7/26/2026,2026 7,6533,2820,تم الطباعة,8e9f3ff6,صباحي 26-07-26,كاشير 2,0154dfaa,أ/ احمد زرزور,7/26/2026 15:17:09
d5f63961,7/26/2026,2026 7,6534,20,تم الطباعة,94b6d1ee,صباحي 26-07-26,كاشير 1,f7f8d8a0,محمد عبدالتواب,7/26/2026 15:20:45
c2a0b8c1,7/26/2026,2026 7,6535,23,تم الطباعة,94b6d1ee,صباحي 26-07-26,كاشير 1,f7f8d8a0,محمد عبدالتواب,7/26/2026 15:22:17
27834a7b,7/26/2026,2026 7,6536,50,تم الطباعة,94b6d1ee,صباحي 26-07-26,كاشير 1,f7f8d8a0,محمد عبدالتواب,7/26/2026 15:34:35
17826ad6,7/26/2026,2026 7,6537,20,تم الطباعة,94b6d1ee,صباحي 26-07-26,كاشير 1,f7f8d8a0,محمد عبدالتواب,7/26/2026 15:35:01
319c22fa,7/26/2026,2026 7,6538,250,تم الطباعة,8e9f3ff6,صباحي 26-07-26,كاشير 2,0154dfaa,أ/ احمد زرزور,7/26/2026 15:41:34
55058fb2,7/26/2026,2026 7,6539,400,تم الطباعة,8e9f3ff6,صباحي 26-07-26,كاشير 2,0154dfaa,أ/ احمد زرزور,7/26/2026 15:44:58
6ee4b375,7/26/2026,2026 7,6540,1515,تم الطباعة,8e9f3ff6,صباحي 26-07-26,كاشير 2,0154dfaa,أ/ احمد زرزور,7/26/2026 15:51:24
3ab98e14,7/26/2026,2026 7,6540,-400,تم الطباعة,94b6d1ee,صباحي 26-07-26,كاشير 1,f7f8d8a0,محمد عبدالتواب,7/26/2026 15:55:27
b018f520,7/26/2026,2026 7,6542,205,تم الطباعة,94b6d1ee,صباحي 26-07-26,كاشير 1,f7f8d8a0,محمد عبدالتواب,7/26/2026 16:10:23
5002c632,7/26/2026,2026 7,6543,1515,تم الطباعة,94b6d1ee,صباحي 26-07-26,كاشير 1,f7f8d8a0,محمد عبدالتواب,7/26/2026 16:11:25
1433d057,7/26/2026,2026 7,6544,1503,تم الطباعة,94b6d1ee,صباحي 26-07-26,كاشير 1,f7f8d8a0,محمد عبدالتواب,7/26/2026 16:11:54
7a7e5542,7/26/2026,2026 7,6544,10,تم الطباعة,8e9f3ff6,صباحي 26-07-26,كاشير 2,0154dfaa,أ/ احمد زرزور,7/26/2026 16:12:09
359273dd,7/26/2026,2026 7,6546,800,تم الطباعة,94b6d1ee,صباحي 26-07-26,كاشير 1,f7f8d8a0,محمد عبدالتواب,7/26/2026 16:17:24
b6e6b82e,7/26/2026,2026 7,6547,3,تم الطباعة,8e9f3ff6,صباحي 26-07-26,كاشير 2,0154dfaa,أ/ احمد زرزور,7/26/2026 16:21:48
b4f58b92,7/26/2026,2026 7,6548,300,تم الطباعة,94b6d1ee,صباحي 26-07-26,كاشير 1,f7f8d8a0,محمد عبدالتواب,7/26/2026 16:27:44
21c3bb26,7/26/2026,2026 7,6549,2500,تم الطباعة,94b6d1ee,صباحي 26-07-26,كاشير 1,f7f8d8a0,محمد عبدالتواب,7/26/2026 16:43:57
24efef62,7/26/2026,2026 7,6550,499,تم الطباعة,94b6d1ee,صباحي 26-07-26,كاشير 1,f7f8d8a0,محمد عبدالتواب,7/26/2026 16:52:05
eac420f0,7/26/2026,2026 7,6551,35,تم الطباعة,94b6d1ee,صباحي 26-07-26,كاشير 1,f7f8d8a0,محمد عبدالتواب,7/26/2026 16:56:19
46f097fb,7/26/2026,2026 7,6552,-1000,تم الطباعة,94b6d1ee,صباحي 26-07-26,كاشير 1,f7f8d8a0,محمد عبدالتواب,7/26/2026 17:07:00
adafd717,7/26/2026,2026 7,6553,308,تم الطباعة,94b6d1ee,صباحي 26-07-26,كاشير 1,f7f8d8a0,محمد عبدالتواب,7/26/2026 17:07:10
b7875905,7/26/2026,2026 7,6554,24,تم الطباعة,94b6d1ee,صباحي 26-07-26,كاشير 1,f7f8d8a0,محمد عبدالتواب,7/26/2026 17:24:21
81169fc3,7/26/2026,2026 7,6555,1215,تم الطباعة,94b6d1ee,صباحي 26-07-26,كاشير 1,f7f8d8a0,محمد عبدالتواب,7/26/2026 17:35:18
d1a49bca,7/26/2026,2026 7,6556,620,تم الطباعة,94b6d1ee,صباحي 26-07-26,كاشير 1,f7f8d8a0,محمد عبدالتواب,7/26/2026 18:02:56
baf6a9ed,7/26/2026,2026 7,6557,-795,تم الطباعة,94b6d1ee,صباحي 26-07-26,كاشير 1,f7f8d8a0,محمد عبدالتواب,7/26/2026 18:04:51
7d1c53f2,7/26/2026,2026 7,6558,20,تم الطباعة,a2535e73,مسائي 26-07-26,كاشير 2,04b9d4de,طارق ماسبيرو,7/26/2026 18:11:23
a1bb9c99,7/26/2026,2026 7,6559,-789,تم الطباعة,94b6d1ee,صباحي 26-07-26,كاشير 1,f7f8d8a0,محمد عبدالتواب,7/26/2026 18:14:27
3cfff882,7/26/2026,2026 7,6560,25,تم الطباعة,94b6d1ee,صباحي 26-07-26,كاشير 1,f7f8d8a0,محمد عبدالتواب,7/26/2026 18:14:47
80275cc9,7/26/2026,2026 7,6561,15,تم الطباعة,a2535e73,مسائي 26-07-26,كاشير 2,04b9d4de,طارق ماسبيرو,7/26/2026 18:21:26
972a3e2b,7/26/2026,2026 7,6562,334,تم الطباعة,a2535e73,مسائي 26-07-26,كاشير 2,04b9d4de,طارق ماسبيرو,7/26/2026 18:32:06
618f7d1b,7/26/2026,2026 7,6563,1010,تم الطباعة,a2535e73,مسائي 26-07-26,كاشير 2,04b9d4de,طارق ماسبيرو,7/26/2026 18:33:26
2b4fe6b9,7/26/2026,2026 7,6564,334,تم الطباعة,a2535e73,مسائي 26-07-26,كاشير 2,04b9d4de,طارق ماسبيرو,7/26/2026 18:34:24
ae1d9e20,7/26/2026,2026 7,6565,-1225,تم الطباعة,94b6d1ee,صباحي 26-07-26,كاشير 1,f7f8d8a0,محمد عبدالتواب,7/26/2026 18:45:52
36aa9cd7,7/26/2026,2026 7,6566,900,تم الطباعة,94b6d1ee,صباحي 26-07-26,كاشير 1,f7f8d8a0,محمد عبدالتواب,7/26/2026 18:50:49
125fa261,7/26/2026,2026 7,6567,3535,تم الطباعة,94b6d1ee,صباحي 26-07-26,كاشير 1,f7f8d8a0,محمد عبدالتواب,7/26/2026 18:53:19
248c2dd0,7/26/2026,2026 7,6568,-195,تم الطباعة,94b6d1ee,صباحي 26-07-26,كاشير 1,f7f8d8a0,محمد عبدالتواب,7/26/2026 19:03:25
4006252d,7/26/2026,2026 7,6569,200,تم الطباعة,94b6d1ee,صباحي 26-07-26,كاشير 1,f7f8d8a0,محمد عبدالتواب,7/26/2026 19:07:29
4f7f306e,7/26/2026,2026 7,6570,-970,تم الطباعة,94b6d1ee,صباحي 26-07-26,كاشير 1,f7f8d8a0,محمد عبدالتواب,7/26/2026 19:11:20
4bd67af6,7/26/2026,2026 7,6571,98,تم الطباعة,94b6d1ee,صباحي 26-07-26,كاشير 1,f7f8d8a0,محمد عبدالتواب,7/26/2026 19:11:47
801334df,7/26/2026,2026 7,6572,6,تم الطباعة,a2535e73,مسائي 26-07-26,كاشير 2,04b9d4de,طارق ماسبيرو,7/26/2026 19:13:57
82df3986,7/26/2026,2026 7,6573,30,تم الطباعة,a2535e73,مسائي 26-07-26,كاشير 2,04b9d4de,طارق ماسبيرو,7/26/2026 19:14:14
3cf76590,7/26/2026,2026 7,6574,10,تم الطباعة,a2535e73,مسائي 26-07-26,كاشير 2,04b9d4de,طارق ماسبيرو,7/26/2026 19:16:00
f9cb0626,7/26/2026,2026 7,6575,-505,تم الطباعة,6abf740b,مسائي 26-07-26,كاشير 1,4ac7873c,محمود سويفي,7/26/2026 19:18:37
113ee857,7/26/2026,2026 7,6575,5,تم الطباعة,a2535e73,مسائي 26-07-26,كاشير 2,04b9d4de,طارق ماسبيرو,7/26/2026 19:17:00
22e0f35a,7/26/2026,2026 7,6577,50,تم الطباعة,6abf740b,مسائي 26-07-26,كاشير 1,4ac7873c,محمود سويفي,7/26/2026 19:22:20
b4f0a63d,7/26/2026,2026 7,6578,1000,تم الطباعة,6abf740b,مسائي 26-07-26,كاشير 1,4ac7873c,محمود سويفي,7/26/2026 19:23:59
cb4831a9,7/26/2026,2026 7,6579,365,تم الطباعة,6abf740b,مسائي 26-07-26,كاشير 1,4ac7873c,محمود سويفي,7/26/2026 19:27:24
d0e3b9b0,7/26/2026,2026 7,6580,300,تم الطباعة,6abf740b,مسائي 26-07-26,كاشير 1,4ac7873c,محمود سويفي,7/26/2026 19:29:57
1c9ad667,7/26/2026,2026 7,6581,20,تم الطباعة,a2535e73,مسائي 26-07-26,كاشير 2,04b9d4de,طارق ماسبيرو,7/26/2026 19:47:43
272dd4c0,7/26/2026,2026 7,6582,660,تم الطباعة,6abf740b,مسائي 26-07-26,كاشير 1,4ac7873c,محمود سويفي,7/26/2026 19:49:41
35cecba8,7/26/2026,2026 7,6583,-660,تم الطباعة,6abf740b,مسائي 26-07-26,كاشير 1,4ac7873c,محمود سويفي,7/26/2026 19:52:01
57f06599,7/26/2026,2026 7,6584,155,تم الطباعة,a2535e73,مسائي 26-07-26,كاشير 2,04b9d4de,طارق ماسبيرو,7/26/2026 20:01:38
07b6d5cd,7/26/2026,2026 7,6585,-300,تم الطباعة,a2535e73,مسائي 26-07-26,كاشير 2,04b9d4de,طارق ماسبيرو,7/26/2026 20:04:48
c970877e,7/26/2026,2026 7,6586,10,تم الطباعة,6abf740b,مسائي 26-07-26,كاشير 1,4ac7873c,محمود سويفي,7/26/2026 20:19:18
ce96cb33,7/26/2026,2026 7,6587,9,تم الطباعة,6abf740b,مسائي 26-07-26,كاشير 1,4ac7873c,محمود سويفي,7/26/2026 20:25:08
77fdfa8e,7/26/2026,2026 7,6588,600,تم الطباعة,6abf740b,مسائي 26-07-26,كاشير 1,4ac7873c,محمود سويفي,7/26/2026 20:26:12
74a2106c,7/26/2026,2026 7,6589,462,تم الطباعة,a2535e73,مسائي 26-07-26,كاشير 2,04b9d4de,طارق ماسبيرو,7/26/2026 20:27:06
c52db18b,7/26/2026,2026 7,6590,-300,تم الطباعة,a2535e73,مسائي 26-07-26,كاشير 2,04b9d4de,طارق ماسبيرو,7/26/2026 20:27:40
158d1427,7/26/2026,2026 7,6591,-295,تم الطباعة,a2535e73,مسائي 26-07-26,كاشير 2,04b9d4de,طارق ماسبيرو,7/26/2026 20:30:25
86287147,7/26/2026,2026 7,6592,155,تم الطباعة,a2535e73,مسائي 26-07-26,كاشير 2,04b9d4de,طارق ماسبيرو,7/26/2026 20:32:37
c6c7d196,7/26/2026,2026 7,6593,30,تم الطباعة,6abf740b,مسائي 26-07-26,كاشير 1,4ac7873c,محمود سويفي,7/26/2026 20:34:03
73ba7092,7/26/2026,2026 7,6594,-1940,تم الطباعة,6abf740b,مسائي 26-07-26,كاشير 1,4ac7873c,محمود سويفي,7/26/2026 20:40:28
9e0276cc,7/26/2026,2026 7,6595,30,تم الطباعة,6abf740b,مسائي 26-07-26,كاشير 1,4ac7873c,محمود سويفي,7/26/2026 20:46:07
319c191d,7/26/2026,2026 7,6596,10,تم الطباعة,6abf740b,مسائي 26-07-26,كاشير 1,4ac7873c,محمود سويفي,7/26/2026 20:46:47
89676092,7/26/2026,2026 7,6597,-95,تم الطباعة,6abf740b,مسائي 26-07-26,كاشير 1,4ac7873c,محمود سويفي,7/26/2026 20:47:45
1c37f4da,7/26/2026,2026 7,6598,-3000,تم الطباعة,6abf740b,مسائي 26-07-26,كاشير 1,4ac7873c,محمود سويفي,7/26/2026 20:54:31
bd96efe6,7/26/2026,2026 7,6599,15,تم الطباعة,6abf740b,مسائي 26-07-26,كاشير 1,4ac7873c,محمود سويفي,7/26/2026 20:57:05
26d41d3c,7/26/2026,2026 7,6600,35,تم الطباعة,a2535e73,مسائي 26-07-26,كاشير 2,04b9d4de,طارق ماسبيرو,7/26/2026 20:58:29
dbda3196,7/26/2026,2026 7,6601,31,تم الطباعة,6abf740b,مسائي 26-07-26,كاشير 1,4ac7873c,محمود سويفي,7/26/2026 21:03:56
2aebe376,7/26/2026,2026 7,6602,10,تم الطباعة,6abf740b,مسائي 26-07-26,كاشير 1,4ac7873c,محمود سويفي,7/26/2026 21:06:53
c0570881,7/26/2026,2026 7,6603,-150,تم الطباعة,6abf740b,مسائي 26-07-26,كاشير 1,4ac7873c,محمود سويفي,7/26/2026 21:17:45
8db1e443,7/26/2026,2026 7,6604,5,تم الطباعة,6abf740b,مسائي 26-07-26,كاشير 1,4ac7873c,محمود سويفي,7/26/2026 21:18:46
48be4d76,7/26/2026,2026 7,6605,7,تم الطباعة,6abf740b,مسائي 26-07-26,كاشير 1,4ac7873c,محمود سويفي,7/26/2026 21:23:38
6d72be0a,7/26/2026,2026 7,6606,-985,تم الطباعة,6abf740b,مسائي 26-07-26,كاشير 1,4ac7873c,محمود سويفي,7/26/2026 21:24:03
fc33012b,7/26/2026,2026 7,6607,1105,تم الطباعة,6abf740b,مسائي 26-07-26,كاشير 1,4ac7873c,محمود سويفي,7/26/2026 21:27:21
78a89747,7/26/2026,2026 7,6608,30,تم الطباعة,a2535e73,مسائي 26-07-26,كاشير 2,04b9d4de,طارق ماسبيرو,7/26/2026 21:30:05
c533c157,7/26/2026,2026 7,6609,-500,تم الطباعة,a2535e73,مسائي 26-07-26,كاشير 2,04b9d4de,طارق ماسبيرو,7/26/2026 21:32:18
9a733de8,7/26/2026,2026 7,6610,20,تم الطباعة,a2535e73,مسائي 26-07-26,كاشير 2,04b9d4de,طارق ماسبيرو,7/26/2026 21:33:05
98e438ba,7/26/2026,2026 7,6611,30,تم الطباعة,a2535e73,مسائي 26-07-26,كاشير 2,04b9d4de,طارق ماسبيرو,7/26/2026 21:37:14
a0751e33,7/26/2026,2026 7,6612,90,تم الطباعة,a2535e73,مسائي 26-07-26,كاشير 2,04b9d4de,طارق ماسبيرو,7/26/2026 21:42:22
ff82f2cd,7/26/2026,2026 7,6613,-490,تم الطباعة,a2535e73,مسائي 26-07-26,كاشير 2,04b9d4de,طارق ماسبيرو,7/26/2026 21:42:51
bf89c524,7/26/2026,2026 7,6614,-170,تم الطباعة,a2535e73,مسائي 26-07-26,كاشير 2,04b9d4de,طارق ماسبيرو,7/26/2026 21:44:57
85008ded,7/26/2026,2026 7,6615,50,تم الطباعة,a2535e73,مسائي 26-07-26,كاشير 2,04b9d4de,طارق ماسبيرو,7/26/2026 21:46:14
3b0a4108,7/26/2026,2026 7,6616,205,تم الطباعة,6abf740b,مسائي 26-07-26,كاشير 1,4ac7873c,محمود سويفي,7/26/2026 21:49:15
af31d0b0,7/26/2026,2026 7,6617,1010,تم الطباعة,a2535e73,مسائي 26-07-26,كاشير 2,04b9d4de,طارق ماسبيرو,7/26/2026 22:09:54
d5082e68,7/26/2026,2026 7,6617,245,تم الطباعة,6abf740b,مسائي 26-07-26,كاشير 1,4ac7873c,محمود سويفي,7/26/2026 22:10:31
3f18ad39,7/26/2026,2026 7,6619,5,تم الطباعة,6abf740b,مسائي 26-07-26,كاشير 1,4ac7873c,محمود سويفي,7/26/2026 22:14:42
6a6c9352,7/26/2026,2026 7,6620,13,تم الطباعة,6abf740b,مسائي 26-07-26,كاشير 1,4ac7873c,محمود سويفي,7/26/2026 22:20:35
98f724d1,7/26/2026,2026 7,6621,0,تم الطباعة,6abf740b,مسائي 26-07-26,كاشير 1,4ac7873c,محمود سويفي,7/26/2026 22:23:23
c6a3699b,7/26/2026,2026 7,6622,505,تم الطباعة,a2535e73,مسائي 26-07-26,كاشير 2,04b9d4de,طارق ماسبيرو,7/26/2026 22:24:14
18da890f,7/26/2026,2026 7,6622,-490,تم الطباعة,6abf740b,مسائي 26-07-26,كاشير 1,4ac7873c,محمود سويفي,7/26/2026 22:24:51
bfa89989,7/26/2026,2026 7,6623,55,تم الطباعة,1ccefc2b,مسائي ٢٦-٠٧-٢٦,كاشير 3,0154dfaa,أ/ احمد زرزور,7/26/2026 22:25:12
bbddb082,7/26/2026,2026 7,6623,50,تم الطباعة,a2535e73,مسائي 26-07-26,كاشير 2,04b9d4de,طارق ماسبيرو,7/26/2026 22:25:54
d4772cb4,7/26/2026,2026 7,6626,9,تم الطباعة,a2535e73,مسائي 26-07-26,كاشير 2,04b9d4de,طارق ماسبيرو,7/26/2026 22:27:10
937e96cb,7/26/2026,2026 7,6627,100,تم الطباعة,a2535e73,مسائي 26-07-26,كاشير 2,04b9d4de,طارق ماسبيرو,7/26/2026 22:30:10
a9226add,7/26/2026,2026 7,6627,-225,تم الطباعة,1ccefc2b,مسائي ٢٦-٠٧-٢٦,كاشير 3,0154dfaa,أ/ احمد زرزور,7/26/2026 22:30:28
ccab54bf,7/26/2026,2026 7,6628,35,تم الطباعة,a2535e73,مسائي 26-07-26,كاشير 2,04b9d4de,طارق ماسبيرو,7/26/2026 22:37:09
4db346fe,7/26/2026,2026 7,6630,5,تم الطباعة,a2535e73,مسائي 26-07-26,كاشير 2,04b9d4de,طارق ماسبيرو,7/26/2026 22:41:09
a4dde206,7/26/2026,2026 7,6631,150,تم الطباعة,6abf740b,مسائي 26-07-26,كاشير 1,4ac7873c,محمود سويفي,7/26/2026 22:42:43
280561b6,7/26/2026,2026 7,6632,-150,تم الطباعة,6abf740b,مسائي 26-07-26,كاشير 1,4ac7873c,محمود سويفي,7/26/2026 22:44:15
e939fd07,7/26/2026,2026 7,6633,-780,تم الطباعة,6abf740b,مسائي 26-07-26,كاشير 1,4ac7873c,محمود سويفي,7/26/2026 22:46:36
f11f96d9,7/26/2026,2026 7,6634,45,تم الطباعة,a2535e73,مسائي 26-07-26,كاشير 2,04b9d4de,طارق ماسبيرو,7/26/2026 22:53:02
380347f4,7/26/2026,2026 7,6634,90,تم الطباعة,6abf740b,مسائي 26-07-26,كاشير 1,4ac7873c,محمود سويفي,7/26/2026 22:53:07
7d9544ea,7/26/2026,2026 7,6636,300,تم الطباعة,6abf740b,مسائي 26-07-26,كاشير 1,4ac7873c,محمود سويفي,7/26/2026 22:56:31
96a480ea,7/26/2026,2026 7,6637,1515,تم الطباعة,6abf740b,مسائي 26-07-26,كاشير 1,4ac7873c,محمود سويفي,7/26/2026 22:58:54
9effd8b1,7/26/2026,2026 7,6638,50,تم الطباعة,6abf740b,مسائي 26-07-26,كاشير 1,4ac7873c,محمود سويفي,7/26/2026 23:00:39
f2cb7e12,7/26/2026,2026 7,6639,705,تم الطباعة,6abf740b,مسائي 26-07-26,كاشير 1,4ac7873c,محمود سويفي,7/26/2026 23:04:35
9871d091,7/26/2026,2026 7,6640,5810,تم الطباعة,3db77734,مسائي 26-07-26,كاشير 1,0154dfaa,أ/ احمد زرزور,7/26/2026 23:09:19
263a6c03,7/26/2026,2026 7,6641,50,تم الطباعة,a2535e73,مسائي 26-07-26,كاشير 2,04b9d4de,طارق ماسبيرو,7/26/2026 23:11:46
f4cd4415,7/26/2026,2026 7,6642,-298,تم الطباعة,3db77734,مسائي 26-07-26,كاشير 1,0154dfaa,أ/ احمد زرزور,7/26/2026 23:13:07
260b3fff,7/26/2026,2026 7,6643,20,تم الطباعة,3db77734,مسائي 26-07-26,كاشير 1,0154dfaa,أ/ احمد زرزور,7/26/2026 23:18:04
d09ae7ac,7/26/2026,2026 7,6644,7,تم الطباعة,3db77734,مسائي 26-07-26,كاشير 1,0154dfaa,أ/ احمد زرزور,7/26/2026 23:22:21
ecb9c5e3,7/26/2026,2026 7,6645,38,تم الطباعة,3db77734,مسائي 26-07-26,كاشير 1,0154dfaa,أ/ احمد زرزور,7/26/2026 23:40:50
3dc1233d,7/26/2026,2026 7,6645,7,تم الطباعة,a2535e73,مسائي 26-07-26,كاشير 2,04b9d4de,طارق ماسبيرو,7/26/2026 23:41:09
96bf735f,7/26/2026,2026 7,6646,205,تم الطباعة,3db77734,مسائي 26-07-26,كاشير 1,0154dfaa,أ/ احمد زرزور,7/26/2026 23:43:45
224fd5b4,7/26/2026,2026 7,6648,500,تم الطباعة,3db77734,مسائي 26-07-26,كاشير 1,0154dfaa,أ/ احمد زرزور,7/26/2026 23:49:02
c0e17370,7/26/2026,2026 7,6649,-45,تم الطباعة,3db77734,مسائي 26-07-26,كاشير 1,0154dfaa,أ/ احمد زرزور,7/26/2026 23:52:25
865f43bc,7/27/2026,2026 7,6650,11,تم الطباعة,3db77734,مسائي 26-07-26,كاشير 1,0154dfaa,أ/ احمد زرزور,7/27/2026 0:01:50
3d9d0bf8,7/27/2026,2026 7,6651,320,تم الطباعة,3db77734,مسائي 26-07-26,كاشير 1,0154dfaa,أ/ احمد زرزور,7/27/2026 0:11:21
b204a215,7/27/2026,2026 7,6652,75,تم الطباعة,a2535e73,مسائي 26-07-26,كاشير 2,04b9d4de,طارق ماسبيرو,7/27/2026 0:13:53
751fae28,7/27/2026,2026 7,6653,0,تم الطباعة,3db77734,مسائي 26-07-26,كاشير 1,0154dfaa,أ/ احمد زرزور,7/27/2026 0:19:30
cfa2954d,7/27/2026,2026 7,6654,5,تم الطباعة,a2535e73,مسائي 26-07-26,كاشير 2,04b9d4de,طارق ماسبيرو,7/27/2026 0:25:53
2a7d667a,7/27/2026,2026 7,6655,17,تم الطباعة,a2535e73,مسائي 26-07-26,كاشير 2,04b9d4de,طارق ماسبيرو,7/27/2026 0:33:08
926d27fe,7/27/2026,2026 7,6656,-60,تم الطباعة,3db77734,مسائي 26-07-26,كاشير 1,0154dfaa,أ/ احمد زرزور,7/27/2026 0:38:16
368c14d2,7/27/2026,2026 7,6657,605,تم الطباعة,3db77734,مسائي 26-07-26,كاشير 1,0154dfaa,أ/ احمد زرزور,7/27/2026 0:42:16
d27917aa,7/27/2026,2026 7,6658,-590,تم الطباعة,3db77734,مسائي 26-07-26,كاشير 1,0154dfaa,أ/ احمد زرزور,7/27/2026 0:44:23
46bc9db2,7/27/2026,2026 7,6659,187,تم الطباعة,3db77734,مسائي 26-07-26,كاشير 1,0154dfaa,أ/ احمد زرزور,7/27/2026 0:50:49
dfb67520,7/27/2026,2026 7,6660,105,تم الطباعة,3db77734,مسائي 26-07-26,كاشير 1,0154dfaa,أ/ احمد زرزور,7/27/2026 1:00:03
ea4a7540,7/27/2026,2026 7,6661,550,تم الطباعة,dc6fdda8,صباحي 27-07-26,كاشير 1,e9ad5415,ابانوب ايليا,7/27/2026 9:48:37
c46c6174,7/27/2026,2026 7,6662,15,تم الطباعة,dc6fdda8,صباحي 27-07-26,كاشير 1,e9ad5415,ابانوب ايليا,7/27/2026 9:50:44
91090718,7/27/2026,2026 7,6663,5,تم الطباعة,dc6fdda8,صباحي 27-07-26,كاشير 1,e9ad5415,ابانوب ايليا,7/27/2026 9:56:52
2682b4d8,7/27/2026,2026 7,6664,271,تم الطباعة,dc6fdda8,صباحي 27-07-26,كاشير 1,e9ad5415,ابانوب ايليا,7/27/2026 10:06:23
61a780c3,7/27/2026,2026 7,6665,80,تم الطباعة,dc6fdda8,صباحي 27-07-26,كاشير 1,e9ad5415,ابانوب ايليا,7/27/2026 10:20:37
6b878b3d,7/27/2026,2026 7,6666,5,تم الطباعة,dc6fdda8,صباحي 27-07-26,كاشير 1,e9ad5415,ابانوب ايليا,7/27/2026 10:29:52
99549a81,7/27/2026,2026 7,6667,2,تم الطباعة,dc6fdda8,صباحي 27-07-26,كاشير 1,e9ad5415,ابانوب ايليا,7/27/2026 10:38:07
c42c0eb4,7/27/2026,2026 7,6668,10,تم الطباعة,dc6fdda8,صباحي 27-07-26,كاشير 1,e9ad5415,ابانوب ايليا,7/27/2026 10:57:51
1ae86a9e,7/27/2026,2026 7,6669,10,تم الطباعة,dc6fdda8,صباحي 27-07-26,كاشير 1,e9ad5415,ابانوب ايليا,7/27/2026 11:02:28
c8690fad,7/27/2026,2026 7,6670,-1983,تم الطباعة,dc6fdda8,صباحي 27-07-26,كاشير 1,e9ad5415,ابانوب ايليا,7/27/2026 11:19:12
7bfa450d,7/27/2026,2026 7,6671,4,تم الطباعة,dc6fdda8,صباحي 27-07-26,كاشير 1,e9ad5415,ابانوب ايليا,7/27/2026 11:19:58
0b473e9d,7/27/2026,2026 7,6672,3,تم الطباعة,dc6fdda8,صباحي 27-07-26,كاشير 1,e9ad5415,ابانوب ايليا,7/27/2026 11:30:57
9dd4bf1b,7/27/2026,2026 7,6673,3000,تم الطباعة,dc6fdda8,صباحي 27-07-26,كاشير 1,e9ad5415,ابانوب ايليا,7/27/2026 11:33:45
51b3d438,7/27/2026,2026 7,6674,440,تم الطباعة,dc6fdda8,صباحي 27-07-26,كاشير 1,e9ad5415,ابانوب ايليا,7/27/2026 11:47:57
bc5faed2,7/27/2026,2026 7,6675,2,تم الطباعة,dc6fdda8,صباحي 27-07-26,كاشير 1,e9ad5415,ابانوب ايليا,7/27/2026 11:49:08
94e4d739,7/27/2026,2026 7,6676,260,تم الطباعة,dc6fdda8,صباحي 27-07-26,كاشير 1,e9ad5415,ابانوب ايليا,7/27/2026 12:02:01
4d45ccdc,7/27/2026,2026 7,6677,100,تم الطباعة,dc6fdda8,صباحي 27-07-26,كاشير 1,e9ad5415,ابانوب ايليا,7/27/2026 12:20:44
093f5752,7/27/2026,2026 7,6678,112,تم الطباعة,dc6fdda8,صباحي 27-07-26,كاشير 1,e9ad5415,ابانوب ايليا,7/27/2026 12:28:15
f63d9763,7/27/2026,2026 7,6679,2500,تم الطباعة,dc6fdda8,صباحي 27-07-26,كاشير 1,e9ad5415,ابانوب ايليا,7/27/2026 12:33:02
d19e3ee6,7/27/2026,2026 7,6680,15,تم الطباعة,dc6fdda8,صباحي 27-07-26,كاشير 1,e9ad5415,ابانوب ايليا,7/27/2026 12:34:26
4ebf90b8,7/27/2026,2026 7,6681,-1485,تم الطباعة,dc6fdda8,صباحي 27-07-26,كاشير 1,e9ad5415,ابانوب ايليا,7/27/2026 12:53:19
bab64aac,7/27/2026,2026 7,6682,20,تم الطباعة,dc6fdda8,صباحي 27-07-26,كاشير 1,e9ad5415,ابانوب ايليا,7/27/2026 13:18:42
58a1aec7,7/27/2026,2026 7,6683,-1969,تم الطباعة,dc6fdda8,صباحي 27-07-26,كاشير 1,e9ad5415,ابانوب ايليا,7/27/2026 13:24:29
932d8adf,7/27/2026,2026 7,6684,150,تم الطباعة,dc6fdda8,صباحي 27-07-26,كاشير 1,e9ad5415,ابانوب ايليا,7/27/2026 13:33:51
c730916b,7/27/2026,2026 7,6685,12,تم الطباعة,91507d50,صباحي 27-07-26,كاشير 2,0154dfaa,أ/ احمد زرزور,7/27/2026 13:58:43
536d7a93,7/27/2026,2026 7,6686,10,تم الطباعة,dc6fdda8,صباحي 27-07-26,كاشير 1,e9ad5415,ابانوب ايليا,7/27/2026 14:06:24
77825163,7/27/2026,2026 7,6687,100,تم الطباعة,dc6fdda8,صباحي 27-07-26,كاشير 1,e9ad5415,ابانوب ايليا,7/27/2026 14:06:43
eec1676e,7/27/2026,2026 7,6688,20,تم الطباعة,91507d50,صباحي 27-07-26,كاشير 2,0154dfaa,أ/ احمد زرزور,7/27/2026 14:09:53
acd781c2,7/27/2026,2026 7,6688,-1300,تم الطباعة,dc6fdda8,صباحي 27-07-26,كاشير 1,e9ad5415,ابانوب ايليا,7/27/2026 14:09:51
8df9fea7,7/27/2026,2026 7,6690,75,تم الطباعة,dc6fdda8,صباحي 27-07-26,كاشير 1,e9ad5415,ابانوب ايليا,7/27/2026 14:19:21
ed21d84c,7/27/2026,2026 7,6691,-2030,تم الطباعة,dc6fdda8,صباحي 27-07-26,كاشير 1,e9ad5415,ابانوب ايليا,7/27/2026 14:58:21
a002a25c,7/27/2026,2026 7,6692,2020,تم الطباعة,dc6fdda8,صباحي 27-07-26,كاشير 1,e9ad5415,ابانوب ايليا,7/27/2026 15:04:11
cdcbe912,7/27/2026,2026 7,6693,812,تم الطباعة,dc6fdda8,صباحي 27-07-26,كاشير 1,e9ad5415,ابانوب ايليا,7/27/2026 15:04:49
c7ac18c6,7/27/2026,2026 7,6694,1300,تم الطباعة,dc6fdda8,صباحي 27-07-26,كاشير 1,e9ad5415,ابانوب ايليا,7/27/2026 15:35:45
d260cf01,7/27/2026,2026 7,6695,-2940,تم الطباعة,dc6fdda8,صباحي 27-07-26,كاشير 1,e9ad5415,ابانوب ايليا,7/27/2026 15:43:22
50a9f91f,7/27/2026,2026 7,6696,10,تم الطباعة,dc6fdda8,صباحي 27-07-26,كاشير 1,e9ad5415,ابانوب ايليا,7/27/2026 15:50:12
777af873,7/27/2026,2026 7,6697,150,تم الطباعة,dc6fdda8,صباحي 27-07-26,كاشير 1,e9ad5415,ابانوب ايليا,7/27/2026 16:05:07
bd44ea97,7/27/2026,2026 7,6698,1500,تم الطباعة,dc6fdda8,صباحي 27-07-26,كاشير 1,e9ad5415,ابانوب ايليا,7/27/2026 16:10:19
6ac4584e,7/27/2026,2026 7,6699,-300,تم الطباعة,dc6fdda8,صباحي 27-07-26,كاشير 1,e9ad5415,ابانوب ايليا,7/27/2026 16:30:57
03093f8c,7/27/2026,2026 7,6700,-640,تم الطباعة,dc6fdda8,صباحي 27-07-26,كاشير 1,e9ad5415,ابانوب ايليا,7/27/2026 16:41:51
0c8916f0,7/27/2026,2026 7,6701,30,تم الطباعة,dc6fdda8,صباحي 27-07-26,كاشير 1,e9ad5415,ابانوب ايليا,7/27/2026 17:11:53
cd678c65,7/27/2026,2026 7,6702,140,تم الطباعة,dc6fdda8,صباحي 27-07-26,كاشير 1,e9ad5415,ابانوب ايليا,7/27/2026 17:12:36
ccd71657,7/27/2026,2026 7,6703,-2000,تم الطباعة,dc6fdda8,صباحي 27-07-26,كاشير 1,e9ad5415,ابانوب ايليا,7/27/2026 17:21:31
13360db0,7/27/2026,2026 7,6704,-700,تم الطباعة,dc6fdda8,صباحي 27-07-26,كاشير 1,e9ad5415,ابانوب ايليا,7/27/2026 17:22:12
88d62be0,7/27/2026,2026 7,6705,3,تم الطباعة,91507d50,صباحي 27-07-26,كاشير 2,0154dfaa,أ/ احمد زرزور,7/27/2026 17:46:13
e69d4099,7/27/2026,2026 7,6706,20,تم الطباعة,dc6fdda8,صباحي 27-07-26,كاشير 1,e9ad5415,ابانوب ايليا,7/27/2026 17:46:51
c019e141,7/27/2026,2026 7,6707,10,تم الطباعة,a009a5f6,مسائي 27-07-26,كاشير 2,04b9d4de,طارق ماسبيرو,7/27/2026 17:57:31
817cceb8,7/27/2026,2026 7,6708,25,تم الطباعة,dc6fdda8,صباحي 27-07-26,كاشير 1,e9ad5415,ابانوب ايليا,7/27/2026 17:59:15
b32472e4,7/27/2026,2026 7,6709,10,تم الطباعة,dc6fdda8,صباحي 27-07-26,كاشير 1,e9ad5415,ابانوب ايليا,7/27/2026 17:59:34
385497d4,7/27/2026,2026 7,6710,100,تم الطباعة,a009a5f6,مسائي 27-07-26,كاشير 2,04b9d4de,طارق ماسبيرو,7/27/2026 18:07:34
24cbfbd8,7/27/2026,2026 7,6710,-1000,تم الطباعة,dc6fdda8,صباحي 27-07-26,كاشير 1,e9ad5415,ابانوب ايليا,7/27/2026 18:08:05
028d70ec,7/27/2026,2026 7,6712,-400,تم الطباعة,dc6fdda8,صباحي 27-07-26,كاشير 1,e9ad5415,ابانوب ايليا,7/27/2026 18:14:26
39d7b8a4,7/27/2026,2026 7,6713,40,تم الطباعة,dc6fdda8,صباحي 27-07-26,كاشير 1,e9ad5415,ابانوب ايليا,7/27/2026 18:15:22
34c0d5bb,7/27/2026,2026 7,6714,1000,تم الطباعة,dc6fdda8,صباحي 27-07-26,كاشير 1,e9ad5415,ابانوب ايليا,7/27/2026 18:16:21
9cf95cba,7/27/2026,2026 7,6715,10,تم الطباعة,a009a5f6,مسائي 27-07-26,كاشير 2,04b9d4de,طارق ماسبيرو,7/27/2026 18:17:30
c56f1344,7/27/2026,2026 7,6716,-45,تم الطباعة,dc6fdda8,صباحي 27-07-26,كاشير 1,e9ad5415,ابانوب ايليا,7/27/2026 18:23:04
84ea353d,7/27/2026,2026 7,6717,45,تم الطباعة,dc6fdda8,صباحي 27-07-26,كاشير 1,e9ad5415,ابانوب ايليا,7/27/2026 18:23:17
f7ee38da,7/27/2026,2026 7,6718,-985,تم الطباعة,dc6fdda8,صباحي 27-07-26,كاشير 1,e9ad5415,ابانوب ايليا,7/27/2026 18:38:17
1a320981,7/27/2026,2026 7,6719,154,تم الطباعة,dc6fdda8,صباحي 27-07-26,كاشير 1,e9ad5415,ابانوب ايليا,7/27/2026 18:41:30
2855ac7c,7/27/2026,2026 7,6720,200,تم الطباعة,dc6fdda8,صباحي 27-07-26,كاشير 1,e9ad5415,ابانوب ايليا,7/27/2026 18:46:15
71c1a1f0,7/27/2026,2026 7,6721,45,تم الطباعة,dc6fdda8,صباحي 27-07-26,كاشير 1,e9ad5415,ابانوب ايليا,7/27/2026 18:46:42
5a89ef27,7/27/2026,2026 7,6722,15,تم الطباعة,a009a5f6,مسائي 27-07-26,كاشير 2,04b9d4de,طارق ماسبيرو,7/27/2026 18:47:44
fb87c2d1,7/27/2026,2026 7,6723,30,تم الطباعة,a009a5f6,مسائي 27-07-26,كاشير 2,04b9d4de,طارق ماسبيرو,7/27/2026 19:15:27
b5f0c751,7/27/2026,2026 7,6724,50,تم الطباعة,a009a5f6,مسائي 27-07-26,كاشير 2,04b9d4de,طارق ماسبيرو,7/27/2026 19:17:57
f76dc1f1,7/27/2026,2026 7,6725,-480,تم الطباعة,be2a77fb,مسائي 27-07-26,كاشير 1,0154dfaa,أ/ احمد زرزور,7/27/2026 19:27:59
b1dddfd9,7/27/2026,2026 7,6726,11,تم الطباعة,be2a77fb,مسائي 27-07-26,كاشير 1,0154dfaa,أ/ احمد زرزور,7/27/2026 19:32:42
28b99641,7/27/2026,2026 7,6727,67,تم الطباعة,a009a5f6,مسائي 27-07-26,كاشير 2,04b9d4de,طارق ماسبيرو,7/27/2026 19:42:39
3c976683,7/27/2026,2026 7,6728,20,تم الطباعة,a009a5f6,مسائي 27-07-26,كاشير 2,04b9d4de,طارق ماسبيرو,7/27/2026 19:44:18
78026a3a,7/27/2026,2026 7,6729,90,تم الطباعة,a009a5f6,مسائي 27-07-26,كاشير 2,04b9d4de,طارق ماسبيرو,7/27/2026 19:46:39
da9c3692,7/27/2026,2026 7,6730,-1212,تم الطباعة,be2a77fb,مسائي 27-07-26,كاشير 1,0154dfaa,أ/ احمد زرزور,7/27/2026 19:51:24
f9208b0f,7/27/2026,2026 7,6731,10,تم الطباعة,a009a5f6,مسائي 27-07-26,كاشير 2,04b9d4de,طارق ماسبيرو,7/27/2026 19:53:11
ff918049,7/27/2026,2026 7,6732,10,تم الطباعة,a009a5f6,مسائي 27-07-26,كاشير 2,04b9d4de,طارق ماسبيرو,7/27/2026 19:56:10
1dabea0b,7/27/2026,2026 7,6733,5,تم الطباعة,be2a77fb,مسائي 27-07-26,كاشير 1,0154dfaa,أ/ احمد زرزور,7/27/2026 19:58:58
423c5a57,7/27/2026,2026 7,6734,25,تم الطباعة,a009a5f6,مسائي 27-07-26,كاشير 2,04b9d4de,طارق ماسبيرو,7/27/2026 20:08:09
7618fb6e,7/27/2026,2026 7,6735,5,تم الطباعة,a009a5f6,مسائي 27-07-26,كاشير 2,04b9d4de,طارق ماسبيرو,7/27/2026 20:10:29
9a421ee9,7/27/2026,2026 7,6736,800,تم الطباعة,a009a5f6,مسائي 27-07-26,كاشير 2,04b9d4de,طارق ماسبيرو,7/27/2026 20:10:41
fd58c73a,7/27/2026,2026 7,6737,-985,تم الطباعة,a009a5f6,مسائي 27-07-26,كاشير 2,04b9d4de,طارق ماسبيرو,7/27/2026 20:13:59
7711468a,7/27/2026,2026 7,6738,3,تم الطباعة,a009a5f6,مسائي 27-07-26,كاشير 2,04b9d4de,طارق ماسبيرو,7/27/2026 20:16:44
18888ef9,7/27/2026,2026 7,6739,10,تم الطباعة,a009a5f6,مسائي 27-07-26,كاشير 2,04b9d4de,طارق ماسبيرو,7/27/2026 20:24:51
a546c82a,7/27/2026,2026 7,6740,1020,تم الطباعة,be2a77fb,مسائي 27-07-26,كاشير 1,0154dfaa,أ/ احمد زرزور,7/27/2026 20:28:01
c4d1969e,7/27/2026,2026 7,6741,20,تم الطباعة,a009a5f6,مسائي 27-07-26,كاشير 2,04b9d4de,طارق ماسبيرو,7/27/2026 20:31:06
0c1b9a30,7/27/2026,2026 7,6742,30,تم الطباعة,be2a77fb,مسائي 27-07-26,كاشير 1,0154dfaa,أ/ احمد زرزور,7/27/2026 20:32:33
7c553175,7/27/2026,2026 7,6743,-45,تم الطباعة,be2a77fb,مسائي 27-07-26,كاشير 1,0154dfaa,أ/ احمد زرزور,7/27/2026 20:35:36
87e5cda5,7/27/2026,2026 7,6744,-6865,تم الطباعة,be2a77fb,مسائي 27-07-26,كاشير 1,0154dfaa,أ/ احمد زرزور,7/27/2026 20:41:39
3d42497f,7/27/2026,2026 7,6745,-1940,تم الطباعة,be2a77fb,مسائي 27-07-26,كاشير 1,0154dfaa,أ/ احمد زرزور,7/27/2026 20:44:01
cf8c2e38,7/27/2026,2026 7,6746,15,تم الطباعة,be2a77fb,مسائي 27-07-26,كاشير 1,0154dfaa,أ/ احمد زرزور,7/27/2026 20:49:37
e0d99622,7/27/2026,2026 7,6747,50,تم الطباعة,be2a77fb,مسائي 27-07-26,كاشير 1,0154dfaa,أ/ احمد زرزور,7/27/2026 21:02:44
25ec6c2d,7/27/2026,2026 7,6748,-400,تم الطباعة,be2a77fb,مسائي 27-07-26,كاشير 1,0154dfaa,أ/ احمد زرزور,7/27/2026 21:07:51
905cca8d,7/27/2026,2026 7,6749,0,تم الطباعة,be2a77fb,مسائي 27-07-26,كاشير 1,0154dfaa,أ/ احمد زرزور,7/27/2026 21:12:34
aacf28d2,7/27/2026,2026 7,6750,25,تم الطباعة,be2a77fb,مسائي 27-07-26,كاشير 1,0154dfaa,أ/ احمد زرزور,7/27/2026 21:20:02
40dbab1c,7/27/2026,2026 7,6750,50,تم الطباعة,a009a5f6,مسائي 27-07-26,كاشير 2,04b9d4de,طارق ماسبيرو,7/27/2026 21:20:28
a0ae54da,7/27/2026,2026 7,6751,0,تم الطباعة,be2a77fb,مسائي 27-07-26,كاشير 1,0154dfaa,أ/ احمد زرزور,7/27/2026 21:20:48
b970c868,7/27/2026,2026 7,6753,-490,تم الطباعة,be2a77fb,مسائي 27-07-26,كاشير 1,0154dfaa,أ/ احمد زرزور,7/27/2026 21:23:22
3003b08c,7/27/2026,2026 7,6752,812,تم الطباعة,a009a5f6,مسائي 27-07-26,كاشير 2,04b9d4de,طارق ماسبيرو,7/27/2026 21:23:41
cdd88234,7/27/2026,2026 7,6755,812,تم الطباعة,a009a5f6,مسائي 27-07-26,كاشير 2,04b9d4de,طارق ماسبيرو,7/27/2026 21:27:18
37a261b7,7/27/2026,2026 7,6756,20,تم الطباعة,a009a5f6,مسائي 27-07-26,كاشير 2,04b9d4de,طارق ماسبيرو,7/27/2026 21:29:11
d6bc4ffc,7/27/2026,2026 7,6757,10,تم الطباعة,a009a5f6,مسائي 27-07-26,كاشير 2,04b9d4de,طارق ماسبيرو,7/27/2026 21:38:29
639b542c,7/27/2026,2026 7,6758,25,تم الطباعة,a009a5f6,مسائي 27-07-26,كاشير 2,04b9d4de,طارق ماسبيرو,7/27/2026 21:39:49
3b40334b,7/27/2026,2026 7,6758,465,تم الطباعة,be2a77fb,مسائي 27-07-26,كاشير 1,0154dfaa,أ/ احمد زرزور,7/27/2026 21:40:21
39658bef,7/27/2026,2026 7,6760,50,تم الطباعة,be2a77fb,مسائي 27-07-26,كاشير 1,0154dfaa,أ/ احمد زرزور,7/27/2026 21:43:21
2873f787,7/27/2026,2026 7,6761,100,تم الطباعة,a009a5f6,مسائي 27-07-26,كاشير 2,04b9d4de,طارق ماسبيرو,7/27/2026 21:45:48
fe64f0ae,7/27/2026,2026 7,6762,-492,تم الطباعة,be2a77fb,مسائي 27-07-26,كاشير 1,0154dfaa,أ/ احمد زرزور,7/27/2026 21:49:24
8813ad95,7/27/2026,2026 7,6763,75,تم الطباعة,be2a77fb,مسائي 27-07-26,كاشير 1,0154dfaa,أ/ احمد زرزور,7/27/2026 21:51:16
a0bd8f69,7/27/2026,2026 7,6764,1,تم الطباعة,a009a5f6,مسائي 27-07-26,كاشير 2,04b9d4de,طارق ماسبيرو,7/27/2026 22:05:17
024fd611,7/27/2026,2026 7,6765,-662,تم الطباعة,be2a77fb,مسائي 27-07-26,كاشير 1,0154dfaa,أ/ احمد زرزور,7/27/2026 22:06:47
a8cc7e25,7/27/2026,2026 7,6766,186,تم الطباعة,be2a77fb,مسائي 27-07-26,كاشير 1,0154dfaa,أ/ احمد زرزور,7/27/2026 22:08:34
db0a92eb,7/27/2026,2026 7,6767,60,تم الطباعة,be2a77fb,مسائي 27-07-26,كاشير 1,0154dfaa,أ/ احمد زرزور,7/27/2026 22:12:19
237fd143,7/27/2026,2026 7,6768,30,تم الطباعة,be2a77fb,مسائي 27-07-26,كاشير 1,0154dfaa,أ/ احمد زرزور,7/27/2026 22:18:26
a0660090,7/27/2026,2026 7,6769,10,تم الطباعة,a009a5f6,مسائي 27-07-26,كاشير 2,04b9d4de,طارق ماسبيرو,7/27/2026 22:22:59
b2404835,7/27/2026,2026 7,6770,-250,تم الطباعة,a009a5f6,مسائي 27-07-26,كاشير 2,04b9d4de,طارق ماسبيرو,7/27/2026 22:25:28
e44bdf01,7/27/2026,2026 7,6771,2050,تم الطباعة,be2a77fb,مسائي 27-07-26,كاشير 1,0154dfaa,أ/ احمد زرزور,7/27/2026 22:41:06
92886f33,7/27/2026,2026 7,6772,19,تم الطباعة,be2a77fb,مسائي 27-07-26,كاشير 1,0154dfaa,أ/ احمد زرزور,7/27/2026 22:53:17
a18bfa44,7/27/2026,2026 7,6773,1575,تم الطباعة,be2a77fb,مسائي 27-07-26,كاشير 1,0154dfaa,أ/ احمد زرزور,7/27/2026 23:14:52
b004c3ef,7/27/2026,2026 7,6774,80,تم الطباعة,a009a5f6,مسائي 27-07-26,كاشير 2,04b9d4de,طارق ماسبيرو,7/27/2026 23:15:55
a45770c3,7/27/2026,2026 7,6775,30,تم الطباعة,a009a5f6,مسائي 27-07-26,كاشير 2,04b9d4de,طارق ماسبيرو,7/27/2026 23:16:17
1f9d518c,7/27/2026,2026 7,6776,32,تم الطباعة,be2a77fb,مسائي 27-07-26,كاشير 1,0154dfaa,أ/ احمد زرزور,7/27/2026 23:22:09
b93ebfc4,7/27/2026,2026 7,6777,15,تم الطباعة,be2a77fb,مسائي 27-07-26,كاشير 1,0154dfaa,أ/ احمد زرزور,7/27/2026 23:27:14
03d978a9,7/27/2026,2026 7,6778,305,تم الطباعة,be2a77fb,مسائي 27-07-26,كاشير 1,0154dfaa,أ/ احمد زرزور,7/27/2026 23:35:36
65b6a786,7/28/2026,2026 7,6779,2,تم الطباعة,a009a5f6,مسائي 27-07-26,كاشير 2,04b9d4de,طارق ماسبيرو,7/28/2026 0:02:09
553e6db6,7/28/2026,2026 7,6779,50,تم الطباعة,be2a77fb,مسائي 27-07-26,كاشير 1,0154dfaa,أ/ احمد زرزور,7/28/2026 0:05:41
49831f79,7/28/2026,2026 7,6780,15,تم الطباعة,a009a5f6,مسائي 27-07-26,كاشير 2,04b9d4de,طارق ماسبيرو,7/28/2026 0:06:00
a6d21c06,7/28/2026,2026 7,6782,70,تم الطباعة,a009a5f6,مسائي 27-07-26,كاشير 2,04b9d4de,طارق ماسبيرو,7/28/2026 0:17:50
1cd66c88,7/28/2026,2026 7,6783,0,تم الطباعة,be2a77fb,مسائي 27-07-26,كاشير 1,0154dfaa,أ/ احمد زرزور,7/28/2026 0:19:24
86dc75f0,7/28/2026,2026 7,6784,20,تم الطباعة,a009a5f6,مسائي 27-07-26,كاشير 2,04b9d4de,طارق ماسبيرو,7/28/2026 0:21:45
4c917124,7/28/2026,2026 7,6785,5,تم الطباعة,a009a5f6,مسائي 27-07-26,كاشير 2,04b9d4de,طارق ماسبيرو,7/28/2026 0:27:09
d99935c8,7/28/2026,2026 7,6786,-95,تم الطباعة,be2a77fb,مسائي 27-07-26,كاشير 1,0154dfaa,أ/ احمد زرزور,7/28/2026 0:28:37
84c31426,7/28/2026,2026 7,6786,50,تم الطباعة,a009a5f6,مسائي 27-07-26,كاشير 2,04b9d4de,طارق ماسبيرو,7/28/2026 0:29:02
3a2dffef,7/28/2026,2026 7,6787,20,تم الطباعة,a009a5f6,مسائي 27-07-26,كاشير 2,04b9d4de,طارق ماسبيرو,7/28/2026 0:29:47
30534f75,7/28/2026,2026 7,6789,1010,تم الطباعة,be2a77fb,مسائي 27-07-26,كاشير 1,0154dfaa,أ/ احمد زرزور,7/28/2026 0:35:34
0b61ff7d,7/28/2026,2026 7,6790,300,تم الطباعة,a009a5f6,مسائي 27-07-26,كاشير 2,04b9d4de,طارق ماسبيرو,7/28/2026 0:42:28
de587903,7/28/2026,2026 7,6791,5,تم الطباعة,a009a5f6,مسائي 27-07-26,كاشير 2,04b9d4de,طارق ماسبيرو,7/28/2026 0:44:53
7698df33,7/28/2026,2026 7,6792,10,تم الطباعة,a009a5f6,مسائي 27-07-26,كاشير 2,04b9d4de,طارق ماسبيرو,7/28/2026 0:59:51
8278d351,7/28/2026,2026 7,6793,2059,تم الطباعة,be2a77fb,مسائي 27-07-26,كاشير 1,0154dfaa,أ/ احمد زرزور,7/28/2026 1:02:19
0fc14883,7/28/2026,2026 7,6794,400,تم الطباعة,be2a77fb,مسائي 27-07-26,كاشير 1,0154dfaa,أ/ احمد زرزور,7/28/2026 1:13:45
81b25e75,7/28/2026,2026 7,6795,7475,تم الطباعة,be2a77fb,مسائي 27-07-26,كاشير 1,0154dfaa,أ/ احمد زرزور,7/28/2026 1:30:17
daeebc08,7/28/2026,2026 7,6796,0,تم الطباعة,be2a77fb,مسائي 27-07-26,كاشير 1,0154dfaa,أ/ احمد زرزور,7/28/2026 1:39:06
8beaa0db,7/28/2026,2026 7,6797,20,تم الطباعة,be2a77fb,مسائي 27-07-26,كاشير 1,0154dfaa,أ/ احمد زرزور,7/28/2026 1:45:13
6021269f,7/28/2026,2026 7,6798,6618,تم الطباعة,be2a77fb,مسائي 27-07-26,كاشير 1,0154dfaa,أ/ احمد زرزور,7/28/2026 2:01:13
c35d2844,7/28/2026,2026 7,6799,15,تم الطباعة,be2a77fb,مسائي 27-07-26,كاشير 1,0154dfaa,أ/ احمد زرزور,7/28/2026 2:14:13
03fde9c9,7/28/2026,2026 7,6800,-3025,تم الطباعة,1ba82d21,صباحي 28-07-26,كاشير 1,f7f8d8a0,محمد عبدالتواب,7/28/2026 8:52:38
4a18b0b4,7/28/2026,2026 7,6801,-395,تم الطباعة,1ba82d21,صباحي 28-07-26,كاشير 1,f7f8d8a0,محمد عبدالتواب,7/28/2026 9:00:32
751cf5db,7/28/2026,2026 7,6802,570,تم الطباعة,1ba82d21,صباحي 28-07-26,كاشير 1,f7f8d8a0,محمد عبدالتواب,7/28/2026 9:31:46
125c70de,7/28/2026,2026 7,6803,20,تم الطباعة,1ba82d21,صباحي 28-07-26,كاشير 1,f7f8d8a0,محمد عبدالتواب,7/28/2026 9:54:21
f66a3790,7/28/2026,2026 7,6804,10,تم الطباعة,1ba82d21,صباحي 28-07-26,كاشير 1,f7f8d8a0,محمد عبدالتواب,7/28/2026 10:13:22
e75433a7,7/28/2026,2026 7,6805,25,تم الطباعة,1ba82d21,صباحي 28-07-26,كاشير 1,f7f8d8a0,محمد عبدالتواب,7/28/2026 10:26:48
3852f244,7/28/2026,2026 7,6806,20,تم الطباعة,1ba82d21,صباحي 28-07-26,كاشير 1,f7f8d8a0,محمد عبدالتواب,7/28/2026 10:27:03
faa7e9c9,7/28/2026,2026 7,6807,20,تم الطباعة,1ba82d21,صباحي 28-07-26,كاشير 1,f7f8d8a0,محمد عبدالتواب,7/28/2026 10:46:58
73fd6f90,7/28/2026,2026 7,6808,20,تم الطباعة,1ba82d21,صباحي 28-07-26,كاشير 1,f7f8d8a0,محمد عبدالتواب,7/28/2026 10:51:54
f8074da1,7/28/2026,2026 7,6809,1000,تم الطباعة,1ba82d21,صباحي 28-07-26,كاشير 1,f7f8d8a0,محمد عبدالتواب,7/28/2026 11:01:44
c762e60a,7/28/2026,2026 7,6810,400,تم الطباعة,1ba82d21,صباحي 28-07-26,كاشير 1,f7f8d8a0,محمد عبدالتواب,7/28/2026 11:11:52
4562847a,7/28/2026,2026 7,6811,811,تم الطباعة,1ba82d21,صباحي 28-07-26,كاشير 1,f7f8d8a0,محمد عبدالتواب,7/28/2026 11:19:56
ba9560b3,7/28/2026,2026 7,6812,305,تم الطباعة,1ba82d21,صباحي 28-07-26,كاشير 1,f7f8d8a0,محمد عبدالتواب,7/28/2026 11:40:15
cfd8f67d,7/28/2026,2026 7,6813,305,تم الطباعة,1ba82d21,صباحي 28-07-26,كاشير 1,f7f8d8a0,محمد عبدالتواب,7/28/2026 11:42:35
3621f8d8,7/28/2026,2026 7,6814,-300,تم الطباعة,1ba82d21,صباحي 28-07-26,كاشير 1,f7f8d8a0,محمد عبدالتواب,7/28/2026 11:42:42
ed43289b,7/28/2026,2026 7,6815,-1500,تم الطباعة,1ba82d21,صباحي 28-07-26,كاشير 1,f7f8d8a0,محمد عبدالتواب,7/28/2026 11:54:45
7ccfb0db,7/28/2026,2026 7,6816,0,تم الطباعة,1ba82d21,صباحي 28-07-26,كاشير 1,f7f8d8a0,محمد عبدالتواب,7/28/2026 12:01:57
e3e8dd19,7/28/2026,2026 7,6817,100,تم الطباعة,1ba82d21,صباحي 28-07-26,كاشير 1,f7f8d8a0,محمد عبدالتواب,7/28/2026 12:02:55
751d4cb7,7/28/2026,2026 7,6818,-995,تم الطباعة,1ba82d21,صباحي 28-07-26,كاشير 1,f7f8d8a0,محمد عبدالتواب,7/28/2026 12:06:20
d1a81d7b,7/28/2026,2026 7,6819,345,تم الطباعة,1ba82d21,صباحي 28-07-26,كاشير 1,f7f8d8a0,محمد عبدالتواب,7/28/2026 12:08:32
ed8ed0b0,7/28/2026,2026 7,6820,25,تم الطباعة,1ba82d21,صباحي 28-07-26,كاشير 1,f7f8d8a0,محمد عبدالتواب,7/28/2026 12:10:18
8d0981bd,7/28/2026,2026 7,6821,2020,تم الطباعة,1ba82d21,صباحي 28-07-26,كاشير 1,f7f8d8a0,محمد عبدالتواب,7/28/2026 12:11:32
4ffbe59d,7/28/2026,2026 7,6822,-95,تم الطباعة,1ba82d21,صباحي 28-07-26,كاشير 1,f7f8d8a0,محمد عبدالتواب,7/28/2026 12:12:05
2bec7ac1,7/28/2026,2026 7,6823,15,تم الطباعة,1ba82d21,صباحي 28-07-26,كاشير 1,f7f8d8a0,محمد عبدالتواب,7/28/2026 12:17:13
a2d873a4,7/28/2026,2026 7,6824,130,تم الطباعة,1ba82d21,صباحي 28-07-26,كاشير 1,f7f8d8a0,محمد عبدالتواب,7/28/2026 12:17:34
d795942c,7/28/2026,2026 7,6825,-194,تم الطباعة,1ba82d21,صباحي 28-07-26,كاشير 1,f7f8d8a0,محمد عبدالتواب,7/28/2026 12:24:50
3bd41c70,7/28/2026,2026 7,6826,25,تم الطباعة,1ba82d21,صباحي 28-07-26,كاشير 1,f7f8d8a0,محمد عبدالتواب,7/28/2026 12:37:21
82afe366,7/28/2026,2026 7,6827,-300,تم الطباعة,1ba82d21,صباحي 28-07-26,كاشير 1,f7f8d8a0,محمد عبدالتواب,7/28/2026 12:53:15
f72943d7,7/28/2026,2026 7,6828,211,تم الطباعة,1ba82d21,صباحي 28-07-26,كاشير 1,f7f8d8a0,محمد عبدالتواب,7/28/2026 13:06:53
cc16f7fb,7/28/2026,2026 7,6829,5052,تم الطباعة,1ba82d21,صباحي 28-07-26,كاشير 1,f7f8d8a0,محمد عبدالتواب,7/28/2026 13:09:10
7898ef91,7/28/2026,2026 7,6830,512,تم الطباعة,1ba82d21,صباحي 28-07-26,كاشير 1,f7f8d8a0,محمد عبدالتواب,7/28/2026 13:16:16
432fbb9e,7/28/2026,2026 7,6831,545,تم الطباعة,1ba82d21,صباحي 28-07-26,كاشير 1,f7f8d8a0,محمد عبدالتواب,7/28/2026 13:26:05
0434571a,7/28/2026,2026 7,6832,0,تم الطباعة,1ba82d21,صباحي 28-07-26,كاشير 1,f7f8d8a0,محمد عبدالتواب,7/28/2026 13:58:27
6cdd8afa,7/28/2026,2026 7,6833,50,تم الطباعة,83aa2098,صباحي 28-07-26,كاشير 2,e9ad5415,ابانوب ايليا,7/28/2026 14:00:16
21ab9a01,7/28/2026,2026 7,6834,25,تم الطباعة,1ba82d21,صباحي 28-07-26,كاشير 1,f7f8d8a0,محمد عبدالتواب,7/28/2026 14:02:25
303c1aa4,7/28/2026,2026 7,6835,25,تم الطباعة,1ba82d21,صباحي 28-07-26,كاشير 1,f7f8d8a0,محمد عبدالتواب,7/28/2026 14:15:31
cea82307,7/28/2026,2026 7,6836,-985,تم الطباعة,1ba82d21,صباحي 28-07-26,كاشير 1,f7f8d8a0,محمد عبدالتواب,7/28/2026 14:27:24
a0642a07,7/28/2026,2026 7,6837,2020,تم الطباعة,1ba82d21,صباحي 28-07-26,كاشير 1,f7f8d8a0,محمد عبدالتواب,7/28/2026 14:41:05
638a698e,7/28/2026,2026 7,6838,-185,تم الطباعة,1ba82d21,صباحي 28-07-26,كاشير 1,f7f8d8a0,محمد عبدالتواب,7/28/2026 15:09:08
6b0b80a8,7/28/2026,2026 7,6839,1600,تم الطباعة,1ba82d21,صباحي 28-07-26,كاشير 1,f7f8d8a0,محمد عبدالتواب,7/28/2026 15:31:02
09507db0,7/28/2026,2026 7,6840,808,تم الطباعة,1ba82d21,صباحي 28-07-26,كاشير 1,f7f8d8a0,محمد عبدالتواب,7/28/2026 15:31:47
dd85fc76,7/28/2026,2026 7,6841,25,تم الطباعة,83aa2098,صباحي 28-07-26,كاشير 2,e9ad5415,ابانوب ايليا,7/28/2026 15:40:35
86fe2e5c,7/28/2026,2026 7,6842,75,تم الطباعة,1ba82d21,صباحي 28-07-26,كاشير 1,f7f8d8a0,محمد عبدالتواب,7/28/2026 15:45:34
5d94651c,7/28/2026,2026 7,6843,30,تم الطباعة,1ba82d21,صباحي 28-07-26,كاشير 1,f7f8d8a0,محمد عبدالتواب,7/28/2026 15:50:35
a4532d15,7/28/2026,2026 7,6844,25,تم الطباعة,1ba82d21,صباحي 28-07-26,كاشير 1,f7f8d8a0,محمد عبدالتواب,7/28/2026 15:50:53
bd444b97,7/28/2026,2026 7,6845,20,تم الطباعة,1ba82d21,صباحي 28-07-26,كاشير 1,f7f8d8a0,محمد عبدالتواب,7/28/2026 15:54:08
693750cd,7/28/2026,2026 7,6846,8,تم الطباعة,1ba82d21,صباحي 28-07-26,كاشير 1,f7f8d8a0,محمد عبدالتواب,7/28/2026 15:54:21
bfee664c,7/28/2026,2026 7,6847,10,تم الطباعة,1ba82d21,صباحي 28-07-26,كاشير 1,f7f8d8a0,محمد عبدالتواب,7/28/2026 16:17:23
c8f16d10,7/28/2026,2026 7,6848,355,تم الطباعة,1ba82d21,صباحي 28-07-26,كاشير 1,f7f8d8a0,محمد عبدالتواب,7/28/2026 16:42:43
6f3be02a,7/28/2026,2026 7,6849,-790,تم الطباعة,1ba82d21,صباحي 28-07-26,كاشير 1,f7f8d8a0,محمد عبدالتواب,7/28/2026 16:50:21
52cdc1c3,7/28/2026,2026 7,6850,10,تم الطباعة,1ba82d21,صباحي 28-07-26,كاشير 1,f7f8d8a0,محمد عبدالتواب,7/28/2026 16:55:21
06a7762e,7/28/2026,2026 7,6851,30,تم الطباعة,1ba82d21,صباحي 28-07-26,كاشير 1,f7f8d8a0,محمد عبدالتواب,7/28/2026 17:12:01
564147a0,7/28/2026,2026 7,6852,20,تم الطباعة,1ba82d21,صباحي 28-07-26,كاشير 1,f7f8d8a0,محمد عبدالتواب,7/28/2026 17:12:58
b5dc65fb,7/28/2026,2026 7,6853,31,تم الطباعة,1ba82d21,صباحي 28-07-26,كاشير 1,f7f8d8a0,محمد عبدالتواب,7/28/2026 17:15:25
bf666dc6,7/28/2026,2026 7,6854,40,تم الطباعة,83aa2098,صباحي 28-07-26,كاشير 2,e9ad5415,ابانوب ايليا,7/28/2026 17:32:24
669fa320,7/28/2026,2026 7,6855,4,تم الطباعة,a0b4fc1e,مسائي 28-07-26,كاشير 1,e9ad5415,ابانوب ايليا,7/28/2026 17:45:29
e4d3b828,7/28/2026,2026 7,6856,5,تم الطباعة,4f53c3b7,مسائي 28-07-26,كاشير 2,04b9d4de,طارق ماسبيرو,7/28/2026 18:18:26
b421e7dd,7/28/2026,2026 7,6857,5,تم الطباعة,4f53c3b7,مسائي 28-07-26,كاشير 2,04b9d4de,طارق ماسبيرو,7/28/2026 18:20:47
da9049e8,7/28/2026,2026 7,6858,1900,تم الطباعة,a0b4fc1e,مسائي 28-07-26,كاشير 1,e9ad5415,ابانوب ايليا,7/28/2026 18:22:47
643bfcc7,7/28/2026,2026 7,6859,-195,تم الطباعة,a0b4fc1e,مسائي 28-07-26,كاشير 1,e9ad5415,ابانوب ايليا,7/28/2026 18:25:48
9303ebb5,7/28/2026,2026 7,6860,20,تم الطباعة,a0b4fc1e,مسائي 28-07-26,كاشير 1,e9ad5415,ابانوب ايليا,7/28/2026 18:33:00
5c4b1984,7/28/2026,2026 7,6861,10,تم الطباعة,4f53c3b7,مسائي 28-07-26,كاشير 2,04b9d4de,طارق ماسبيرو,7/28/2026 18:40:59
2e36fbba,7/28/2026,2026 7,6862,20,تم الطباعة,4f53c3b7,مسائي 28-07-26,كاشير 2,04b9d4de,طارق ماسبيرو,7/28/2026 18:42:02
722553b7,7/28/2026,2026 7,6863,1730,تم الطباعة,4f53c3b7,مسائي 28-07-26,كاشير 2,04b9d4de,طارق ماسبيرو,7/28/2026 19:04:39
5fe61216,7/28/2026,2026 7,6864,1670,تم الطباعة,4f53c3b7,مسائي 28-07-26,كاشير 2,04b9d4de,طارق ماسبيرو,7/28/2026 19:05:33
0298f98d,7/28/2026,2026 7,6865,3,تم الطباعة,4f53c3b7,مسائي 28-07-26,كاشير 2,04b9d4de,طارق ماسبيرو,7/28/2026 19:09:59
56f02a84,7/28/2026,2026 7,6865,25,تم الطباعة,a0b4fc1e,مسائي 28-07-26,كاشير 1,e9ad5415,ابانوب ايليا,7/28/2026 19:10:05
593e058d,7/28/2026,2026 7,6867,17,تم الطباعة,a0b4fc1e,مسائي 28-07-26,كاشير 1,e9ad5415,ابانوب ايليا,7/28/2026 19:11:05
a460de27,7/28/2026,2026 7,6866,0,تم الطباعة,4f53c3b7,مسائي 28-07-26,كاشير 2,04b9d4de,طارق ماسبيرو,7/28/2026 19:11:16
c3c7d117,7/28/2026,2026 7,6869,50,تم الطباعة,4f53c3b7,مسائي 28-07-26,كاشير 2,04b9d4de,طارق ماسبيرو,7/28/2026 19:12:56
1483b01b,7/28/2026,2026 7,6870,10,تم الطباعة,a0b4fc1e,مسائي 28-07-26,كاشير 1,e9ad5415,ابانوب ايليا,7/28/2026 19:25:53
12ea4b6f,7/28/2026,2026 7,6871,-1700,تم الطباعة,a0b4fc1e,مسائي 28-07-26,كاشير 1,e9ad5415,ابانوب ايليا,7/28/2026 19:28:57
27cd349d,7/28/2026,2026 7,6872,30,تم الطباعة,4f53c3b7,مسائي 28-07-26,كاشير 2,04b9d4de,طارق ماسبيرو,7/28/2026 19:34:53
9a296be5,7/28/2026,2026 7,6873,25,تم الطباعة,a0b4fc1e,مسائي 28-07-26,كاشير 1,e9ad5415,ابانوب ايليا,7/28/2026 19:39:27
11d252a7,7/28/2026,2026 7,6874,105,تم الطباعة,a0b4fc1e,مسائي 28-07-26,كاشير 1,e9ad5415,ابانوب ايليا,7/28/2026 19:55:46
68802694,7/28/2026,2026 7,6875,25,تم الطباعة,a0b4fc1e,مسائي 28-07-26,كاشير 1,e9ad5415,ابانوب ايليا,7/28/2026 20:04:40
ff2b7ae7,7/28/2026,2026 7,6876,10,تم الطباعة,a0b4fc1e,مسائي 28-07-26,كاشير 1,e9ad5415,ابانوب ايليا,7/28/2026 20:16:48
476f41c7,7/28/2026,2026 7,6877,15,تم الطباعة,a0b4fc1e,مسائي 28-07-26,كاشير 1,e9ad5415,ابانوب ايليا,7/28/2026 20:17:01
dfae7a50,7/28/2026,2026 7,6878,194,تم الطباعة,4f53c3b7,مسائي 28-07-26,كاشير 2,04b9d4de,طارق ماسبيرو,7/28/2026 20:20:46
4ddefb7e,7/28/2026,2026 7,6879,205,تم الطباعة,4f53c3b7,مسائي 28-07-26,كاشير 2,04b9d4de,طارق ماسبيرو,7/28/2026 20:21:33
6a680b0f,7/28/2026,2026 7,6880,-985,تم الطباعة,a0b4fc1e,مسائي 28-07-26,كاشير 1,e9ad5415,ابانوب ايليا,7/28/2026 20:25:29
5caa2f76,7/28/2026,2026 7,6881,-45,تم الطباعة,a0b4fc1e,مسائي 28-07-26,كاشير 1,e9ad5415,ابانوب ايليا,7/28/2026 20:26:56
df80d983,7/28/2026,2026 7,6882,25,تم الطباعة,a0b4fc1e,مسائي 28-07-26,كاشير 1,e9ad5415,ابانوب ايليا,7/28/2026 20:28:23
c06c6daa,7/28/2026,2026 7,6883,115,تم الطباعة,4f53c3b7,مسائي 28-07-26,كاشير 2,04b9d4de,طارق ماسبيرو,7/28/2026 20:32:56
45448a3e,7/28/2026,2026 7,6884,15,تم الطباعة,4f53c3b7,مسائي 28-07-26,كاشير 2,04b9d4de,طارق ماسبيرو,7/28/2026 20:37:49
80216223,7/28/2026,2026 7,6885,25,تم الطباعة,4f53c3b7,مسائي 28-07-26,كاشير 2,04b9d4de,طارق ماسبيرو,7/28/2026 20:39:15
2382aa21,7/28/2026,2026 7,6886,-200,تم الطباعة,a0b4fc1e,مسائي 28-07-26,كاشير 1,e9ad5415,ابانوب ايليا,7/28/2026 20:45:04
21a304d8,7/28/2026,2026 7,6887,5,تم الطباعة,4f53c3b7,مسائي 28-07-26,كاشير 2,04b9d4de,طارق ماسبيرو,7/28/2026 20:47:44
1058f160,7/28/2026,2026 7,6888,50,تم الطباعة,4f53c3b7,مسائي 28-07-26,كاشير 2,04b9d4de,طارق ماسبيرو,7/28/2026 20:51:02
74fa5a57,7/28/2026,2026 7,6889,-75,تم الطباعة,4f53c3b7,مسائي 28-07-26,كاشير 2,04b9d4de,طارق ماسبيرو,7/28/2026 20:53:18
5e0c3c3e,7/28/2026,2026 7,6890,145,تم الطباعة,4f53c3b7,مسائي 28-07-26,كاشير 2,04b9d4de,طارق ماسبيرو,7/28/2026 21:00:27
75f2a101,7/28/2026,2026 7,6890,205,تم الطباعة,e159abe7,مسائي 28-07-26,كاشير 1,0154dfaa,أ/ احمد زرزور,7/28/2026 21:01:01
58c7c82b,7/28/2026,2026 7,6892,40,تم الطباعة,e159abe7,مسائي 28-07-26,كاشير 1,0154dfaa,أ/ احمد زرزور,7/28/2026 21:04:52
4ae6d28c,7/28/2026,2026 7,6891,30,تم الطباعة,4f53c3b7,مسائي 28-07-26,كاشير 2,04b9d4de,طارق ماسبيرو,7/28/2026 21:05:08
2031ef19,7/28/2026,2026 7,6894,-125,تم الطباعة,e159abe7,مسائي 28-07-26,كاشير 1,0154dfaa,أ/ احمد زرزور,7/28/2026 21:08:42
af63999c,7/28/2026,2026 7,6895,-6000,تم الطباعة,e159abe7,مسائي 28-07-26,كاشير 1,0154dfaa,أ/ احمد زرزور,7/28/2026 21:15:17
8da82a2f,7/28/2026,2026 7,6896,210,تم الطباعة,e159abe7,مسائي 28-07-26,كاشير 1,0154dfaa,أ/ احمد زرزور,7/28/2026 21:19:46
3b1ea158,7/28/2026,2026 7,6897,35,تم الطباعة,e159abe7,مسائي 28-07-26,كاشير 1,0154dfaa,أ/ احمد زرزور,7/28/2026 21:20:47
52f8696b,7/28/2026,2026 7,6898,105,تم الطباعة,e159abe7,مسائي 28-07-26,كاشير 1,0154dfaa,أ/ احمد زرزور,7/28/2026 21:25:26
ba98b730,7/28/2026,2026 7,6899,505,تم الطباعة,e159abe7,مسائي 28-07-26,كاشير 1,0154dfaa,أ/ احمد زرزور,7/28/2026 21:29:31
3775bb43,7/28/2026,2026 7,6900,-1000,تم الطباعة,e159abe7,مسائي 28-07-26,كاشير 1,0154dfaa,أ/ احمد زرزور,7/28/2026 21:34:00
516dda03,7/28/2026,2026 7,6901,0,تم الطباعة,e159abe7,مسائي 28-07-26,كاشير 1,0154dfaa,أ/ احمد زرزور,7/28/2026 21:46:55
4be5723f,7/28/2026,2026 7,6902,25,تم الطباعة,e159abe7,مسائي 28-07-26,كاشير 1,0154dfaa,أ/ احمد زرزور,7/28/2026 21:47:58
7d22fd27,7/28/2026,2026 7,6903,15,تم الطباعة,e159abe7,مسائي 28-07-26,كاشير 1,0154dfaa,أ/ احمد زرزور,7/28/2026 21:55:43
57fdedca,7/28/2026,2026 7,6904,860,تم الطباعة,e159abe7,مسائي 28-07-26,كاشير 1,0154dfaa,أ/ احمد زرزور,7/28/2026 22:00:12
77d7ad33,7/28/2026,2026 7,6905,-280,تم الطباعة,e159abe7,مسائي 28-07-26,كاشير 1,0154dfaa,أ/ احمد زرزور,7/28/2026 22:08:44
06b2eace,7/28/2026,2026 7,6906,2125,تم الطباعة,e159abe7,مسائي 28-07-26,كاشير 1,0154dfaa,أ/ احمد زرزور,7/28/2026 22:13:55
9aeeb602,7/28/2026,2026 7,6907,-4850,تم الطباعة,e159abe7,مسائي 28-07-26,كاشير 1,0154dfaa,أ/ احمد زرزور,7/28/2026 22:15:31
c666af34,7/28/2026,2026 7,6908,1927,تم الطباعة,e159abe7,مسائي 28-07-26,كاشير 1,0154dfaa,أ/ احمد زرزور,7/28/2026 22:27:03
ab98a174,7/28/2026,2026 7,6909,3,تم الطباعة,e159abe7,مسائي 28-07-26,كاشير 1,0154dfaa,أ/ احمد زرزور,7/28/2026 22:37:00
857c0089,7/28/2026,2026 7,6910,466,تم الطباعة,e159abe7,مسائي 28-07-26,كاشير 1,0154dfaa,أ/ احمد زرزور,7/28/2026 22:47:06
df96744d,7/28/2026,2026 7,6911,270,تم الطباعة,e159abe7,مسائي 28-07-26,كاشير 1,0154dfaa,أ/ احمد زرزور,7/28/2026 22:58:28
23f8cc77,7/28/2026,2026 7,6912,5,تم الطباعة,e159abe7,مسائي 28-07-26,كاشير 1,0154dfaa,أ/ احمد زرزور,7/28/2026 23:00:47
98484cf5,7/28/2026,2026 7,6913,2020,تم الطباعة,e159abe7,مسائي 28-07-26,كاشير 1,0154dfaa,أ/ احمد زرزور,7/28/2026 23:03:39
334d3110,7/28/2026,2026 7,6914,-175,تم الطباعة,e159abe7,مسائي 28-07-26,كاشير 1,0154dfaa,أ/ احمد زرزور,7/28/2026 23:16:24
038286b4,7/28/2026,2026 7,6915,15150,تم الطباعة,e159abe7,مسائي 28-07-26,كاشير 1,0154dfaa,أ/ احمد زرزور,7/28/2026 23:18:32
69c48569,7/28/2026,2026 7,6916,0,تم الطباعة,e159abe7,مسائي 28-07-26,كاشير 1,0154dfaa,أ/ احمد زرزور,7/28/2026 23:19:19
28accfe4,7/28/2026,2026 7,6902,812,تم الطباعة,4f53c3b7,مسائي 28-07-26,كاشير 2,04b9d4de,طارق ماسبيرو,7/28/2026 23:18:28
ee6659fe,7/28/2026,2026 7,6917,812,تم الطباعة,4f53c3b7,مسائي 28-07-26,كاشير 2,04b9d4de,طارق ماسبيرو,7/28/2026 23:21:51
e7f53001,7/28/2026,2026 7,6919,70,تم الطباعة,e159abe7,مسائي 28-07-26,كاشير 1,0154dfaa,أ/ احمد زرزور,7/28/2026 23:25:11
9cef3103,7/28/2026,2026 7,6920,4045,تم الطباعة,e159abe7,مسائي 28-07-26,كاشير 1,0154dfaa,أ/ احمد زرزور,7/28/2026 23:36:20
51e6964c,7/28/2026,2026 7,6921,255,تم الطباعة,e159abe7,مسائي 28-07-26,كاشير 1,0154dfaa,أ/ احمد زرزور,7/28/2026 23:41:24
780e76e0,7/28/2026,2026 7,6922,30,تم الطباعة,4f53c3b7,مسائي 28-07-26,كاشير 2,04b9d4de,طارق ماسبيرو,7/28/2026 23:45:33
12667aaa,7/28/2026,2026 7,6922,0,تم الطباعة,e159abe7,مسائي 28-07-26,كاشير 1,0154dfaa,أ/ احمد زرزور,7/28/2026 23:45:56
9468cb9d,7/28/2026,2026 7,6924,-390,تم الطباعة,e159abe7,مسائي 28-07-26,كاشير 1,0154dfaa,أ/ احمد زرزور,7/28/2026 23:56:18
1d72c615,7/29/2026,2026 7,6925,10,تم الطباعة,4f53c3b7,مسائي 28-07-26,كاشير 2,04b9d4de,طارق ماسبيرو,7/29/2026 0:22:22
fcdfb666,7/29/2026,2026 7,6926,5,تم الطباعة,4f53c3b7,مسائي 28-07-26,كاشير 2,04b9d4de,طارق ماسبيرو,7/29/2026 0:27:24
9990d8ca,7/29/2026,2026 7,6927,505,تم الطباعة,4f53c3b7,مسائي 28-07-26,كاشير 2,04b9d4de,طارق ماسبيرو,7/29/2026 0:52:44
68272638,7/29/2026,2026 7,6928,95,تم الطباعة,e159abe7,مسائي 28-07-26,كاشير 1,0154dfaa,أ/ احمد زرزور,7/29/2026 0:56:45
04ba9e90,7/29/2026,2026 7,6929,73,تم الطباعة,e159abe7,مسائي 28-07-26,كاشير 1,0154dfaa,أ/ احمد زرزور,7/29/2026 1:13:19
51edb3b7,7/29/2026,2026 7,6930,-90,تم الطباعة,e159abe7,مسائي 28-07-26,كاشير 1,0154dfaa,أ/ احمد زرزور,7/29/2026 1:13:34
ea5b0704,7/29/2026,2026 7,6931,95,تم الطباعة,4f53c3b7,مسائي 28-07-26,كاشير 2,04b9d4de,طارق ماسبيرو,7/29/2026 1:26:23
5a675941,7/29/2026,2026 7,6931,-570,تم الطباعة,e159abe7,مسائي 28-07-26,كاشير 1,0154dfaa,أ/ احمد زرزور,7/29/2026 1:26:55
53aea268,7/29/2026,2026 7,6933,0,تم الطباعة,e159abe7,مسائي 28-07-26,كاشير 1,0154dfaa,أ/ احمد زرزور,7/29/2026 1:29:12
d43994ef,7/29/2026,2026 7,6934,60,تم الطباعة,4f53c3b7,مسائي 28-07-26,كاشير 2,04b9d4de,طارق ماسبيرو,7/29/2026 1:31:00
1bc7a688,7/29/2026,2026 7,6935,44,تم الطباعة,4f53c3b7,مسائي 28-07-26,كاشير 2,04b9d4de,طارق ماسبيرو,7/29/2026 1:38:34
db4807a6,7/29/2026,2026 7,6936,-160,تم الطباعة,e159abe7,مسائي 28-07-26,كاشير 1,0154dfaa,أ/ احمد زرزور,7/29/2026 1:44:39
0b7c5c5c,7/29/2026,2026 7,6937,150,تم الطباعة,4f53c3b7,مسائي 28-07-26,كاشير 2,04b9d4de,طارق ماسبيرو,7/29/2026 1:47:39
de5185fb,7/29/2026,2026 7,6938,100,تم الطباعة,4f53c3b7,مسائي 28-07-26,كاشير 2,04b9d4de,طارق ماسبيرو,7/29/2026 1:49:35
51ec57ab,7/29/2026,2026 7,6939,100,تم الطباعة,4f53c3b7,مسائي 28-07-26,كاشير 2,04b9d4de,طارق ماسبيرو,7/29/2026 1:50:22
5749c266,7/29/2026,2026 7,6940,5,تم الطباعة,4f53c3b7,مسائي 28-07-26,كاشير 2,04b9d4de,طارق ماسبيرو,7/29/2026 1:51:31
2a960651,7/29/2026,2026 7,6941,-619,تم الطباعة,e159abe7,مسائي 28-07-26,كاشير 1,0154dfaa,أ/ احمد زرزور,7/29/2026 2:10:38
88b68a54,7/29/2026,2026 7,6942,812,تم الطباعة,8655d4c7,صباحي 29-07-26,كاشير 1,f7f8d8a0,محمد عبدالتواب,7/29/2026 8:26:11
debc27c2,7/29/2026,2026 7,6943,600,تم الطباعة,8655d4c7,صباحي 29-07-26,كاشير 1,f7f8d8a0,محمد عبدالتواب,7/29/2026 9:20:29
1c2a58a5,7/29/2026,2026 7,6944,100,تم الطباعة,8655d4c7,صباحي 29-07-26,كاشير 1,f7f8d8a0,محمد عبدالتواب,7/29/2026 9:31:59
acc69d21,7/29/2026,2026 7,6945,30,تم الطباعة,8655d4c7,صباحي 29-07-26,كاشير 1,f7f8d8a0,محمد عبدالتواب,7/29/2026 9:47:34
36f8f074,7/29/2026,2026 7,6946,10,تم الطباعة,8655d4c7,صباحي 29-07-26,كاشير 1,f7f8d8a0,محمد عبدالتواب,7/29/2026 9:51:36
8a6773c3,7/29/2026,2026 7,6947,400,تم الطباعة,8655d4c7,صباحي 29-07-26,كاشير 1,f7f8d8a0,محمد عبدالتواب,7/29/2026 9:52:08
398790ca,7/29/2026,2026 7,6948,5,تم الطباعة,,,,0154dfaa,أ/ احمد زرزور,7/29/2026 10:09:13
9c3f39b0,7/29/2026,2026 7,6949,950,تم الطباعة,,,,0154dfaa,أ/ احمد زرزور,7/29/2026 10:27:17
943466c5,7/29/2026,2026 7,6950,22,تم الطباعة,8655d4c7,صباحي 29-07-26,كاشير 1,f7f8d8a0,محمد عبدالتواب,7/29/2026 10:29:33
40e9aeb3,7/29/2026,2026 7,6951,-1200,تم الطباعة,8655d4c7,صباحي 29-07-26,كاشير 1,f7f8d8a0,محمد عبدالتواب,7/29/2026 11:27:53
4441a8ae,7/29/2026,2026 7,6952,405,تم الطباعة,8655d4c7,صباحي 29-07-26,كاشير 1,f7f8d8a0,محمد عبدالتواب,7/29/2026 11:38:12
d9584fbf,7/29/2026,2026 7,6953,45,تم الطباعة,8655d4c7,صباحي 29-07-26,كاشير 1,f7f8d8a0,محمد عبدالتواب,7/29/2026 11:41:13
aee327a6,7/29/2026,2026 7,6954,-1500,تم الطباعة,8655d4c7,صباحي 29-07-26,كاشير 1,f7f8d8a0,محمد عبدالتواب,7/29/2026 11:51:12
27a6d6f6,7/29/2026,2026 7,6955,505,تم الطباعة,8655d4c7,صباحي 29-07-26,كاشير 1,f7f8d8a0,محمد عبدالتواب,7/29/2026 11:53:51
70e3f013,7/29/2026,2026 7,6956,1515,تم الطباعة,8655d4c7,صباحي 29-07-26,كاشير 1,f7f8d8a0,محمد عبدالتواب,7/29/2026 11:56:26
9809508f,7/29/2026,2026 7,6957,20,تم الطباعة,0b2189c2,صباحي 29-07-26,كاشير 2,e9ad5415,ابانوب ايليا,7/29/2026 12:04:42
234035f6,7/29/2026,2026 7,6958,10,تم الطباعة,0b2189c2,صباحي 29-07-26,كاشير 2,e9ad5415,ابانوب ايليا,7/29/2026 12:17:03
1b4faf39,7/29/2026,2026 7,6959,1427,تم الطباعة,8655d4c7,صباحي 29-07-26,كاشير 1,f7f8d8a0,محمد عبدالتواب,7/29/2026 12:20:29
d5c728b0,7/29/2026,2026 7,6960,100,تم الطباعة,8655d4c7,صباحي 29-07-26,كاشير 1,f7f8d8a0,محمد عبدالتواب,7/29/2026 12:22:11
c91ff9e1,7/29/2026,2026 7,6961,35,تم الطباعة,8655d4c7,صباحي 29-07-26,كاشير 1,f7f8d8a0,محمد عبدالتواب,7/29/2026 12:48:16
c1800518,7/29/2026,2026 7,6962,25,تم الطباعة,8655d4c7,صباحي 29-07-26,كاشير 1,f7f8d8a0,محمد عبدالتواب,7/29/2026 12:55:53
d95d7da5,7/29/2026,2026 7,6963,25,تم الطباعة,0b2189c2,صباحي 29-07-26,كاشير 2,e9ad5415,ابانوب ايليا,7/29/2026 13:04:45
f075ecbf,7/29/2026,2026 7,6964,10,تم الطباعة,0b2189c2,صباحي 29-07-26,كاشير 2,e9ad5415,ابانوب ايليا,7/29/2026 13:27:25
42019fb9,7/29/2026,2026 7,6965,25,تم الطباعة,0b2189c2,صباحي 29-07-26,كاشير 2,e9ad5415,ابانوب ايليا,7/29/2026 13:31:37
92a8ac49,7/29/2026,2026 7,6966,300,تم الطباعة,8655d4c7,صباحي 29-07-26,كاشير 1,f7f8d8a0,محمد عبدالتواب,7/29/2026 13:32:16
9385e0e4,7/29/2026,2026 7,6967,25,تم الطباعة,0b2189c2,صباحي 29-07-26,كاشير 2,e9ad5415,ابانوب ايليا,7/29/2026 14:15:28
bbd5162e,7/29/2026,2026 7,6968,4545,تم الطباعة,8655d4c7,صباحي 29-07-26,كاشير 1,f7f8d8a0,محمد عبدالتواب,7/29/2026 14:18:39
5ab6d623,7/29/2026,2026 7,6969,28,تم الطباعة,0b2189c2,صباحي 29-07-26,كاشير 2,e9ad5415,ابانوب ايليا,7/29/2026 14:41:24
bfff58d2,7/29/2026,2026 7,6970,-400,تم الطباعة,8655d4c7,صباحي 29-07-26,كاشير 1,f7f8d8a0,محمد عبدالتواب,7/29/2026 14:50:54
3fd5e180,7/29/2026,2026 7,6971,-500,تم الطباعة,8655d4c7,صباحي 29-07-26,كاشير 1,f7f8d8a0,محمد عبدالتواب,7/29/2026 14:51:31
b4a429db,7/29/2026,2026 7,6972,10,تم الطباعة,0b2189c2,صباحي 29-07-26,كاشير 2,e9ad5415,ابانوب ايليا,7/29/2026 14:55:22
6a0342c5,7/29/2026,2026 7,6973,-14825,تم الطباعة,8655d4c7,صباحي 29-07-26,كاشير 1,f7f8d8a0,محمد عبدالتواب,7/29/2026 14:57:04
07cc964c,7/29/2026,2026 7,6974,-1575,تم الطباعة,8655d4c7,صباحي 29-07-26,كاشير 1,f7f8d8a0,محمد عبدالتواب,7/29/2026 14:58:58
2cb16eae,7/29/2026,2026 7,6975,-555,تم الطباعة,8655d4c7,صباحي 29-07-26,كاشير 1,f7f8d8a0,محمد عبدالتواب,7/29/2026 14:59:48
96a3ac33,7/29/2026,2026 7,6976,-1980,تم الطباعة,8655d4c7,صباحي 29-07-26,كاشير 1,f7f8d8a0,محمد عبدالتواب,7/29/2026 15:34:16
c1252f26,7/29/2026,2026 7,6977,5,تم الطباعة,8655d4c7,صباحي 29-07-26,كاشير 1,f7f8d8a0,محمد عبدالتواب,7/29/2026 15:38:18
13d425cc,7/29/2026,2026 7,6978,30,تم الطباعة,8655d4c7,صباحي 29-07-26,كاشير 1,f7f8d8a0,محمد عبدالتواب,7/29/2026 15:38:29
c4573aa8,7/29/2026,2026 7,6979,40,تم الطباعة,8655d4c7,صباحي 29-07-26,كاشير 1,f7f8d8a0,محمد عبدالتواب,7/29/2026 15:38:54
70bcc3ce,7/29/2026,2026 7,6980,10,تم الطباعة,8655d4c7,صباحي 29-07-26,كاشير 1,f7f8d8a0,محمد عبدالتواب,7/29/2026 15:39:16
a405b9e0,7/29/2026,2026 7,6981,25,تم الطباعة,8655d4c7,صباحي 29-07-26,كاشير 1,f7f8d8a0,محمد عبدالتواب,7/29/2026 15:39:27
311afd1d,7/29/2026,2026 7,6982,25,تم الطباعة,8655d4c7,صباحي 29-07-26,كاشير 1,f7f8d8a0,محمد عبدالتواب,7/29/2026 15:39:54
dfd381fd,7/29/2026,2026 7,6983,-3744,تم الطباعة,8655d4c7,صباحي 29-07-26,كاشير 1,f7f8d8a0,محمد عبدالتواب,7/29/2026 15:42:56
fa95dfcc,7/29/2026,2026 7,6984,65,تم الطباعة,8655d4c7,صباحي 29-07-26,كاشير 1,f7f8d8a0,محمد عبدالتواب,7/29/2026 15:45:55
dd8b9e54,7/29/2026,2026 7,6985,1465,تم الطباعة,8655d4c7,صباحي 29-07-26,كاشير 1,f7f8d8a0,محمد عبدالتواب,7/29/2026 16:09:27
6fc72640,7/29/2026,2026 7,6986,-3960,تم الطباعة,8655d4c7,صباحي 29-07-26,كاشير 1,f7f8d8a0,محمد عبدالتواب,7/29/2026 16:20:40
95226436,7/29/2026,2026 7,6987,30,تم الطباعة,8655d4c7,صباحي 29-07-26,كاشير 1,f7f8d8a0,محمد عبدالتواب,7/29/2026 16:21:20
c78cd83c,7/29/2026,2026 7,6988,30,تم الطباعة,8655d4c7,صباحي 29-07-26,كاشير 1,f7f8d8a0,محمد عبدالتواب,7/29/2026 16:28:33
622f1fa4,7/29/2026,2026 7,6989,120,تم الطباعة,8655d4c7,صباحي 29-07-26,كاشير 1,f7f8d8a0,محمد عبدالتواب,7/29/2026 16:28:51
a26a43de,7/29/2026,2026 7,6990,2,تم الطباعة,0b2189c2,صباحي 29-07-26,كاشير 2,e9ad5415,ابانوب ايليا,7/29/2026 17:10:00
c1fda678,7/29/2026,2026 7,6991,0,تم الطباعة,0b2189c2,صباحي 29-07-26,كاشير 2,e9ad5415,ابانوب ايليا,7/29/2026 17:18:19
6483279b,7/29/2026,2026 7,6992,15,تم الطباعة,0b2189c2,صباحي 29-07-26,كاشير 2,e9ad5415,ابانوب ايليا,7/29/2026 17:20:19
45465112,7/29/2026,2026 7,6993,30,تم الطباعة,0b2189c2,صباحي 29-07-26,كاشير 2,e9ad5415,ابانوب ايليا,7/29/2026 17:21:38
f6ca1310,7/29/2026,2026 7,6994,5,تم الطباعة,08003f42,مسائي 29-07-26,كاشير 2,04b9d4de,طارق ماسبيرو,7/29/2026 17:39:15
75ba2266,7/29/2026,2026 7,6995,-295,تم الطباعة,cf5eddbc,مسائي 29-07-26,كاشير 1,e9ad5415,ابانوب ايليا,7/29/2026 17:58:51
a5fa31a3,7/29/2026,2026 7,6996,10,تم الطباعة,cf5eddbc,مسائي 29-07-26,كاشير 1,e9ad5415,ابانوب ايليا,7/29/2026 18:06:22
2f28fbea,7/29/2026,2026 7,6997,-590,تم الطباعة,cf5eddbc,مسائي 29-07-26,كاشير 1,e9ad5415,ابانوب ايليا,7/29/2026 18:17:07
e6eed34c,7/29/2026,2026 7,6998,-395,تم الطباعة,cf5eddbc,مسائي 29-07-26,كاشير 1,e9ad5415,ابانوب ايليا,7/29/2026 19:12:34
e7175d3c,7/29/2026,2026 7,6999,10,تم الطباعة,cf5eddbc,مسائي 29-07-26,كاشير 1,e9ad5415,ابانوب ايليا,7/29/2026 19:21:32
ca7195a1,7/29/2026,2026 7,7000,5,تم الطباعة,08003f42,مسائي 29-07-26,كاشير 2,04b9d4de,طارق ماسبيرو,7/29/2026 19:36:17
dabba777,7/29/2026,2026 7,7001,50,تم الطباعة,08003f42,مسائي 29-07-26,كاشير 2,04b9d4de,طارق ماسبيرو,7/29/2026 19:36:35
a236749c,7/29/2026,2026 7,7002,-100,تم الطباعة,cf5eddbc,مسائي 29-07-26,كاشير 1,e9ad5415,ابانوب ايليا,7/29/2026 19:47:26
8c249d69,7/29/2026,2026 7,7003,20,تم الطباعة,cf5eddbc,مسائي 29-07-26,كاشير 1,e9ad5415,ابانوب ايليا,7/29/2026 19:59:06
285cbf5f,7/29/2026,2026 7,7004,15,تم الطباعة,08003f42,مسائي 29-07-26,كاشير 2,04b9d4de,طارق ماسبيرو,7/29/2026 20:00:13
97db16e5,7/29/2026,2026 7,7005,10,تم الطباعة,08003f42,مسائي 29-07-26,كاشير 2,04b9d4de,طارق ماسبيرو,7/29/2026 20:02:06
52b8fb46,7/29/2026,2026 7,7006,-300,تم الطباعة,cf5eddbc,مسائي 29-07-26,كاشير 1,e9ad5415,ابانوب ايليا,7/29/2026 20:08:32
c8786659,7/29/2026,2026 7,7007,-985,تم الطباعة,cf5eddbc,مسائي 29-07-26,كاشير 1,e9ad5415,ابانوب ايليا,7/29/2026 20:09:46
f99b2b83,7/29/2026,2026 7,7008,190,تم الطباعة,cf5eddbc,مسائي 29-07-26,كاشير 1,e9ad5415,ابانوب ايليا,7/29/2026 20:10:20
f2c67a8a,7/29/2026,2026 7,7009,6,تم الطباعة,cf5eddbc,مسائي 29-07-26,كاشير 1,e9ad5415,ابانوب ايليا,7/29/2026 20:15:21
84a13c1e,7/29/2026,2026 7,7010,-3150,تم الطباعة,cf5eddbc,مسائي 29-07-26,كاشير 1,e9ad5415,ابانوب ايليا,7/29/2026 20:20:37
67175db1,7/29/2026,2026 7,7011,-1000,تم الطباعة,cf5eddbc,مسائي 29-07-26,كاشير 1,e9ad5415,ابانوب ايليا,7/29/2026 20:22:10
958b0b69,7/29/2026,2026 7,7012,160,تم الطباعة,cf5eddbc,مسائي 29-07-26,كاشير 1,e9ad5415,ابانوب ايليا,7/29/2026 20:27:02
b1629003,7/29/2026,2026 7,7013,80,تم الطباعة,08003f42,مسائي 29-07-26,كاشير 2,04b9d4de,طارق ماسبيرو,7/29/2026 20:27:41
9c55a34a,7/29/2026,2026 7,7014,0,تم الطباعة,cf5eddbc,مسائي 29-07-26,كاشير 1,e9ad5415,ابانوب ايليا,7/29/2026 20:30:36
1319d656,7/29/2026,2026 7,7015,600,تم الطباعة,cf5eddbc,مسائي 29-07-26,كاشير 1,e9ad5415,ابانوب ايليا,7/29/2026 20:33:02
f203f708,7/29/2026,2026 7,7016,50,تم الطباعة,cf5eddbc,مسائي 29-07-26,كاشير 1,e9ad5415,ابانوب ايليا,7/29/2026 20:37:28
ccf8b269,7/29/2026,2026 7,7017,50,تم الطباعة,cf5eddbc,مسائي 29-07-26,كاشير 1,e9ad5415,ابانوب ايليا,7/29/2026 20:38:08
af4be90d,7/29/2026,2026 7,7018,-1000,تم الطباعة,cf5eddbc,مسائي 29-07-26,كاشير 1,e9ad5415,ابانوب ايليا,7/29/2026 20:39:23
f785ea48,7/29/2026,2026 7,7019,1000,تم الطباعة,cf5eddbc,مسائي 29-07-26,كاشير 1,e9ad5415,ابانوب ايليا,7/29/2026 20:41:50
08aa01a2,7/29/2026,2026 7,7020,-195,تم الطباعة,cf5eddbc,مسائي 29-07-26,كاشير 1,e9ad5415,ابانوب ايليا,7/29/2026 20:45:45
3bb74cea,7/29/2026,2026 7,7021,610,تم الطباعة,cf5eddbc,مسائي 29-07-26,كاشير 1,e9ad5415,ابانوب ايليا,7/29/2026 20:47:57
a27f323c,7/29/2026,2026 7,7022,3,تم الطباعة,cf5eddbc,مسائي 29-07-26,كاشير 1,e9ad5415,ابانوب ايليا,7/29/2026 20:49:52
7341cc1c,7/29/2026,2026 7,7023,-53,تم الطباعة,08003f42,مسائي 29-07-26,كاشير 2,04b9d4de,طارق ماسبيرو,7/29/2026 20:53:51
a1875d79,7/29/2026,2026 7,7024,-3,تم الطباعة,cf5eddbc,مسائي 29-07-26,كاشير 1,e9ad5415,ابانوب ايليا,7/29/2026 20:55:48
c880e448,7/29/2026,2026 7,7025,30,تم الطباعة,08003f42,مسائي 29-07-26,كاشير 2,04b9d4de,طارق ماسبيرو,7/29/2026 20:57:03
7b1c2e5b,7/29/2026,2026 7,7025,50,تم الطباعة,cf5eddbc,مسائي 29-07-26,كاشير 1,e9ad5415,ابانوب ايليا,7/29/2026 20:57:18
6f41eefd,7/29/2026,2026 7,7027,200,تم الطباعة,cf5eddbc,مسائي 29-07-26,كاشير 1,e9ad5415,ابانوب ايليا,7/29/2026 20:58:26
cde94f16,7/29/2026,2026 7,7028,30,تم الطباعة,ebba3235,مسائي 29-07-26,كاشير 1,0154dfaa,أ/ احمد زرزور,7/29/2026 21:05:43
7e71068f,7/29/2026,2026 7,7027,15,تم الطباعة,08003f42,مسائي 29-07-26,كاشير 2,04b9d4de,طارق ماسبيرو,7/29/2026 21:01:01
615451b8,7/29/2026,2026 7,7029,0,تم الطباعة,ebba3235,مسائي 29-07-26,كاشير 1,0154dfaa,أ/ احمد زرزور,7/29/2026 21:07:41
091df086,7/29/2026,2026 7,7031,3,تم الطباعة,08003f42,مسائي 29-07-26,كاشير 2,04b9d4de,طارق ماسبيرو,7/29/2026 21:09:43
a81ff4dd,7/29/2026,2026 7,7032,-1970,تم الطباعة,ebba3235,مسائي 29-07-26,كاشير 1,0154dfaa,أ/ احمد زرزور,7/29/2026 21:12:16
a7a15f3c,7/29/2026,2026 7,7033,30,تم الطباعة,08003f42,مسائي 29-07-26,كاشير 2,04b9d4de,طارق ماسبيرو,7/29/2026 21:16:08
6fbc5749,7/29/2026,2026 7,7034,15,تم الطباعة,08003f42,مسائي 29-07-26,كاشير 2,04b9d4de,طارق ماسبيرو,7/29/2026 21:17:53
9a4591e3,7/29/2026,2026 7,7035,862,تم الطباعة,08003f42,مسائي 29-07-26,كاشير 2,04b9d4de,طارق ماسبيرو,7/29/2026 21:21:39
fbb9c9b3,7/29/2026,2026 7,7036,460,تم الطباعة,ebba3235,مسائي 29-07-26,كاشير 1,0154dfaa,أ/ احمد زرزور,7/29/2026 21:42:28
4007daa3,7/29/2026,2026 7,7037,190,تم الطباعة,,,,0154dfaa,أ/ احمد زرزور,7/29/2026 21:43:24
51c2f2d8,7/29/2026,2026 7,7038,430,تم الطباعة,08003f42,مسائي 29-07-26,كاشير 2,04b9d4de,طارق ماسبيرو,7/29/2026 21:46:42
ff99d287,7/29/2026,2026 7,7037,30,تم الطباعة,08003f42,مسائي 29-07-26,كاشير 2,04b9d4de,طارق ماسبيرو,7/29/2026 21:35:25
6d65584b,7/29/2026,2026 7,7039,20,تم الطباعة,08003f42,مسائي 29-07-26,كاشير 2,04b9d4de,طارق ماسبيرو,7/29/2026 21:47:14
b85518f8,7/29/2026,2026 7,7041,10,تم الطباعة,08003f42,مسائي 29-07-26,كاشير 2,04b9d4de,طارق ماسبيرو,7/29/2026 21:52:43
37d1f63e,7/29/2026,2026 7,7042,67,تم الطباعة,98459f57,مسائي 29-07-26,كاشير 1,0154dfaa,أ/ احمد زرزور,7/29/2026 22:02:44
f03f8f60,7/29/2026,2026 7,7043,30,تم الطباعة,08003f42,مسائي 29-07-26,كاشير 2,04b9d4de,طارق ماسبيرو,7/29/2026 22:06:31
85db462a,7/29/2026,2026 7,7044,330,تم الطباعة,98459f57,مسائي 29-07-26,كاشير 1,0154dfaa,أ/ احمد زرزور,7/29/2026 22:08:30
d9d4f3ca,7/29/2026,2026 7,7045,-2600,تم الطباعة,98459f57,مسائي 29-07-26,كاشير 1,0154dfaa,أ/ احمد زرزور,7/29/2026 22:13:14
8c6e8571,7/29/2026,2026 7,7046,20,تم الطباعة,98459f57,مسائي 29-07-26,كاشير 1,0154dfaa,أ/ احمد زرزور,7/29/2026 22:26:43
9d64f7cc,7/29/2026,2026 7,7047,10,تم الطباعة,98459f57,مسائي 29-07-26,كاشير 1,0154dfaa,أ/ احمد زرزور,7/29/2026 22:33:27
34ae382e,7/29/2026,2026 7,7048,170,تم الطباعة,98459f57,مسائي 29-07-26,كاشير 1,0154dfaa,أ/ احمد زرزور,7/29/2026 22:41:18
f9b16022,7/29/2026,2026 7,7049,2,تم الطباعة,08003f42,مسائي 29-07-26,كاشير 2,04b9d4de,طارق ماسبيرو,7/29/2026 22:43:04
c56c258e,7/29/2026,2026 7,7050,840,تم الطباعة,08003f42,مسائي 29-07-26,كاشير 2,04b9d4de,طارق ماسبيرو,7/29/2026 22:46:54
3018cc44,7/29/2026,2026 7,7051,10,تم الطباعة,08003f42,مسائي 29-07-26,كاشير 2,04b9d4de,طارق ماسبيرو,7/29/2026 22:47:57
047d19ad,7/29/2026,2026 7,7052,20,تم الطباعة,08003f42,مسائي 29-07-26,كاشير 2,04b9d4de,طارق ماسبيرو,7/29/2026 22:48:26
4e35aa70,7/29/2026,2026 7,7053,2,تم الطباعة,08003f42,مسائي 29-07-26,كاشير 2,04b9d4de,طارق ماسبيرو,7/29/2026 22:49:17
0f93edfa,7/29/2026,2026 7,7053,30,تم الطباعة,98459f57,مسائي 29-07-26,كاشير 1,0154dfaa,أ/ احمد زرزور,7/29/2026 22:49:28
ae4b1bcf,7/29/2026,2026 7,7055,-2400,تم الطباعة,98459f57,مسائي 29-07-26,كاشير 1,0154dfaa,أ/ احمد زرزور,7/29/2026 22:53:03
eb96f9b2,7/29/2026,2026 7,7056,-60,تم الطباعة,98459f57,مسائي 29-07-26,كاشير 1,0154dfaa,أ/ احمد زرزور,7/29/2026 23:01:29
3fbba49e,7/29/2026,2026 7,7057,25,تم الطباعة,08003f42,مسائي 29-07-26,كاشير 2,04b9d4de,طارق ماسبيرو,7/29/2026 23:02:48
93d21b86,7/29/2026,2026 7,7058,15,تم الطباعة,08003f42,مسائي 29-07-26,كاشير 2,04b9d4de,طارق ماسبيرو,7/29/2026 23:07:29
85d7315f,7/29/2026,2026 7,7059,2050,تم الطباعة,98459f57,مسائي 29-07-26,كاشير 1,0154dfaa,أ/ احمد زرزور,7/29/2026 23:11:10
bc5859f5,7/29/2026,2026 7,7060,30,تم الطباعة,08003f42,مسائي 29-07-26,كاشير 2,04b9d4de,طارق ماسبيرو,7/29/2026 23:12:06
2b276772,7/29/2026,2026 7,7061,5,تم الطباعة,98459f57,مسائي 29-07-26,كاشير 1,0154dfaa,أ/ احمد زرزور,7/29/2026 23:15:14
a21e938d,7/29/2026,2026 7,7062,5050,تم الطباعة,98459f57,مسائي 29-07-26,كاشير 1,0154dfaa,أ/ احمد زرزور,7/29/2026 23:17:11
63889b66,7/29/2026,2026 7,7063,-320,تم الطباعة,98459f57,مسائي 29-07-26,كاشير 1,0154dfaa,أ/ احمد زرزور,7/29/2026 23:28:01
0d3e2c21,7/29/2026,2026 7,7064,15,تم الطباعة,08003f42,مسائي 29-07-26,كاشير 2,04b9d4de,طارق ماسبيرو,7/29/2026 23:32:23
9d365f18,7/29/2026,2026 7,7065,93,تم الطباعة,08003f42,مسائي 29-07-26,كاشير 2,04b9d4de,طارق ماسبيرو,7/29/2026 23:43:04
65c43ac8,7/29/2026,2026 7,7066,86,تم الطباعة,08003f42,مسائي 29-07-26,كاشير 2,04b9d4de,طارق ماسبيرو,7/29/2026 23:53:19
b0c44bb5,7/29/2026,2026 7,7067,5,تم الطباعة,98459f57,مسائي 29-07-26,كاشير 1,0154dfaa,أ/ احمد زرزور,7/29/2026 23:56:48
ce60860e,7/30/2026,2026 7,7068,35,تم الطباعة,98459f57,مسائي 29-07-26,كاشير 1,0154dfaa,أ/ احمد زرزور,7/30/2026 0:00:26
7ee21d70,7/30/2026,2026 7,7069,75,تم الطباعة,98459f57,مسائي 29-07-26,كاشير 1,0154dfaa,أ/ احمد زرزور,7/30/2026 0:13:06
f9c11fc5,7/30/2026,2026 7,7070,-1965,تم الطباعة,98459f57,مسائي 29-07-26,كاشير 1,0154dfaa,أ/ احمد زرزور,7/30/2026 0:16:22
abda7b1b,7/30/2026,2026 7,7071,-15,تم الطباعة,98459f57,مسائي 29-07-26,كاشير 1,0154dfaa,أ/ احمد زرزور,7/30/2026 0:38:05
80b999c2,7/30/2026,2026 7,7072,21,تم الطباعة,98459f57,مسائي 29-07-26,كاشير 1,0154dfaa,أ/ احمد زرزور,7/30/2026 1:00:45
c23cd62f,7/30/2026,2026 7,7073,51,تم الطباعة,98459f57,مسائي 29-07-26,كاشير 1,0154dfaa,أ/ احمد زرزور,7/30/2026 1:13:12
41cfd987,7/30/2026,2026 7,7074,35,تم الطباعة,98459f57,مسائي 29-07-26,كاشير 1,0154dfaa,أ/ احمد زرزور,7/30/2026 1:23:07
d5a27291,7/30/2026,2026 7,7075,-4173,تم الطباعة,98459f57,مسائي 29-07-26,كاشير 1,0154dfaa,أ/ احمد زرزور,7/30/2026 1:52:54
84c7b3b3,7/30/2026,2026 7,7076,10,تم الطباعة,98459f57,مسائي 29-07-26,كاشير 1,0154dfaa,أ/ احمد زرزور,7/30/2026 1:56:02
492d1634,7/30/2026,2026 7,7077,-7920,تم الطباعة,5a197312,صباحي 30-07-26,كاشير 1,f7f8d8a0,محمد عبدالتواب,7/30/2026 9:24:14
af966cb3,7/30/2026,2026 7,7078,-1685,تم الطباعة,5a197312,صباحي 30-07-26,كاشير 1,f7f8d8a0,محمد عبدالتواب,7/30/2026 9:48:20
da43c9f8,7/30/2026,2026 7,7079,20,تم الطباعة,5a197312,صباحي 30-07-26,كاشير 1,f7f8d8a0,محمد عبدالتواب,7/30/2026 9:48:32
bc9636d0,7/30/2026,2026 7,7080,30,تم الطباعة,5a197312,صباحي 30-07-26,كاشير 1,f7f8d8a0,محمد عبدالتواب,7/30/2026 9:52:52
7991d598,7/30/2026,2026 7,7081,5,تم الطباعة,5a197312,صباحي 30-07-26,كاشير 1,f7f8d8a0,محمد عبدالتواب,7/30/2026 9:53:04
dc5ff9a6,7/30/2026,2026 7,7082,-400,تم الطباعة,5a197312,صباحي 30-07-26,كاشير 1,f7f8d8a0,محمد عبدالتواب,7/30/2026 10:31:25
61d4c669,7/30/2026,2026 7,7083,2,تم الطباعة,5a197312,صباحي 30-07-26,كاشير 1,f7f8d8a0,محمد عبدالتواب,7/30/2026 11:15:14
55a1e937,7/30/2026,2026 7,7084,-90,تم الطباعة,5a197312,صباحي 30-07-26,كاشير 1,f7f8d8a0,محمد عبدالتواب,7/30/2026 11:15:56
5d9d8ca7,7/30/2026,2026 7,7085,15,تم الطباعة,5a197312,صباحي 30-07-26,كاشير 1,f7f8d8a0,محمد عبدالتواب,7/30/2026 11:16:04
00d8a662,7/30/2026,2026 7,7086,75,تم الطباعة,5a197312,صباحي 30-07-26,كاشير 1,f7f8d8a0,محمد عبدالتواب,7/30/2026 11:16:30
c9936cea,7/30/2026,2026 7,7087,255,تم الطباعة,5a197312,صباحي 30-07-26,كاشير 1,f7f8d8a0,محمد عبدالتواب,7/30/2026 11:17:02
cc207589,7/30/2026,2026 7,7088,200,تم الطباعة,5a197312,صباحي 30-07-26,كاشير 1,f7f8d8a0,محمد عبدالتواب,7/30/2026 11:21:41
40f4c919,7/30/2026,2026 7,7089,35,تم الطباعة,5a197312,صباحي 30-07-26,كاشير 1,f7f8d8a0,محمد عبدالتواب,7/30/2026 11:24:04
bcb2bfe3,7/30/2026,2026 7,7090,23,تم الطباعة,5a197312,صباحي 30-07-26,كاشير 1,f7f8d8a0,محمد عبدالتواب,7/30/2026 11:58:19
ae445b99,7/30/2026,2026 7,7091,-995,تم الطباعة,5a197312,صباحي 30-07-26,كاشير 1,f7f8d8a0,محمد عبدالتواب,7/30/2026 12:19:59
a1d57732,7/30/2026,2026 7,7092,5,تم الطباعة,5a197312,صباحي 30-07-26,كاشير 1,f7f8d8a0,محمد عبدالتواب,7/30/2026 12:27:19
a6f13694,7/30/2026,2026 7,7093,30,تم الطباعة,5a197312,صباحي 30-07-26,كاشير 1,f7f8d8a0,محمد عبدالتواب,7/30/2026 12:28:02
b7d0ebd9,7/30/2026,2026 7,7094,-195,تم الطباعة,5a197312,صباحي 30-07-26,كاشير 1,f7f8d8a0,محمد عبدالتواب,7/30/2026 12:28:11
cf49be20,7/30/2026,2026 7,7095,-195,تم الطباعة,5a197312,صباحي 30-07-26,كاشير 1,f7f8d8a0,محمد عبدالتواب,7/30/2026 12:34:52
7e72306c,7/30/2026,2026 7,7096,245,تم الطباعة,5a197312,صباحي 30-07-26,كاشير 1,f7f8d8a0,محمد عبدالتواب,7/30/2026 12:36:00
fc548651,7/30/2026,2026 7,7097,46,تم الطباعة,5a197312,صباحي 30-07-26,كاشير 1,f7f8d8a0,محمد عبدالتواب,7/30/2026 12:36:35
4d9c9545,7/30/2026,2026 7,7098,23,تم الطباعة,5a197312,صباحي 30-07-26,كاشير 1,f7f8d8a0,محمد عبدالتواب,7/30/2026 12:37:06
719f49d2,7/30/2026,2026 7,7099,19,تم الطباعة,5a197312,صباحي 30-07-26,كاشير 1,f7f8d8a0,محمد عبدالتواب,7/30/2026 12:38:07
7ae0a384,7/30/2026,2026 7,7100,5,تم الطباعة,5a197312,صباحي 30-07-26,كاشير 1,f7f8d8a0,محمد عبدالتواب,7/30/2026 12:55:53
c1a13703,7/30/2026,2026 7,7101,25,تم الطباعة,5a197312,صباحي 30-07-26,كاشير 1,f7f8d8a0,محمد عبدالتواب,7/30/2026 12:56:03
9866fbb8,7/30/2026,2026 7,7102,0,تم الطباعة,5a197312,صباحي 30-07-26,كاشير 1,f7f8d8a0,محمد عبدالتواب,7/30/2026 12:59:58
6f730357,7/30/2026,2026 7,7103,467,تم الطباعة,5a197312,صباحي 30-07-26,كاشير 1,f7f8d8a0,محمد عبدالتواب,7/30/2026 13:06:32
4757ff91,7/30/2026,2026 7,7104,50,تم الطباعة,5a197312,صباحي 30-07-26,كاشير 1,f7f8d8a0,محمد عبدالتواب,7/30/2026 13:19:36
7889aa10,7/30/2026,2026 7,7105,-1575,تم الطباعة,5a197312,صباحي 30-07-26,كاشير 1,f7f8d8a0,محمد عبدالتواب,7/30/2026 13:20:40
30b48215,7/30/2026,2026 7,7106,10,تم الطباعة,5a197312,صباحي 30-07-26,كاشير 1,f7f8d8a0,محمد عبدالتواب,7/30/2026 13:27:56
5d846469,7/30/2026,2026 7,7107,60,تم الطباعة,5a197312,صباحي 30-07-26,كاشير 1,f7f8d8a0,محمد عبدالتواب,7/30/2026 13:28:13
a41ba174,7/30/2026,2026 7,7108,130,تم الطباعة,5a197312,صباحي 30-07-26,كاشير 1,f7f8d8a0,محمد عبدالتواب,7/30/2026 13:44:56
3dd9f06e,7/30/2026,2026 7,7109,-147,تم الطباعة,5a197312,صباحي 30-07-26,كاشير 1,f7f8d8a0,محمد عبدالتواب,7/30/2026 14:04:54
5449a9d6,7/30/2026,2026 7,7110,-295,تم الطباعة,5a197312,صباحي 30-07-26,كاشير 1,f7f8d8a0,محمد عبدالتواب,7/30/2026 14:10:36
246b33c0,7/30/2026,2026 7,7111,-195,تم الطباعة,5a197312,صباحي 30-07-26,كاشير 1,f7f8d8a0,محمد عبدالتواب,7/30/2026 14:11:05
8b7999bf,7/30/2026,2026 7,7112,-2000,تم الطباعة,5a197312,صباحي 30-07-26,كاشير 1,f7f8d8a0,محمد عبدالتواب,7/30/2026 14:13:52
65257498,7/30/2026,2026 7,7113,-4925,تم الطباعة,5a197312,صباحي 30-07-26,كاشير 1,f7f8d8a0,محمد عبدالتواب,7/30/2026 14:26:09
cf7b579e,7/30/2026,2026 7,7114,-195,تم الطباعة,5a197312,صباحي 30-07-26,كاشير 1,f7f8d8a0,محمد عبدالتواب,7/30/2026 14:41:43
31c5fdb6,7/30/2026,2026 7,7115,-45,تم الطباعة,5a197312,صباحي 30-07-26,كاشير 1,f7f8d8a0,محمد عبدالتواب,7/30/2026 14:46:57
e96c26f4,7/30/2026,2026 7,7116,-195,تم الطباعة,5a197312,صباحي 30-07-26,كاشير 1,f7f8d8a0,محمد عبدالتواب,7/30/2026 14:59:28
21604d4b,7/30/2026,2026 7,7117,60,تم الطباعة,5a197312,صباحي 30-07-26,كاشير 1,f7f8d8a0,محمد عبدالتواب,7/30/2026 15:06:12
285d2a95,7/30/2026,2026 7,7118,255,تم الطباعة,5a197312,صباحي 30-07-26,كاشير 1,f7f8d8a0,محمد عبدالتواب,7/30/2026 16:05:55
0c68f990,7/30/2026,2026 7,7119,105,تم الطباعة,5a197312,صباحي 30-07-26,كاشير 1,f7f8d8a0,محمد عبدالتواب,7/30/2026 16:10:56
12cfa900,7/30/2026,2026 7,7120,12,تم الطباعة,5a197312,صباحي 30-07-26,كاشير 1,f7f8d8a0,محمد عبدالتواب,7/30/2026 16:20:41
406828c4,7/30/2026,2026 7,7121,210,تم الطباعة,5a197312,صباحي 30-07-26,كاشير 1,f7f8d8a0,محمد عبدالتواب,7/30/2026 16:22:43
94c7342f,7/30/2026,2026 7,7122,0,تم الطباعة,5a197312,صباحي 30-07-26,كاشير 1,f7f8d8a0,محمد عبدالتواب,7/30/2026 16:26:22
515f3946,7/30/2026,2026 7,7123,23,تم الطباعة,5a197312,صباحي 30-07-26,كاشير 1,f7f8d8a0,محمد عبدالتواب,7/30/2026 16:28:21
e90b5d35,7/30/2026,2026 7,7124,10,تم الطباعة,5a197312,صباحي 30-07-26,كاشير 1,f7f8d8a0,محمد عبدالتواب,7/30/2026 16:31:40
8e84b98e,7/30/2026,2026 7,7125,140,تم الطباعة,5a197312,صباحي 30-07-26,كاشير 1,f7f8d8a0,محمد عبدالتواب,7/30/2026 16:35:23
3583c559,7/30/2026,2026 7,7126,460,تم الطباعة,5a197312,صباحي 30-07-26,كاشير 1,f7f8d8a0,محمد عبدالتواب,7/30/2026 16:35:52
c4c0a125,7/30/2026,2026 7,7127,-395,تم الطباعة,5a197312,صباحي 30-07-26,كاشير 1,f7f8d8a0,محمد عبدالتواب,7/30/2026 16:43:19
fb988902,7/30/2026,2026 7,7128,810,تم الطباعة,5a197312,صباحي 30-07-26,كاشير 1,f7f8d8a0,محمد عبدالتواب,7/30/2026 16:59:57
94f1365e,7/30/2026,2026 7,7129,750,تم الطباعة,06342f94,مسائي 30-07-26,كاشير 1,e9ad5415,ابانوب ايليا,7/30/2026 17:13:13
366b2c2c,7/30/2026,2026 7,7130,8,تم الطباعة,06342f94,مسائي 30-07-26,كاشير 1,e9ad5415,ابانوب ايليا,7/30/2026 17:20:02
97ad9f3b,7/30/2026,2026 7,7131,-295,تم الطباعة,06342f94,مسائي 30-07-26,كاشير 1,e9ad5415,ابانوب ايليا,7/30/2026 17:34:32
54f528a4,7/30/2026,2026 7,7132,310,تم الطباعة,06342f94,مسائي 30-07-26,كاشير 1,e9ad5415,ابانوب ايليا,7/30/2026 17:45:49
bbeb4079,7/30/2026,2026 7,7133,25,تم الطباعة,06342f94,مسائي 30-07-26,كاشير 1,e9ad5415,ابانوب ايليا,7/30/2026 17:48:56
3ce27a92,7/30/2026,2026 7,7134,-200,تم الطباعة,06342f94,مسائي 30-07-26,كاشير 1,e9ad5415,ابانوب ايليا,7/30/2026 17:54:40
d5a85353,7/30/2026,2026 7,7135,-245,تم الطباعة,06342f94,مسائي 30-07-26,كاشير 1,e9ad5415,ابانوب ايليا,7/30/2026 18:06:45
2a63b675,7/30/2026,2026 7,7136,6,تم الطباعة,06342f94,مسائي 30-07-26,كاشير 1,e9ad5415,ابانوب ايليا,7/30/2026 18:15:54
ec2d19f4,7/30/2026,2026 7,7137,-3000,تم الطباعة,06342f94,مسائي 30-07-26,كاشير 1,e9ad5415,ابانوب ايليا,7/30/2026 18:23:11
767d91b2,7/30/2026,2026 7,7138,490,تم الطباعة,06342f94,مسائي 30-07-26,كاشير 1,e9ad5415,ابانوب ايليا,7/30/2026 18:25:51
1953a9af,7/30/2026,2026 7,7139,-485,تم الطباعة,06342f94,مسائي 30-07-26,كاشير 1,e9ad5415,ابانوب ايليا,7/30/2026 18:42:27
d6fa4948,7/30/2026,2026 7,7140,1,تم الطباعة,a8478dfa,مسائي 30-07-26,كاشير 2,04b9d4de,طارق ماسبيرو,7/30/2026 18:48:13
d3e6ab9c,7/30/2026,2026 7,7141,5,تم الطباعة,a8478dfa,مسائي 30-07-26,كاشير 2,04b9d4de,طارق ماسبيرو,7/30/2026 18:51:35
2474b4ee,7/30/2026,2026 7,7142,390,تم الطباعة,06342f94,مسائي 30-07-26,كاشير 1,e9ad5415,ابانوب ايليا,7/30/2026 19:05:25
195cc592,7/30/2026,2026 7,7143,25,تم الطباعة,a8478dfa,مسائي 30-07-26,كاشير 2,04b9d4de,طارق ماسبيرو,7/30/2026 19:11:14
7f9f243f,7/30/2026,2026 7,7143,812,تم الطباعة,06342f94,مسائي 30-07-26,كاشير 1,e9ad5415,ابانوب ايليا,7/30/2026 19:11:37
c85f5ec3,7/30/2026,2026 7,7144,30,تم الطباعة,a8478dfa,مسائي 30-07-26,كاشير 2,04b9d4de,طارق ماسبيرو,7/30/2026 19:11:32
e3c0359c,7/30/2026,2026 7,7145,-1940,تم الطباعة,06342f94,مسائي 30-07-26,كاشير 1,e9ad5415,ابانوب ايليا,7/30/2026 19:19:15
98f551e2,7/30/2026,2026 7,7147,10,تم الطباعة,06342f94,مسائي 30-07-26,كاشير 1,e9ad5415,ابانوب ايليا,7/30/2026 19:21:36
b46f2fbe,7/30/2026,2026 7,7148,4,تم الطباعة,06342f94,مسائي 30-07-26,كاشير 1,e9ad5415,ابانوب ايليا,7/30/2026 19:27:55
1e5df32d,7/30/2026,2026 7,7149,194,تم الطباعة,06342f94,مسائي 30-07-26,كاشير 1,e9ad5415,ابانوب ايليا,7/30/2026 19:29:46
dd188b4a,7/30/2026,2026 7,7150,10,تم الطباعة,a8478dfa,مسائي 30-07-26,كاشير 2,04b9d4de,طارق ماسبيرو,7/30/2026 19:36:04
836e26fb,7/30/2026,2026 7,7151,150,تم الطباعة,06342f94,مسائي 30-07-26,كاشير 1,e9ad5415,ابانوب ايليا,7/30/2026 19:51:55
dd08bc15,7/30/2026,2026 7,7152,405,تم الطباعة,06342f94,مسائي 30-07-26,كاشير 1,e9ad5415,ابانوب ايليا,7/30/2026 20:08:16
d8867da5,7/30/2026,2026 7,7153,20,تم الطباعة,a8478dfa,مسائي 30-07-26,كاشير 2,04b9d4de,طارق ماسبيرو,7/30/2026 20:19:31
94071c4a,7/30/2026,2026 7,7154,0,تم الطباعة,06342f94,مسائي 30-07-26,كاشير 1,e9ad5415,ابانوب ايليا,7/30/2026 20:22:07
b384fbf6,7/30/2026,2026 7,7155,5,تم الطباعة,a8478dfa,مسائي 30-07-26,كاشير 2,04b9d4de,طارق ماسبيرو,7/30/2026 20:28:06
9586486c,7/30/2026,2026 7,7156,1010,تم الطباعة,a8478dfa,مسائي 30-07-26,كاشير 2,04b9d4de,طارق ماسبيرو,7/30/2026 20:32:33
7e89e0eb,7/30/2026,2026 7,7157,360,تم الطباعة,06342f94,مسائي 30-07-26,كاشير 1,e9ad5415,ابانوب ايليا,7/30/2026 20:40:56
0a556883,7/30/2026,2026 7,7158,-100,تم الطباعة,06342f94,مسائي 30-07-26,كاشير 1,e9ad5415,ابانوب ايليا,7/30/2026 20:45:25
a1b5c7aa,7/30/2026,2026 7,7159,2352,تم الطباعة,06342f94,مسائي 30-07-26,كاشير 1,e9ad5415,ابانوب ايليا,7/30/2026 20:57:09
2281106c,7/30/2026,2026 7,7160,-995,تم الطباعة,06342f94,مسائي 30-07-26,كاشير 1,e9ad5415,ابانوب ايليا,7/30/2026 21:01:50
7db5d7ed,7/30/2026,2026 7,7161,3,تم الطباعة,06342f94,مسائي 30-07-26,كاشير 1,e9ad5415,ابانوب ايليا,7/30/2026 21:03:58
99346bcd,7/30/2026,2026 7,7162,-95,تم الطباعة,06342f94,مسائي 30-07-26,كاشير 1,e9ad5415,ابانوب ايليا,7/30/2026 21:12:12
55153c95,7/30/2026,2026 7,7163,8,تم الطباعة,06342f94,مسائي 30-07-26,كاشير 1,e9ad5415,ابانوب ايليا,7/30/2026 21:17:48
1e41da8e,7/30/2026,2026 7,7164,10,تم الطباعة,06342f94,مسائي 30-07-26,كاشير 1,e9ad5415,ابانوب ايليا,7/30/2026 21:24:14
013ec07e,7/30/2026,2026 7,7165,2,تم الطباعة,a8478dfa,مسائي 30-07-26,كاشير 2,04b9d4de,طارق ماسبيرو,7/30/2026 21:38:54
590c8a21,7/30/2026,2026 7,7166,10,تم الطباعة,06342f94,مسائي 30-07-26,كاشير 1,e9ad5415,ابانوب ايليا,7/30/2026 21:41:50
92aa965f,7/30/2026,2026 7,7167,30,تم الطباعة,a8478dfa,مسائي 30-07-26,كاشير 2,04b9d4de,طارق ماسبيرو,7/30/2026 21:54:02
d42c1cff,7/30/2026,2026 7,7167,-490,تم الطباعة,06342f94,مسائي 30-07-26,كاشير 1,e9ad5415,ابانوب ايليا,7/30/2026 21:54:09
6748fe4f,7/30/2026,2026 7,7168,100,تم الطباعة,06342f94,مسائي 30-07-26,كاشير 1,e9ad5415,ابانوب ايليا,7/30/2026 21:54:24
3fdfb526,7/30/2026,2026 7,7169,50,تم الطباعة,06342f94,مسائي 30-07-26,كاشير 1,e9ad5415,ابانوب ايليا,7/30/2026 21:54:38
ce91315d,7/30/2026,2026 7,7170,0,تم الطباعة,06342f94,مسائي 30-07-26,كاشير 1,e9ad5415,ابانوب ايليا,7/30/2026 21:56:16
fa73ade3,7/30/2026,2026 7,7171,47,تم الطباعة,06342f94,مسائي 30-07-26,كاشير 1,e9ad5415,ابانوب ايليا,7/30/2026 21:56:46
f917fdf4,7/30/2026,2026 7,7173,250,تم الطباعة,a8478dfa,مسائي 30-07-26,كاشير 2,04b9d4de,طارق ماسبيرو,7/30/2026 22:27:36
d6fa905f,7/30/2026,2026 7,7174,-370,تم الطباعة,347681d7,مسائي 30-07-26,كاشير 1,0154dfaa,أ/ احمد زرزور,7/30/2026 22:38:24
786fd7a9,7/30/2026,2026 7,7175,1248,تم الطباعة,a8478dfa,مسائي 30-07-26,كاشير 2,04b9d4de,طارق ماسبيرو,7/30/2026 22:42:10
ca1c29cc,7/30/2026,2026 7,7176,20,تم الطباعة,a8478dfa,مسائي 30-07-26,كاشير 2,04b9d4de,طارق ماسبيرو,7/30/2026 22:42:30
9c9d8c37,7/30/2026,2026 7,7177,5,تم الطباعة,a8478dfa,مسائي 30-07-26,كاشير 2,04b9d4de,طارق ماسبيرو,7/30/2026 22:44:18
5c8484ab,7/30/2026,2026 7,7178,-100,تم الطباعة,347681d7,مسائي 30-07-26,كاشير 1,0154dfaa,أ/ احمد زرزور,7/30/2026 22:46:32
2e1ad3d5,7/30/2026,2026 7,7179,400,تم الطباعة,347681d7,مسائي 30-07-26,كاشير 1,0154dfaa,أ/ احمد زرزور,7/30/2026 22:52:50
a03d8271,7/30/2026,2026 7,7179,30,تم الطباعة,a8478dfa,مسائي 30-07-26,كاشير 2,04b9d4de,طارق ماسبيرو,7/30/2026 22:53:56
0c7f5677,7/30/2026,2026 7,7181,-1615,تم الطباعة,347681d7,مسائي 30-07-26,كاشير 1,0154dfaa,أ/ احمد زرزور,7/30/2026 23:17:59
0f20c6aa,7/30/2026,2026 7,7182,4,تم الطباعة,347681d7,مسائي 30-07-26,كاشير 1,0154dfaa,أ/ احمد زرزور,7/30/2026 23:26:35
200c82ee,7/30/2026,2026 7,7182,624,تم الطباعة,a8478dfa,مسائي 30-07-26,كاشير 2,04b9d4de,طارق ماسبيرو,7/30/2026 23:27:29
1d2881e7,7/30/2026,2026 7,7184,655,تم الطباعة,347681d7,مسائي 30-07-26,كاشير 1,0154dfaa,أ/ احمد زرزور,7/30/2026 23:43:10
4e41e42f,7/30/2026,2026 7,7185,30,تم الطباعة,a8478dfa,مسائي 30-07-26,كاشير 2,04b9d4de,طارق ماسبيرو,7/30/2026 23:46:58
4e8f7209,7/30/2026,2026 7,7186,100,تم الطباعة,a8478dfa,مسائي 30-07-26,كاشير 2,04b9d4de,طارق ماسبيرو,7/30/2026 23:49:11
709f0321,7/30/2026,2026 7,7187,1655,تم الطباعة,347681d7,مسائي 30-07-26,كاشير 1,0154dfaa,أ/ احمد زرزور,7/30/2026 23:53:47
7f1020bc,7/31/2026,2026 7,7188,-989,تم الطباعة,347681d7,مسائي 30-07-26,كاشير 1,0154dfaa,أ/ احمد زرزور,7/31/2026 0:01:20
b359ab2b,7/31/2026,2026 7,7189,150,تم الطباعة,a8478dfa,مسائي 30-07-26,كاشير 2,04b9d4de,طارق ماسبيرو,7/31/2026 0:02:08
507bfd2d,7/31/2026,2026 7,7190,3,تم الطباعة,a8478dfa,مسائي 30-07-26,كاشير 2,04b9d4de,طارق ماسبيرو,7/31/2026 0:11:07
c8806a29,7/31/2026,2026 7,7191,543,تم الطباعة,a8478dfa,مسائي 30-07-26,كاشير 2,04b9d4de,طارق ماسبيرو,7/31/2026 0:32:45
35fd1802,7/31/2026,2026 7,7192,-960,تم الطباعة,a8478dfa,مسائي 30-07-26,كاشير 2,04b9d4de,طارق ماسبيرو,7/31/2026 0:42:29
a4ad7225,7/31/2026,2026 7,7193,100,تم الطباعة,a8478dfa,مسائي 30-07-26,كاشير 2,04b9d4de,طارق ماسبيرو,7/31/2026 0:55:26
80c86f88,7/31/2026,2026 7,7194,145,تم الطباعة,a8478dfa,مسائي 30-07-26,كاشير 2,04b9d4de,طارق ماسبيرو,7/31/2026 1:00:18
cb351aef,7/31/2026,2026 7,7195,-10075,تم الطباعة,347681d7,مسائي 30-07-26,كاشير 1,0154dfaa,أ/ احمد زرزور,7/31/2026 1:01:15
6390388e,7/31/2026,2026 7,7196,-1860,تم الطباعة,347681d7,مسائي 30-07-26,كاشير 1,0154dfaa,أ/ احمد زرزور,7/31/2026 1:09:50
e8982a04,7/31/2026,2026 7,7197,200,تم الطباعة,a8478dfa,مسائي 30-07-26,كاشير 2,04b9d4de,طارق ماسبيرو,7/31/2026 1:29:12
c0c79af4,7/31/2026,2026 7,7198,130,تم الطباعة,347681d7,مسائي 30-07-26,كاشير 1,0154dfaa,أ/ احمد زرزور,7/31/2026 1:44:10
2c1faaeb,7/31/2026,2026 7,7199,10,تم الطباعة,a8478dfa,مسائي 30-07-26,كاشير 2,04b9d4de,طارق ماسبيرو,7/31/2026 1:46:17
60680322,7/31/2026,2026 7,7200,18,تم الطباعة,347681d7,مسائي 30-07-26,كاشير 1,0154dfaa,أ/ احمد زرزور,7/31/2026 1:48:45
07a53cc3,7/31/2026,2026 7,7201,10,تم الطباعة,347681d7,مسائي 30-07-26,كاشير 1,0154dfaa,أ/ احمد زرزور,7/31/2026 1:49:35
11f613e9,7/31/2026,2026 7,7202,120,تم الطباعة,347681d7,مسائي 30-07-26,كاشير 1,0154dfaa,أ/ احمد زرزور,7/31/2026 1:54:40
4fbb3292,7/31/2026,2026 7,7203,105,تم الطباعة,2a14bb8c,مسائي 31-07-26,كاشير 1,0154dfaa,أ/ احمد زرزور,7/31/2026 6:08:31
5c728c6d,7/31/2026,2026 7,7204,10,تم الطباعة,2a14bb8c,مسائي 31-07-26,كاشير 1,0154dfaa,أ/ احمد زرزور,7/31/2026 6:13:04
a38e5ee3,7/31/2026,2026 7,7205,52,تم الطباعة,42d94ae8,مسائي 31-07-26,كاشير 1,e9ad5415,ابانوب ايليا,7/31/2026 13:35:01
0dbe8083,7/31/2026,2026 7,7206,-500,تم الطباعة,42d94ae8,مسائي 31-07-26,كاشير 1,e9ad5415,ابانوب ايليا,7/31/2026 13:41:36
b4c2faf8,7/31/2026,2026 7,7207,-1480,تم الطباعة,42d94ae8,مسائي 31-07-26,كاشير 1,e9ad5415,ابانوب ايليا,7/31/2026 14:06:29
d627f260,7/31/2026,2026 7,7208,-4150,تم الطباعة,42d94ae8,مسائي 31-07-26,كاشير 1,e9ad5415,ابانوب ايليا,7/31/2026 14:31:52
1e8b2b27,7/31/2026,2026 7,7209,-489,تم الطباعة,42d94ae8,مسائي 31-07-26,كاشير 1,e9ad5415,ابانوب ايليا,7/31/2026 14:39:36
82409faa,7/31/2026,2026 7,7210,-195,تم الطباعة,42d94ae8,مسائي 31-07-26,كاشير 1,e9ad5415,ابانوب ايليا,7/31/2026 14:44:56
4e800fcd,7/31/2026,2026 7,7211,-2,تم الطباعة,42d94ae8,مسائي 31-07-26,كاشير 1,e9ad5415,ابانوب ايليا,7/31/2026 15:16:07
9a7d6e06,7/31/2026,2026 7,7212,-1500,تم الطباعة,42d94ae8,مسائي 31-07-26,كاشير 1,e9ad5415,ابانوب ايليا,7/31/2026 15:18:56
dbbfd5a7,7/31/2026,2026 7,7213,1005,تم الطباعة,42d94ae8,مسائي 31-07-26,كاشير 1,e9ad5415,ابانوب ايليا,7/31/2026 15:33:06
c8f0d3a4,7/31/2026,2026 7,7214,80,تم الطباعة,42d94ae8,مسائي 31-07-26,كاشير 1,e9ad5415,ابانوب ايليا,7/31/2026 15:46:16
2810101a,7/31/2026,2026 7,7215,5,تم الطباعة,42d94ae8,مسائي 31-07-26,كاشير 1,e9ad5415,ابانوب ايليا,7/31/2026 15:50:51
d6364a1c,7/31/2026,2026 7,7216,17,تم الطباعة,42d94ae8,مسائي 31-07-26,كاشير 1,e9ad5415,ابانوب ايليا,7/31/2026 16:00:48
4db4e74a,7/31/2026,2026 7,7217,-94,تم الطباعة,42d94ae8,مسائي 31-07-26,كاشير 1,e9ad5415,ابانوب ايليا,7/31/2026 16:02:56
3e048c80,7/31/2026,2026 7,7218,-990,تم الطباعة,42d94ae8,مسائي 31-07-26,كاشير 1,e9ad5415,ابانوب ايليا,7/31/2026 16:06:12
6dd56512,7/31/2026,2026 7,7219,640,تم الطباعة,42d94ae8,مسائي 31-07-26,كاشير 1,e9ad5415,ابانوب ايليا,7/31/2026 16:09:23
14b4b561,7/31/2026,2026 7,7220,1260,تم الطباعة,42d94ae8,مسائي 31-07-26,كاشير 1,e9ad5415,ابانوب ايليا,7/31/2026 16:18:00
33bf27cb,7/31/2026,2026 7,7221,630,تم الطباعة,42d94ae8,مسائي 31-07-26,كاشير 1,e9ad5415,ابانوب ايليا,7/31/2026 16:20:46
045007ca,7/31/2026,2026 7,7222,812,تم الطباعة,42d94ae8,مسائي 31-07-26,كاشير 1,e9ad5415,ابانوب ايليا,7/31/2026 16:27:39
742c1492,7/31/2026,2026 7,7223,2,تم الطباعة,42d94ae8,مسائي 31-07-26,كاشير 1,e9ad5415,ابانوب ايليا,7/31/2026 16:28:49
c46e33ac,7/31/2026,2026 7,7224,15,تم الطباعة,42d94ae8,مسائي 31-07-26,كاشير 1,e9ad5415,ابانوب ايليا,7/31/2026 16:46:40
a2c8d8d3,7/31/2026,2026 7,7225,10,تم الطباعة,42d94ae8,مسائي 31-07-26,كاشير 1,e9ad5415,ابانوب ايليا,7/31/2026 16:58:55
b0bd2892,7/31/2026,2026 7,7226,75,تم الطباعة,42d94ae8,مسائي 31-07-26,كاشير 1,e9ad5415,ابانوب ايليا,7/31/2026 17:10:20
ce1f9dbf,7/31/2026,2026 7,7227,945,تم الطباعة,42d94ae8,مسائي 31-07-26,كاشير 1,e9ad5415,ابانوب ايليا,7/31/2026 17:32:07
acca92f8,7/31/2026,2026 7,7228,-2315,تم الطباعة,42d94ae8,مسائي 31-07-26,كاشير 1,e9ad5415,ابانوب ايليا,7/31/2026 17:37:57
eca72f06,7/31/2026,2026 7,7229,105,تم الطباعة,42d94ae8,مسائي 31-07-26,كاشير 1,e9ad5415,ابانوب ايليا,7/31/2026 17:41:38
210b8257,7/31/2026,2026 7,7230,0,تم الطباعة,42d94ae8,مسائي 31-07-26,كاشير 1,e9ad5415,ابانوب ايليا,7/31/2026 17:42:26
503cbb8c,7/31/2026,2026 7,7231,-1990,تم الطباعة,42d94ae8,مسائي 31-07-26,كاشير 1,e9ad5415,ابانوب ايليا,7/31/2026 17:53:55
8bb09fee,7/31/2026,2026 7,7232,-1770,تم الطباعة,42d94ae8,مسائي 31-07-26,كاشير 1,e9ad5415,ابانوب ايليا,7/31/2026 18:02:43
8009d37f,7/31/2026,2026 7,7233,1260,تم الطباعة,42d94ae8,مسائي 31-07-26,كاشير 1,e9ad5415,ابانوب ايليا,7/31/2026 18:10:29
ff171f1e,7/31/2026,2026 7,7234,-2170,تم الطباعة,42d94ae8,مسائي 31-07-26,كاشير 1,e9ad5415,ابانوب ايليا,7/31/2026 18:15:13
b712b689,7/31/2026,2026 7,7235,25,تم الطباعة,42d94ae8,مسائي 31-07-26,كاشير 1,e9ad5415,ابانوب ايليا,7/31/2026 18:17:04
3855c75b,7/31/2026,2026 7,7236,-150,تم الطباعة,42d94ae8,مسائي 31-07-26,كاشير 1,e9ad5415,ابانوب ايليا,7/31/2026 18:18:33
7337b689,7/31/2026,2026 7,7237,20,تم الطباعة,3831defb,مسائي 31-07-26,كاشير 2,04b9d4de,طارق ماسبيرو,7/31/2026 18:31:24
d7f45c13,7/31/2026,2026 7,7238,7,تم الطباعة,42d94ae8,مسائي 31-07-26,كاشير 1,e9ad5415,ابانوب ايليا,7/31/2026 18:43:47
df81ee16,7/31/2026,2026 7,7239,1010,تم الطباعة,42d94ae8,مسائي 31-07-26,كاشير 1,e9ad5415,ابانوب ايليا,7/31/2026 18:43:56
6bff09de,7/31/2026,2026 7,7240,800,تم الطباعة,42d94ae8,مسائي 31-07-26,كاشير 1,e9ad5415,ابانوب ايليا,7/31/2026 18:50:36
d9d2a369,7/31/2026,2026 7,7241,510,تم الطباعة,42d94ae8,مسائي 31-07-26,كاشير 1,e9ad5415,ابانوب ايليا,7/31/2026 19:38:59
52296767,7/31/2026,2026 7,7242,310,تم الطباعة,42d94ae8,مسائي 31-07-26,كاشير 1,e9ad5415,ابانوب ايليا,7/31/2026 19:45:14
1001a77e,7/31/2026,2026 7,7243,5,تم الطباعة,42d94ae8,مسائي 31-07-26,كاشير 1,e9ad5415,ابانوب ايليا,7/31/2026 19:56:08
28c32390,7/31/2026,2026 7,7244,25,تم الطباعة,3831defb,مسائي 31-07-26,كاشير 2,04b9d4de,طارق ماسبيرو,7/31/2026 20:12:41
931c6ba6,7/31/2026,2026 7,7245,650,تم الطباعة,3831defb,مسائي 31-07-26,كاشير 2,04b9d4de,طارق ماسبيرو,7/31/2026 20:15:07
173b11a7,7/31/2026,2026 7,7246,2,تم الطباعة,3831defb,مسائي 31-07-26,كاشير 2,04b9d4de,طارق ماسبيرو,7/31/2026 20:16:10
a5104efd,7/31/2026,2026 7,7247,3,تم الطباعة,3831defb,مسائي 31-07-26,كاشير 2,04b9d4de,طارق ماسبيرو,7/31/2026 20:17:17
e83569c9,7/31/2026,2026 7,7248,45,تم الطباعة,3831defb,مسائي 31-07-26,كاشير 2,04b9d4de,طارق ماسبيرو,7/31/2026 20:20:35
91f6a816,7/31/2026,2026 7,7249,20,تم الطباعة,3831defb,مسائي 31-07-26,كاشير 2,04b9d4de,طارق ماسبيرو,7/31/2026 20:22:04
d4fd9665,7/31/2026,2026 7,7248,2010,تم الطباعة,42d94ae8,مسائي 31-07-26,كاشير 1,e9ad5415,ابانوب ايليا,7/31/2026 20:22:33
e5848025,7/31/2026,2026 7,7251,-1180,تم الطباعة,42d94ae8,مسائي 31-07-26,كاشير 1,e9ad5415,ابانوب ايليا,7/31/2026 20:23:50
c89dc189,7/31/2026,2026 7,7252,30,تم الطباعة,3831defb,مسائي 31-07-26,كاشير 2,04b9d4de,طارق ماسبيرو,7/31/2026 20:26:42
b3dc54bd,7/31/2026,2026 7,7253,100,تم الطباعة,42d94ae8,مسائي 31-07-26,كاشير 1,e9ad5415,ابانوب ايليا,7/31/2026 20:33:27
7ac8fafd,7/31/2026,2026 7,7254,30,تم الطباعة,3831defb,مسائي 31-07-26,كاشير 2,04b9d4de,طارق ماسبيرو,7/31/2026 20:37:13
eabc773a,7/31/2026,2026 7,7255,25,تم الطباعة,42d94ae8,مسائي 31-07-26,كاشير 1,e9ad5415,ابانوب ايليا,7/31/2026 20:38:32
f257ff07,7/31/2026,2026 7,7256,-1000,تم الطباعة,42d94ae8,مسائي 31-07-26,كاشير 1,e9ad5415,ابانوب ايليا,7/31/2026 20:39:00
97a8eb05,7/31/2026,2026 7,7257,812,تم الطباعة,42d94ae8,مسائي 31-07-26,كاشير 1,e9ad5415,ابانوب ايليا,7/31/2026 20:40:47
1d5090fc,7/31/2026,2026 7,7257,30,تم الطباعة,3831defb,مسائي 31-07-26,كاشير 2,04b9d4de,طارق ماسبيرو,7/31/2026 20:40:54
2a564be9,7/31/2026,2026 7,7259,762,تم الطباعة,42d94ae8,مسائي 31-07-26,كاشير 1,e9ad5415,ابانوب ايليا,7/31/2026 20:42:02
88ea7960,7/31/2026,2026 7,7260,200,تم الطباعة,42d94ae8,مسائي 31-07-26,كاشير 1,e9ad5415,ابانوب ايليا,7/31/2026 20:43:21
8910425d,7/31/2026,2026 7,7261,200,تم الطباعة,42d94ae8,مسائي 31-07-26,كاشير 1,e9ad5415,ابانوب ايليا,7/31/2026 20:45:34
0df65c1d,7/31/2026,2026 7,7262,10,تم الطباعة,3831defb,مسائي 31-07-26,كاشير 2,04b9d4de,طارق ماسبيرو,7/31/2026 21:01:10
5e7a48c5,7/31/2026,2026 7,7263,30,تم الطباعة,3831defb,مسائي 31-07-26,كاشير 2,04b9d4de,طارق ماسبيرو,7/31/2026 21:01:26
be7410c9,7/31/2026,2026 7,7262,-425,تم الطباعة,42d94ae8,مسائي 31-07-26,كاشير 1,e9ad5415,ابانوب ايليا,7/31/2026 21:02:03
059417b9,7/31/2026,2026 7,7265,5,تم الطباعة,42d94ae8,مسائي 31-07-26,كاشير 1,e9ad5415,ابانوب ايليا,7/31/2026 21:03:47
491a3ee7,7/31/2026,2026 7,7266,55,تم الطباعة,3c27eb59,مسائي ٣١-٠٧-٢٦,كاشير 3,0154dfaa,أ/ احمد زرزور,7/31/2026 21:09:19
792ad086,7/31/2026,2026 7,7267,30,تم الطباعة,3831defb,مسائي 31-07-26,كاشير 2,04b9d4de,طارق ماسبيرو,7/31/2026 21:12:36
8cefc91f,7/31/2026,2026 7,7268,23,تم الطباعة,3831defb,مسائي 31-07-26,كاشير 2,04b9d4de,طارق ماسبيرو,7/31/2026 21:15:46
4c62493c,7/31/2026,2026 7,7269,3430,تم الطباعة,42d94ae8,مسائي 31-07-26,كاشير 1,e9ad5415,ابانوب ايليا,7/31/2026 21:16:38
a1bc03ba,7/31/2026,2026 7,7270,5,تم الطباعة,42d94ae8,مسائي 31-07-26,كاشير 1,e9ad5415,ابانوب ايليا,7/31/2026 21:17:17
c75a52ab,7/31/2026,2026 7,7271,-935,تم الطباعة,42d94ae8,مسائي 31-07-26,كاشير 1,e9ad5415,ابانوب ايليا,7/31/2026 21:18:30
3ef81378,7/31/2026,2026 7,7272,23,تم الطباعة,3831defb,مسائي 31-07-26,كاشير 2,04b9d4de,طارق ماسبيرو,7/31/2026 21:19:33
895e7c40,7/31/2026,2026 7,7273,25,تم الطباعة,42d94ae8,مسائي 31-07-26,كاشير 1,e9ad5415,ابانوب ايليا,7/31/2026 21:21:19
c4c606ff,7/31/2026,2026 7,7274,505,تم الطباعة,42d94ae8,مسائي 31-07-26,كاشير 1,e9ad5415,ابانوب ايليا,7/31/2026 21:34:02
7f69f086,7/31/2026,2026 7,7275,10,تم الطباعة,3831defb,مسائي 31-07-26,كاشير 2,04b9d4de,طارق ماسبيرو,7/31/2026 21:46:06
d5a87393,7/31/2026,2026 7,7276,329,تم الطباعة,3831defb,مسائي 31-07-26,كاشير 2,04b9d4de,طارق ماسبيرو,7/31/2026 21:48:41
da34bf86,7/31/2026,2026 7,7277,1490,تم الطباعة,42d94ae8,مسائي 31-07-26,كاشير 1,e9ad5415,ابانوب ايليا,7/31/2026 21:49:59
b801b366,7/31/2026,2026 7,7278,10,تم الطباعة,42d94ae8,مسائي 31-07-26,كاشير 1,e9ad5415,ابانوب ايليا,7/31/2026 21:50:37
7df1c1ed,7/31/2026,2026 7,7279,-500,تم الطباعة,42d94ae8,مسائي 31-07-26,كاشير 1,e9ad5415,ابانوب ايليا,7/31/2026 21:53:40
eeb22df2,7/31/2026,2026 7,7280,405,تم الطباعة,42d94ae8,مسائي 31-07-26,كاشير 1,e9ad5415,ابانوب ايليا,7/31/2026 21:57:58
5dcbf155,7/31/2026,2026 7,7281,160,تم الطباعة,42d94ae8,مسائي 31-07-26,كاشير 1,e9ad5415,ابانوب ايليا,7/31/2026 22:02:33
3adf9241,7/31/2026,2026 7,7282,-150,تم الطباعة,42d94ae8,مسائي 31-07-26,كاشير 1,e9ad5415,ابانوب ايليا,7/31/2026 22:08:56
9356e5d8,7/31/2026,2026 7,7283,105,تم الطباعة,42d94ae8,مسائي 31-07-26,كاشير 1,e9ad5415,ابانوب ايليا,7/31/2026 22:12:37
4e99295a,7/31/2026,2026 7,7284,105,تم الطباعة,42d94ae8,مسائي 31-07-26,كاشير 1,e9ad5415,ابانوب ايليا,7/31/2026 22:13:17
8f382d73,7/31/2026,2026 7,7285,1415,تم الطباعة,42d94ae8,مسائي 31-07-26,كاشير 1,e9ad5415,ابانوب ايليا,7/31/2026 22:15:30
bd8a37ef,7/31/2026,2026 7,7286,25,تم الطباعة,42d94ae8,مسائي 31-07-26,كاشير 1,e9ad5415,ابانوب ايليا,7/31/2026 22:17:24
cdfae646,7/31/2026,2026 7,7287,5,تم الطباعة,42d94ae8,مسائي 31-07-26,كاشير 1,e9ad5415,ابانوب ايليا,7/31/2026 22:18:52
dc5f7c51,7/31/2026,2026 7,7288,54,تم الطباعة,42d94ae8,مسائي 31-07-26,كاشير 1,e9ad5415,ابانوب ايليا,7/31/2026 22:23:04
c6a7b6cb,7/31/2026,2026 7,7277,-30,تم الطباعة,3831defb,مسائي 31-07-26,كاشير 2,04b9d4de,طارق ماسبيرو,7/31/2026 22:23:04
1de64e60,7/31/2026,2026 7,7289,380,تم الطباعة,d06d2921,مسائي 31-07-26,كاشير 1,0154dfaa,أ/ احمد زرزور,7/31/2026 22:26:12
76cbceb9,7/31/2026,2026 7,7290,322,تم الطباعة,3831defb,مسائي 31-07-26,كاشير 2,04b9d4de,طارق ماسبيرو,7/31/2026 22:27:08
1a741c33,7/31/2026,2026 7,7292,505,تم الطباعة,d06d2921,مسائي 31-07-26,كاشير 1,0154dfaa,أ/ احمد زرزور,7/31/2026 22:28:41
898b8c99,7/31/2026,2026 7,7293,15,تم الطباعة,3831defb,مسائي 31-07-26,كاشير 2,04b9d4de,طارق ماسبيرو,7/31/2026 22:38:18
dfeb9a0b,7/31/2026,2026 7,7294,760,تم الطباعة,d06d2921,مسائي 31-07-26,كاشير 1,0154dfaa,أ/ احمد زرزور,7/31/2026 22:47:53
511a0ce2,7/31/2026,2026 7,7295,45,تم الطباعة,d06d2921,مسائي 31-07-26,كاشير 1,0154dfaa,أ/ احمد زرزور,7/31/2026 22:48:58
8533e1a5,7/31/2026,2026 7,7296,150,تم الطباعة,d06d2921,مسائي 31-07-26,كاشير 1,0154dfaa,أ/ احمد زرزور,7/31/2026 22:53:49
01feb4b9,7/31/2026,2026 7,7297,-4955,تم الطباعة,d06d2921,مسائي 31-07-26,كاشير 1,0154dfaa,أ/ احمد زرزور,7/31/2026 22:56:53
8066f2d6,7/31/2026,2026 7,7298,2021,تم الطباعة,d06d2921,مسائي 31-07-26,كاشير 1,0154dfaa,أ/ احمد زرزور,7/31/2026 23:01:00
bc1d67d2,7/31/2026,2026 7,7299,350,تم الطباعة,3831defb,مسائي 31-07-26,كاشير 2,04b9d4de,طارق ماسبيرو,7/31/2026 23:07:53
20516b43,7/31/2026,2026 7,7300,15,تم الطباعة,3831defb,مسائي 31-07-26,كاشير 2,04b9d4de,طارق ماسبيرو,7/31/2026 23:12:52
59a93fe1,7/31/2026,2026 7,7301,8,تم الطباعة,d06d2921,مسائي 31-07-26,كاشير 1,0154dfaa,أ/ احمد زرزور,7/31/2026 23:20:35
f9f2759f,7/31/2026,2026 7,7302,1,تم الطباعة,3831defb,مسائي 31-07-26,كاشير 2,04b9d4de,طارق ماسبيرو,7/31/2026 23:25:48
c527298f,7/31/2026,2026 7,7303,30,تم الطباعة,3831defb,مسائي 31-07-26,كاشير 2,04b9d4de,طارق ماسبيرو,7/31/2026 23:39:33
2f4f6756,7/31/2026,2026 7,7304,125,تم الطباعة,d06d2921,مسائي 31-07-26,كاشير 1,0154dfaa,أ/ احمد زرزور,7/31/2026 23:41:20
5219638e,7/31/2026,2026 7,7305,-3000,تم الطباعة,d06d2921,مسائي 31-07-26,كاشير 1,0154dfaa,أ/ احمد زرزور,7/31/2026 23:46:16
92283967,7/31/2026,2026 7,7306,52,تم الطباعة,3831defb,مسائي 31-07-26,كاشير 2,04b9d4de,طارق ماسبيرو,7/31/2026 23:47:45
a091d4d4,7/31/2026,2026 7,7307,280,تم الطباعة,d06d2921,مسائي 31-07-26,كاشير 1,0154dfaa,أ/ احمد زرزور,7/31/2026 23:49:03
8a73b040,8/1/2026,2026 8,7308,27,تم الطباعة,d06d2921,مسائي 31-07-26,كاشير 1,0154dfaa,أ/ احمد زرزور,8/1/2026 0:00:11
61caa5cc,8/1/2026,2026 8,7308,50,تم الطباعة,3831defb,مسائي 31-07-26,كاشير 2,04b9d4de,طارق ماسبيرو,8/1/2026 0:00:37
33d1b315,8/1/2026,2026 8,7310,7,تم الطباعة,3831defb,مسائي 31-07-26,كاشير 2,04b9d4de,طارق ماسبيرو,8/1/2026 0:03:34
93a4bb7d,8/1/2026,2026 8,7310,910,تم الطباعة,d06d2921,مسائي 31-07-26,كاشير 1,0154dfaa,أ/ احمد زرزور,8/1/2026 0:04:16
bf3e65f1,8/1/2026,2026 8,7312,2,تم الطباعة,d06d2921,مسائي 31-07-26,كاشير 1,0154dfaa,أ/ احمد زرزور,8/1/2026 0:08:02
ed36d597,8/1/2026,2026 8,7313,200,تم الطباعة,d06d2921,مسائي 31-07-26,كاشير 1,0154dfaa,أ/ احمد زرزور,8/1/2026 0:10:22
aa3c14cd,8/1/2026,2026 8,7314,225,تم الطباعة,3831defb,مسائي 31-07-26,كاشير 2,04b9d4de,طارق ماسبيرو,8/1/2026 0:11:02
64c63e6d,8/1/2026,2026 8,7315,5,تم الطباعة,3831defb,مسائي 31-07-26,كاشير 2,04b9d4de,طارق ماسبيرو,8/1/2026 0:12:57
531c7581,8/1/2026,2026 8,7316,5,تم الطباعة,d06d2921,مسائي 31-07-26,كاشير 1,0154dfaa,أ/ احمد زرزور,8/1/2026 0:17:27
d85e37df,8/1/2026,2026 8,7317,10100,تم الطباعة,d06d2921,مسائي 31-07-26,كاشير 1,0154dfaa,أ/ احمد زرزور,8/1/2026 0:24:44
43058669,8/1/2026,2026 8,7318,10,تم الطباعة,3831defb,مسائي 31-07-26,كاشير 2,04b9d4de,طارق ماسبيرو,8/1/2026 0:33:56
a8b96deb,8/1/2026,2026 8,7319,1311,تم الطباعة,3831defb,مسائي 31-07-26,كاشير 2,04b9d4de,طارق ماسبيرو,8/1/2026 0:47:32
a044b7b8,8/1/2026,2026 8,7320,5,تم الطباعة,3831defb,مسائي 31-07-26,كاشير 2,04b9d4de,طارق ماسبيرو,8/1/2026 0:38:45
04a36fdb,8/1/2026,2026 8,7320,3375,تم الطباعة,3831defb,مسائي 31-07-26,كاشير 2,04b9d4de,طارق ماسبيرو,8/1/2026 0:48:15
c4c2fcf6,8/1/2026,2026 8,7322,5,تم الطباعة,3831defb,مسائي 31-07-26,كاشير 2,04b9d4de,طارق ماسبيرو,8/1/2026 0:53:25
f476c2ae,8/1/2026,2026 8,3566,90,تم الطباعة,3831defb,مسائي 31-07-26,كاشير 2,04b9d4de,طارق ماسبيرو,8/1/2026 0:58:11
3d6c1116,8/1/2026,2026 8,3567,-7000,تم الطباعة,d06d2921,مسائي 31-07-26,كاشير 1,0154dfaa,أ/ احمد زرزور,8/1/2026 1:00:03
a88e1c5f,8/1/2026,2026 8,3568,10,تم الطباعة,3831defb,مسائي 31-07-26,كاشير 2,04b9d4de,طارق ماسبيرو,8/1/2026 1:00:48
50672a7a,8/1/2026,2026 8,3569,20,تم الطباعة,3831defb,مسائي 31-07-26,كاشير 2,04b9d4de,طارق ماسبيرو,8/1/2026 1:05:30
b5afa2cb,8/1/2026,2026 8,3570,24,تم الطباعة,d06d2921,مسائي 31-07-26,كاشير 1,0154dfaa,أ/ احمد زرزور,8/1/2026 1:08:37
cc38273e,8/1/2026,2026 8,3571,23,تم الطباعة,d06d2921,مسائي 31-07-26,كاشير 1,0154dfaa,أ/ احمد زرزور,8/1/2026 1:45:17
8eb4b45a,8/1/2026,2026 8,3572,5,تم الطباعة,0a912565,مسائي 1-08-26,كاشير 1,0154dfaa,أ/ احمد زرزور,8/1/2026 2:26:24
c0b2a135,8/1/2026,2026 8,3573,-295,تم الطباعة,0a912565,مسائي 1-08-26,كاشير 1,0154dfaa,أ/ احمد زرزور,8/1/2026 3:02:11
847a72f1,8/1/2026,2026 8,3574,10,تم الطباعة,0a912565,مسائي 1-08-26,كاشير 1,0154dfaa,أ/ احمد زرزور,8/1/2026 3:43:58
53d71837,8/1/2026,2026 8,3575,14,تم الطباعة,45eefcd8,صباحي 1-08-26,كاشير 1,f7f8d8a0,محمد عبدالتواب,8/1/2026 9:24:44
841e86ad,8/1/2026,2026 8,3576,9,تم الطباعة,45eefcd8,صباحي 1-08-26,كاشير 1,f7f8d8a0,محمد عبدالتواب,8/1/2026 9:30:18
04ada91a,8/1/2026,2026 8,3577,2000,تم الطباعة,45eefcd8,صباحي 1-08-26,كاشير 1,f7f8d8a0,محمد عبدالتواب,8/1/2026 9:49:11
37c371db,8/1/2026,2026 8,3578,1000,تم الطباعة,45eefcd8,صباحي 1-08-26,كاشير 1,f7f8d8a0,محمد عبدالتواب,8/1/2026 10:14:12
a879a48e,8/1/2026,2026 8,3579,6,تم الطباعة,45eefcd8,صباحي 1-08-26,كاشير 1,f7f8d8a0,محمد عبدالتواب,8/1/2026 10:29:20
d709f049,8/1/2026,2026 8,3580,-495,تم الطباعة,45eefcd8,صباحي 1-08-26,كاشير 1,f7f8d8a0,محمد عبدالتواب,8/1/2026 10:33:42
31feb4dc,8/1/2026,2026 8,3581,-295,تم الطباعة,45eefcd8,صباحي 1-08-26,كاشير 1,f7f8d8a0,محمد عبدالتواب,8/1/2026 10:54:40
1acabbd2,8/1/2026,2026 8,3582,1600,تم الطباعة,45eefcd8,صباحي 1-08-26,كاشير 1,f7f8d8a0,محمد عبدالتواب,8/1/2026 11:32:22
9ab6aa31,8/1/2026,2026 8,3583,10,تم الطباعة,45eefcd8,صباحي 1-08-26,كاشير 1,f7f8d8a0,محمد عبدالتواب,8/1/2026 11:48:42
75712e3e,8/1/2026,2026 8,3584,45,تم الطباعة,45eefcd8,صباحي 1-08-26,كاشير 1,f7f8d8a0,محمد عبدالتواب,8/1/2026 11:49:09
8ec954a6,8/1/2026,2026 8,3585,489,تم الطباعة,45eefcd8,صباحي 1-08-26,كاشير 1,f7f8d8a0,محمد عبدالتواب,8/1/2026 11:51:23
fe35b6dd,8/1/2026,2026 8,3586,70,تم الطباعة,45eefcd8,صباحي 1-08-26,كاشير 1,f7f8d8a0,محمد عبدالتواب,8/1/2026 11:53:28
23ee90dd,8/1/2026,2026 8,3587,2616,تم الطباعة,45eefcd8,صباحي 1-08-26,كاشير 1,f7f8d8a0,محمد عبدالتواب,8/1/2026 11:54:09
6373f3e7,8/1/2026,2026 8,3588,205,تم الطباعة,45eefcd8,صباحي 1-08-26,كاشير 1,f7f8d8a0,محمد عبدالتواب,8/1/2026 12:00:12
e992af1e,8/1/2026,2026 8,3589,410,تم الطباعة,45eefcd8,صباحي 1-08-26,كاشير 1,f7f8d8a0,محمد عبدالتواب,8/1/2026 12:05:20
80f4fcb4,8/1/2026,2026 8,3590,605,تم الطباعة,45eefcd8,صباحي 1-08-26,كاشير 1,f7f8d8a0,محمد عبدالتواب,8/1/2026 12:09:34
2e2f90d5,8/1/2026,2026 8,3591,65,تم الطباعة,45eefcd8,صباحي 1-08-26,كاشير 1,f7f8d8a0,محمد عبدالتواب,8/1/2026 12:42:36
df53b0ff,8/1/2026,2026 8,3592,3944,تم الطباعة,45eefcd8,صباحي 1-08-26,كاشير 1,f7f8d8a0,محمد عبدالتواب,8/1/2026 12:56:03
ad59a93e,8/1/2026,2026 8,3593,3445,تم الطباعة,45eefcd8,صباحي 1-08-26,كاشير 1,f7f8d8a0,محمد عبدالتواب,8/1/2026 13:09:23
6c2fc547,8/1/2026,2026 8,3594,-9990,تم الطباعة,45eefcd8,صباحي 1-08-26,كاشير 1,f7f8d8a0,محمد عبدالتواب,8/1/2026 13:17:44
3bcb56d0,8/1/2026,2026 8,3595,-4650,تم الطباعة,45eefcd8,صباحي 1-08-26,كاشير 1,f7f8d8a0,محمد عبدالتواب,8/1/2026 13:19:53
d8d81658,8/1/2026,2026 8,3596,300,تم الطباعة,45eefcd8,صباحي 1-08-26,كاشير 1,f7f8d8a0,محمد عبدالتواب,8/1/2026 13:31:23
6bd8464c,8/1/2026,2026 8,3597,30,تم الطباعة,45eefcd8,صباحي 1-08-26,كاشير 1,f7f8d8a0,محمد عبدالتواب,8/1/2026 13:32:57
badf9f75,8/1/2026,2026 8,3598,80,تم الطباعة,45eefcd8,صباحي 1-08-26,كاشير 1,f7f8d8a0,محمد عبدالتواب,8/1/2026 13:35:04
c793260f,8/1/2026,2026 8,3599,1115,تم الطباعة,45eefcd8,صباحي 1-08-26,كاشير 1,f7f8d8a0,محمد عبدالتواب,8/1/2026 13:40:58
bdbf8ea8,8/1/2026,2026 8,3600,1726,تم الطباعة,45eefcd8,صباحي 1-08-26,كاشير 1,f7f8d8a0,محمد عبدالتواب,8/1/2026 13:41:42
fdb5c3e9,8/1/2026,2026 8,3601,860,تم الطباعة,45eefcd8,صباحي 1-08-26,كاشير 1,f7f8d8a0,محمد عبدالتواب,8/1/2026 13:52:29
cbcca37b,8/1/2026,2026 8,3602,-3120,تم الطباعة,45eefcd8,صباحي 1-08-26,كاشير 1,f7f8d8a0,محمد عبدالتواب,8/1/2026 14:12:39
cf60fb98,8/1/2026,2026 8,3603,600,تم الطباعة,45eefcd8,صباحي 1-08-26,كاشير 1,f7f8d8a0,محمد عبدالتواب,8/1/2026 14:16:39
fa72722b,8/1/2026,2026 8,3604,1115,تم الطباعة,45eefcd8,صباحي 1-08-26,كاشير 1,f7f8d8a0,محمد عبدالتواب,8/1/2026 14:18:35
e3445071,8/1/2026,2026 8,3605,-1970,تم الطباعة,45eefcd8,صباحي 1-08-26,كاشير 1,f7f8d8a0,محمد عبدالتواب,8/1/2026 14:19:42
b65db095,8/1/2026,2026 8,3606,20,تم الطباعة,45eefcd8,صباحي 1-08-26,كاشير 1,f7f8d8a0,محمد عبدالتواب,8/1/2026 14:31:01
7651c6f0,8/1/2026,2026 8,3607,15,تم الطباعة,45eefcd8,صباحي 1-08-26,كاشير 1,f7f8d8a0,محمد عبدالتواب,8/1/2026 14:37:57
791ab3b5,8/1/2026,2026 8,3608,13,تم الطباعة,654dbe4c,صباحي 1-08-26,كاشير 2,e9ad5415,ابانوب ايليا,8/1/2026 14:47:54
f0ca92b3,8/1/2026,2026 8,3609,240,تم الطباعة,45eefcd8,صباحي 1-08-26,كاشير 1,f7f8d8a0,محمد عبدالتواب,8/1/2026 14:58:25
2d84ee0e,8/1/2026,2026 8,3610,40,تم الطباعة,654dbe4c,صباحي 1-08-26,كاشير 2,e9ad5415,ابانوب ايليا,8/1/2026 15:36:28
2f7e2076,8/1/2026,2026 8,3611,-100,تم الطباعة,45eefcd8,صباحي 1-08-26,كاشير 1,f7f8d8a0,محمد عبدالتواب,8/1/2026 15:59:26
7c7dd91d,8/1/2026,2026 8,3612,23,تم الطباعة,45eefcd8,صباحي 1-08-26,كاشير 1,f7f8d8a0,محمد عبدالتواب,8/1/2026 15:59:35
c7bcc132,8/1/2026,2026 8,3613,6000,تم الطباعة,45eefcd8,صباحي 1-08-26,كاشير 1,f7f8d8a0,محمد عبدالتواب,8/1/2026 16:00:54
6f708a48,8/1/2026,2026 8,3614,76,تم الطباعة,45eefcd8,صباحي 1-08-26,كاشير 1,f7f8d8a0,محمد عبدالتواب,8/1/2026 16:02:11
cbda8ce0,8/1/2026,2026 8,3615,-145,تم الطباعة,45eefcd8,صباحي 1-08-26,كاشير 1,f7f8d8a0,محمد عبدالتواب,8/1/2026 16:05:48
1d0552fe,8/1/2026,2026 8,3616,105,تم الطباعة,45eefcd8,صباحي 1-08-26,كاشير 1,f7f8d8a0,محمد عبدالتواب,8/1/2026 16:13:41
026de78a,8/1/2026,2026 8,3617,10,تم الطباعة,654dbe4c,صباحي 1-08-26,كاشير 2,e9ad5415,ابانوب ايليا,8/1/2026 16:26:17
20874e9e,8/1/2026,2026 8,3618,305,تم الطباعة,45eefcd8,صباحي 1-08-26,كاشير 1,f7f8d8a0,محمد عبدالتواب,8/1/2026 16:35:18
99d1604d,8/1/2026,2026 8,3619,500,تم الطباعة,45eefcd8,صباحي 1-08-26,كاشير 1,f7f8d8a0,محمد عبدالتواب,8/1/2026 16:47:51
d9955ea1,8/1/2026,2026 8,3620,453,تم الطباعة,45eefcd8,صباحي 1-08-26,كاشير 1,f7f8d8a0,محمد عبدالتواب,8/1/2026 16:50:26
f01d3287,8/1/2026,2026 8,3621,405,تم الطباعة,45eefcd8,صباحي 1-08-26,كاشير 1,f7f8d8a0,محمد عبدالتواب,8/1/2026 16:54:09
30f02713,8/1/2026,2026 8,3622,20,تم الطباعة,45eefcd8,صباحي 1-08-26,كاشير 1,f7f8d8a0,محمد عبدالتواب,8/1/2026 16:57:55
02d9cb1e,8/1/2026,2026 8,3623,10,تم الطباعة,45eefcd8,صباحي 1-08-26,كاشير 1,f7f8d8a0,محمد عبدالتواب,8/1/2026 16:58:40
e6b0b59e,8/1/2026,2026 8,3624,20,تم الطباعة,45eefcd8,صباحي 1-08-26,كاشير 1,f7f8d8a0,محمد عبدالتواب,8/1/2026 17:08:27
dc3ba5fc,8/1/2026,2026 8,3625,400,تم الطباعة,45eefcd8,صباحي 1-08-26,كاشير 1,f7f8d8a0,محمد عبدالتواب,8/1/2026 17:10:04
ef23c6a7,8/1/2026,2026 8,3626,322,تم الطباعة,45eefcd8,صباحي 1-08-26,كاشير 1,f7f8d8a0,محمد عبدالتواب,8/1/2026 17:12:47
dac3d4c8,8/1/2026,2026 8,3627,87,تم الطباعة,45eefcd8,صباحي 1-08-26,كاشير 1,f7f8d8a0,محمد عبدالتواب,8/1/2026 17:14:54
c1eb62db,8/1/2026,2026 8,3628,65,تم الطباعة,654dbe4c,صباحي 1-08-26,كاشير 2,e9ad5415,ابانوب ايليا,8/1/2026 17:19:47
33313523,8/1/2026,2026 8,3629,-3920,تم الطباعة,91279de7,مسائي 1-08-26,كاشير 1,e9ad5415,ابانوب ايليا,8/1/2026 17:24:10
90a51bc1,8/1/2026,2026 8,3630,-1480,تم الطباعة,91279de7,مسائي 1-08-26,كاشير 1,e9ad5415,ابانوب ايليا,8/1/2026 17:32:24
496b21e7,8/1/2026,2026 8,3631,80,تم الطباعة,91279de7,مسائي 1-08-26,كاشير 1,e9ad5415,ابانوب ايليا,8/1/2026 17:48:53
dcaed4d2,8/1/2026,2026 8,3632,3740,تم الطباعة,91279de7,مسائي 1-08-26,كاشير 1,e9ad5415,ابانوب ايليا,8/1/2026 17:55:16
706b92f4,8/1/2026,2026 8,3633,1042,تم الطباعة,91279de7,مسائي 1-08-26,كاشير 1,e9ad5415,ابانوب ايليا,8/1/2026 18:01:58
04f04ebf,8/1/2026,2026 8,3634,3030,تم الطباعة,91279de7,مسائي 1-08-26,كاشير 1,e9ad5415,ابانوب ايليا,8/1/2026 18:07:56
ac8a5f8d,8/1/2026,2026 8,3635,-990,تم الطباعة,91279de7,مسائي 1-08-26,كاشير 1,e9ad5415,ابانوب ايليا,8/1/2026 18:11:02
213a83c5,8/1/2026,2026 8,3636,-495,تم الطباعة,91279de7,مسائي 1-08-26,كاشير 1,e9ad5415,ابانوب ايليا,8/1/2026 18:18:23
89865f19,8/1/2026,2026 8,3637,7,تم الطباعة,91279de7,مسائي 1-08-26,كاشير 1,e9ad5415,ابانوب ايليا,8/1/2026 18:19:26
c5b78b01,8/1/2026,2026 8,3638,-780,تم الطباعة,60e0e80c,مسائي 1-08-26,كاشير 1,4ac7873c,محمود سويفي,8/1/2026 18:40:26
4555e9e4,8/1/2026,2026 8,3639,50,تم الطباعة,fdf10e0a,مسائي 1-08-26,كاشير 2,04b9d4de,طارق ماسبيرو,8/1/2026 18:43:26
3295797f,8/1/2026,2026 8,3640,-20,تم الطباعة,60e0e80c,مسائي 1-08-26,كاشير 1,4ac7873c,محمود سويفي,8/1/2026 18:47:49
c12c9c53,8/1/2026,2026 8,3641,-300,تم الطباعة,60e0e80c,مسائي 1-08-26,كاشير 1,4ac7873c,محمود سويفي,8/1/2026 18:57:06
a4dfe237,8/1/2026,2026 8,3642,240,تم الطباعة,60e0e80c,مسائي 1-08-26,كاشير 1,4ac7873c,محمود سويفي,8/1/2026 19:06:28
ded7d1ea,8/1/2026,2026 8,3643,10,تم الطباعة,60e0e80c,مسائي 1-08-26,كاشير 1,4ac7873c,محمود سويفي,8/1/2026 19:07:04
79d48550,8/1/2026,2026 8,3644,10,تم الطباعة,60e0e80c,مسائي 1-08-26,كاشير 1,4ac7873c,محمود سويفي,8/1/2026 19:07:26
f38d7d4f,8/1/2026,2026 8,3645,357,تم الطباعة,fdf10e0a,مسائي 1-08-26,كاشير 2,04b9d4de,طارق ماسبيرو,8/1/2026 19:11:26
37ef2034,8/1/2026,2026 8,3645,2050,تم الطباعة,60e0e80c,مسائي 1-08-26,كاشير 1,4ac7873c,محمود سويفي,8/1/2026 19:14:03
dd384ba9,8/1/2026,2026 8,3647,1010,تم الطباعة,60e0e80c,مسائي 1-08-26,كاشير 1,4ac7873c,محمود سويفي,8/1/2026 19:22:11
192b48a9,8/1/2026,2026 8,3647,1492,تم الطباعة,fdf10e0a,مسائي 1-08-26,كاشير 2,04b9d4de,طارق ماسبيرو,8/1/2026 19:26:50
e03ecfd3,8/1/2026,2026 8,3648,820,تم الطباعة,60e0e80c,مسائي 1-08-26,كاشير 1,4ac7873c,محمود سويفي,8/1/2026 19:29:25
a3758255,8/1/2026,2026 8,3650,20,تم الطباعة,60e0e80c,مسائي 1-08-26,كاشير 1,4ac7873c,محمود سويفي,8/1/2026 19:32:08
adab7396,8/1/2026,2026 8,3651,10072,تم الطباعة,60e0e80c,مسائي 1-08-26,كاشير 1,4ac7873c,محمود سويفي,8/1/2026 19:33:37
11357025,8/1/2026,2026 8,3652,1005,تم الطباعة,60e0e80c,مسائي 1-08-26,كاشير 1,4ac7873c,محمود سويفي,8/1/2026 19:47:36
8b9dee50,8/1/2026,2026 8,3653,10,تم الطباعة,60e0e80c,مسائي 1-08-26,كاشير 1,4ac7873c,محمود سويفي,8/1/2026 19:48:15
aa5a5d5f,8/1/2026,2026 8,3654,70,تم الطباعة,fdf10e0a,مسائي 1-08-26,كاشير 2,04b9d4de,طارق ماسبيرو,8/1/2026 19:56:14
5772ceab,8/1/2026,2026 8,3655,1720,تم الطباعة,fdf10e0a,مسائي 1-08-26,كاشير 2,04b9d4de,طارق ماسبيرو,8/1/2026 20:04:09
047c2278,8/1/2026,2026 8,3656,8,تم الطباعة,fdf10e0a,مسائي 1-08-26,كاشير 2,04b9d4de,طارق ماسبيرو,8/1/2026 20:05:43
d3b7642e,8/1/2026,2026 8,3657,25,تم الطباعة,fdf10e0a,مسائي 1-08-26,كاشير 2,04b9d4de,طارق ماسبيرو,8/1/2026 20:07:16
d7c21b22,8/1/2026,2026 8,3658,6,تم الطباعة,60e0e80c,مسائي 1-08-26,كاشير 1,4ac7873c,محمود سويفي,8/1/2026 20:11:35
c8fd1b35,8/1/2026,2026 8,3659,-2475,تم الطباعة,60e0e80c,مسائي 1-08-26,كاشير 1,4ac7873c,محمود سويفي,8/1/2026 20:12:02
d6b88ede,8/1/2026,2026 8,3660,10,تم الطباعة,60e0e80c,مسائي 1-08-26,كاشير 1,4ac7873c,محمود سويفي,8/1/2026 20:17:21
89738f8b,8/1/2026,2026 8,3661,-295,تم الطباعة,60e0e80c,مسائي 1-08-26,كاشير 1,4ac7873c,محمود سويفي,8/1/2026 20:19:16
733e77f0,8/1/2026,2026 8,3662,14,تم الطباعة,60e0e80c,مسائي 1-08-26,كاشير 1,4ac7873c,محمود سويفي,8/1/2026 20:20:37
cb2e2a54,8/1/2026,2026 8,3663,5,تم الطباعة,60e0e80c,مسائي 1-08-26,كاشير 1,4ac7873c,محمود سويفي,8/1/2026 20:23:09
265e15bc,8/1/2026,2026 8,3664,30,تم الطباعة,60e0e80c,مسائي 1-08-26,كاشير 1,4ac7873c,محمود سويفي,8/1/2026 20:25:46
1c7322a3,8/1/2026,2026 8,3665,3,تم الطباعة,60e0e80c,مسائي 1-08-26,كاشير 1,4ac7873c,محمود سويفي,8/1/2026 20:26:00
7eaa8680,8/1/2026,2026 8,3666,27,تم الطباعة,60e0e80c,مسائي 1-08-26,كاشير 1,4ac7873c,محمود سويفي,8/1/2026 20:31:33
f061df1f,8/1/2026,2026 8,3666,1515,تم الطباعة,fdf10e0a,مسائي 1-08-26,كاشير 2,04b9d4de,طارق ماسبيرو,8/1/2026 20:32:07
cb4f9019,8/1/2026,2026 8,3668,3030,تم الطباعة,60e0e80c,مسائي 1-08-26,كاشير 1,4ac7873c,محمود سويفي,8/1/2026 20:36:51
d2fcbc34,8/1/2026,2026 8,3669,-150,تم الطباعة,fdf10e0a,مسائي 1-08-26,كاشير 2,04b9d4de,طارق ماسبيرو,8/1/2026 20:45:06
05b5595a,8/1/2026,2026 8,3670,310,تم الطباعة,60e0e80c,مسائي 1-08-26,كاشير 1,4ac7873c,محمود سويفي,8/1/2026 20:59:08
3a7c89f6,8/1/2026,2026 8,3671,10,تم الطباعة,60e0e80c,مسائي 1-08-26,كاشير 1,4ac7873c,محمود سويفي,8/1/2026 20:59:55
9f0ea1fc,8/1/2026,2026 8,3672,28,تم الطباعة,60e0e80c,مسائي 1-08-26,كاشير 1,4ac7873c,محمود سويفي,8/1/2026 21:05:00
33c19401,8/1/2026,2026 8,3673,25,تم الطباعة,60e0e80c,مسائي 1-08-26,كاشير 1,4ac7873c,محمود سويفي,8/1/2026 21:10:54
aef68085,8/1/2026,2026 8,3674,50,تم الطباعة,fdf10e0a,مسائي 1-08-26,كاشير 2,04b9d4de,طارق ماسبيرو,8/1/2026 21:24:34
ef70c568,8/1/2026,2026 8,3674,2,تم الطباعة,60e0e80c,مسائي 1-08-26,كاشير 1,4ac7873c,محمود سويفي,8/1/2026 21:22:30
c2c4ad31,8/1/2026,2026 8,3676,1526,تم الطباعة,fdf10e0a,مسائي 1-08-26,كاشير 2,04b9d4de,طارق ماسبيرو,8/1/2026 21:30:52
bceac5d5,8/1/2026,2026 8,3675,20,تم الطباعة,60e0e80c,مسائي 1-08-26,كاشير 1,4ac7873c,محمود سويفي,8/1/2026 21:22:56
56a720b5,8/1/2026,2026 8,3678,20,تم الطباعة,fdf10e0a,مسائي 1-08-26,كاشير 2,04b9d4de,طارق ماسبيرو,8/1/2026 21:38:52
33d6d661,8/1/2026,2026 8,3679,50,تم الطباعة,f860e21c,مسائي ١-٠٨-٢٦,كاشير 3,0154dfaa,أ/ احمد زرزور,8/1/2026 21:44:55
93c6ceaa,8/1/2026,2026 8,3679,-930,تم الطباعة,fdf10e0a,مسائي 1-08-26,كاشير 2,04b9d4de,طارق ماسبيرو,8/1/2026 21:48:20
b0dfd8d6,8/1/2026,2026 8,3680,-3880,تم الطباعة,60e0e80c,مسائي 1-08-26,كاشير 1,4ac7873c,محمود سويفي,8/1/2026 21:50:33
d6141050,8/1/2026,2026 8,3682,473,تم الطباعة,fdf10e0a,مسائي 1-08-26,كاشير 2,04b9d4de,طارق ماسبيرو,8/1/2026 21:56:12
7cdbbe86,8/1/2026,2026 8,3683,-295,تم الطباعة,fdf10e0a,مسائي 1-08-26,كاشير 2,04b9d4de,طارق ماسبيرو,8/1/2026 22:00:17
5b83c60a,8/1/2026,2026 8,3684,10,تم الطباعة,60e0e80c,مسائي 1-08-26,كاشير 1,4ac7873c,محمود سويفي,8/1/2026 22:14:28
aa8c1990,8/1/2026,2026 8,3685,650,تم الطباعة,f860e21c,مسائي ١-٠٨-٢٦,كاشير 3,0154dfaa,أ/ احمد زرزور,8/1/2026 22:21:06
53c2e990,8/1/2026,2026 8,3686,280,تم الطباعة,60e0e80c,مسائي 1-08-26,كاشير 1,4ac7873c,محمود سويفي,8/1/2026 22:25:58
d45711f4,8/1/2026,2026 8,3687,2510,تم الطباعة,60e0e80c,مسائي 1-08-26,كاشير 1,4ac7873c,محمود سويفي,8/1/2026 22:27:33
0360513a,8/1/2026,2026 8,3688,2070,تم الطباعة,fdf10e0a,مسائي 1-08-26,كاشير 2,04b9d4de,طارق ماسبيرو,8/1/2026 22:33:25
583637f1,8/1/2026,2026 8,3689,30,تم الطباعة,60e0e80c,مسائي 1-08-26,كاشير 1,4ac7873c,محمود سويفي,8/1/2026 22:34:30
d5e03011,8/1/2026,2026 8,3690,10,تم الطباعة,fdf10e0a,مسائي 1-08-26,كاشير 2,04b9d4de,طارق ماسبيرو,8/1/2026 22:38:39
5dd432e6,8/1/2026,2026 8,3690,10,تم الطباعة,60e0e80c,مسائي 1-08-26,كاشير 1,4ac7873c,محمود سويفي,8/1/2026 22:38:52
d61f492b,8/1/2026,2026 8,3690,50,تم الطباعة,f860e21c,مسائي ١-٠٨-٢٦,كاشير 3,0154dfaa,أ/ احمد زرزور,8/1/2026 22:39:00
fbe3842c,8/1/2026,2026 8,3691,3,تم الطباعة,60e0e80c,مسائي 1-08-26,كاشير 1,4ac7873c,محمود سويفي,8/1/2026 22:39:11
7d644723,8/1/2026,2026 8,3693,160,تم الطباعة,f860e21c,مسائي ١-٠٨-٢٦,كاشير 3,0154dfaa,أ/ احمد زرزور,8/1/2026 22:46:15
1c63dfac,8/1/2026,2026 8,3694,100,تم الطباعة,60e0e80c,مسائي 1-08-26,كاشير 1,4ac7873c,محمود سويفي,8/1/2026 22:49:42
0af09010,8/1/2026,2026 8,3695,16,تم الطباعة,60e0e80c,مسائي 1-08-26,كاشير 1,4ac7873c,محمود سويفي,8/1/2026 22:50:09
0a2684a3,8/1/2026,2026 8,3697,10,تم الطباعة,60e0e80c,مسائي 1-08-26,كاشير 1,4ac7873c,محمود سويفي,8/1/2026 22:59:32
6b917b7d,8/1/2026,2026 8,3698,5,تم الطباعة,fdf10e0a,مسائي 1-08-26,كاشير 2,04b9d4de,طارق ماسبيرو,8/1/2026 23:04:51
d03e9846,8/1/2026,2026 8,3698,15,تم الطباعة,60e0e80c,مسائي 1-08-26,كاشير 1,4ac7873c,محمود سويفي,8/1/2026 23:05:22
e48a5d11,8/1/2026,2026 8,3699,10,تم الطباعة,f860e21c,مسائي ١-٠٨-٢٦,كاشير 3,0154dfaa,أ/ احمد زرزور,8/1/2026 23:06:36
a7af8cbf,8/1/2026,2026 8,3700,100,تم الطباعة,fdf10e0a,مسائي 1-08-26,كاشير 2,04b9d4de,طارق ماسبيرو,8/1/2026 23:08:34
b4d39284,8/1/2026,2026 8,3702,50,تم الطباعة,fdf10e0a,مسائي 1-08-26,كاشير 2,04b9d4de,طارق ماسبيرو,8/1/2026 23:15:45
2678ed86,8/1/2026,2026 8,3703,5,تم الطباعة,f860e21c,مسائي ١-٠٨-٢٦,كاشير 3,0154dfaa,أ/ احمد زرزور,8/1/2026 23:17:54
3d88896a,8/1/2026,2026 8,3703,-890,تم الطباعة,fdf10e0a,مسائي 1-08-26,كاشير 2,04b9d4de,طارق ماسبيرو,8/1/2026 23:18:07
dfb85b82,8/1/2026,2026 8,3704,5,تم الطباعة,f860e21c,مسائي ١-٠٨-٢٦,كاشير 3,0154dfaa,أ/ احمد زرزور,8/1/2026 23:21:41
e201a3fa,8/1/2026,2026 8,3705,-1085,تم الطباعة,60e0e80c,مسائي 1-08-26,كاشير 1,4ac7873c,محمود سويفي,8/1/2026 23:23:51
9524d84e,8/1/2026,2026 8,3706,0,تم الطباعة,f860e21c,مسائي ١-٠٨-٢٦,كاشير 3,0154dfaa,أ/ احمد زرزور,8/1/2026 23:24:55
a6f441d9,8/1/2026,2026 8,3708,2020,تم الطباعة,f860e21c,مسائي ١-٠٨-٢٦,كاشير 3,0154dfaa,أ/ احمد زرزور,8/1/2026 23:27:15
88df6256,8/1/2026,2026 8,3709,445,تم الطباعة,60e0e80c,مسائي 1-08-26,كاشير 1,4ac7873c,محمود سويفي,8/1/2026 23:29:31
4db0a392,8/1/2026,2026 8,3710,100,تم الطباعة,fdf10e0a,مسائي 1-08-26,كاشير 2,04b9d4de,طارق ماسبيرو,8/1/2026 23:30:20
3eb40380,8/1/2026,2026 8,3711,50,تم الطباعة,60e0e80c,مسائي 1-08-26,كاشير 1,4ac7873c,محمود سويفي,8/1/2026 23:33:31
d8a0d4e6,8/1/2026,2026 8,3712,6,تم الطباعة,60e0e80c,مسائي 1-08-26,كاشير 1,4ac7873c,محمود سويفي,8/1/2026 23:47:21
067db3ca,8/1/2026,2026 8,3713,350,تم الطباعة,fdf10e0a,مسائي 1-08-26,كاشير 2,04b9d4de,طارق ماسبيرو,8/1/2026 23:53:56
4d63486a,8/1/2026,2026 8,3713,5,تم الطباعة,60e0e80c,مسائي 1-08-26,كاشير 1,4ac7873c,محمود سويفي,8/1/2026 23:49:54
9aad4bce,8/1/2026,2026 8,3713,-730,تم الطباعة,f860e21c,مسائي ١-٠٨-٢٦,كاشير 3,0154dfaa,أ/ احمد زرزور,8/1/2026 23:54:33
b8e640a1,8/1/2026,2026 8,3714,25,تم الطباعة,fdf10e0a,مسائي 1-08-26,كاشير 2,04b9d4de,طارق ماسبيرو,8/1/2026 23:55:01
d962166e,8/1/2026,2026 8,3717,405,تم الطباعة,60e0e80c,مسائي 1-08-26,كاشير 1,4ac7873c,محمود سويفي,8/1/2026 23:59:10
de21a5d9,8/1/2026,2026 8,3716,40,تم الطباعة,f860e21c,مسائي ١-٠٨-٢٦,كاشير 3,0154dfaa,أ/ احمد زرزور,8/1/2026 23:59:54
62489193,8/2/2026,2026 8,3719,491,تم الطباعة,f860e21c,مسائي ١-٠٨-٢٦,كاشير 3,0154dfaa,أ/ احمد زرزور,8/2/2026 0:07:30
8ffcb571,8/2/2026,2026 8,3720,505,تم الطباعة,60e0e80c,مسائي 1-08-26,كاشير 1,4ac7873c,محمود سويفي,8/2/2026 0:11:28
2dc7f755,8/2/2026,2026 8,3721,1315,تم الطباعة,fdf10e0a,مسائي 1-08-26,كاشير 2,04b9d4de,طارق ماسبيرو,8/2/2026 0:15:15
f88b5c55,8/2/2026,2026 8,3722,100,تم الطباعة,fdf10e0a,مسائي 1-08-26,كاشير 2,04b9d4de,طارق ماسبيرو,8/2/2026 0:18:34
8320e81f,8/2/2026,2026 8,3723,3,تم الطباعة,fdf10e0a,مسائي 1-08-26,كاشير 2,04b9d4de,طارق ماسبيرو,8/2/2026 0:23:19
754e6aa6,8/2/2026,2026 8,3724,10,تم الطباعة,f860e21c,مسائي ١-٠٨-٢٦,كاشير 3,0154dfaa,أ/ احمد زرزور,8/2/2026 0:26:21
92171b49,8/2/2026,2026 8,3725,90,تم الطباعة,fdf10e0a,مسائي 1-08-26,كاشير 2,04b9d4de,طارق ماسبيرو,8/2/2026 0:29:21
f70d6186,8/2/2026,2026 8,3726,5,تم الطباعة,60e0e80c,مسائي 1-08-26,كاشير 1,4ac7873c,محمود سويفي,8/2/2026 0:30:14
68aa12db,8/2/2026,2026 8,3727,3000,تم الطباعة,60e0e80c,مسائي 1-08-26,كاشير 1,4ac7873c,محمود سويفي,8/2/2026 0:31:07
8e587b45,8/2/2026,2026 8,3728,30,تم الطباعة,f860e21c,مسائي ١-٠٨-٢٦,كاشير 3,0154dfaa,أ/ احمد زرزور,8/2/2026 0:39:05
8ebe1b8f,8/2/2026,2026 8,3729,10,تم الطباعة,fdf10e0a,مسائي 1-08-26,كاشير 2,04b9d4de,طارق ماسبيرو,8/2/2026 0:42:23
2d7cdc7b,8/2/2026,2026 8,3729,-295,تم الطباعة,f860e21c,مسائي ١-٠٨-٢٦,كاشير 3,0154dfaa,أ/ احمد زرزور,8/2/2026 0:42:56
94866e1e,8/2/2026,2026 8,3730,30,تم الطباعة,60e0e80c,مسائي 1-08-26,كاشير 1,4ac7873c,محمود سويفي,8/2/2026 0:44:55
fbab1f4c,8/2/2026,2026 8,3732,230,تم الطباعة,fdf10e0a,مسائي 1-08-26,كاشير 2,04b9d4de,طارق ماسبيرو,8/2/2026 0:54:40
0f7359fa,8/2/2026,2026 8,3733,-1970,تم الطباعة,fdf10e0a,مسائي 1-08-26,كاشير 2,04b9d4de,طارق ماسبيرو,8/2/2026 0:55:50
c311c747,8/2/2026,2026 8,3734,-990,تم الطباعة,fdf10e0a,مسائي 1-08-26,كاشير 2,04b9d4de,طارق ماسبيرو,8/2/2026 0:56:56
02c708f4,8/2/2026,2026 8,3735,15,تم الطباعة,fdf10e0a,مسائي 1-08-26,كاشير 2,04b9d4de,طارق ماسبيرو,8/2/2026 1:00:25
815b8d46,8/2/2026,2026 8,3736,1350,تم الطباعة,fdf10e0a,مسائي 1-08-26,كاشير 2,04b9d4de,طارق ماسبيرو,8/2/2026 1:12:53
5d58cb3c,8/2/2026,2026 8,3737,-8515,تم الطباعة,578d353f,صباحي 2-08-26,كاشير 1,f7f8d8a0,محمد عبدالتواب,8/2/2026 9:10:31
1dd619b2,8/2/2026,2026 8,3738,665,تم الطباعة,578d353f,صباحي 2-08-26,كاشير 1,f7f8d8a0,محمد عبدالتواب,8/2/2026 9:20:33
cf28df6b,8/2/2026,2026 8,3739,2170,تم الطباعة,578d353f,صباحي 2-08-26,كاشير 1,f7f8d8a0,محمد عبدالتواب,8/2/2026 9:21:11
144afc67,8/2/2026,2026 8,3740,75,تم الطباعة,578d353f,صباحي 2-08-26,كاشير 1,f7f8d8a0,محمد عبدالتواب,8/2/2026 9:51:20
25de4639,8/2/2026,2026 8,3741,542,تم الطباعة,578d353f,صباحي 2-08-26,كاشير 1,f7f8d8a0,محمد عبدالتواب,8/2/2026 9:51:44
53d2bb98,8/2/2026,2026 8,3742,-1970,تم الطباعة,578d353f,صباحي 2-08-26,كاشير 1,f7f8d8a0,محمد عبدالتواب,8/2/2026 9:56:49
38bd9b54,8/2/2026,2026 8,3743,65,تم الطباعة,578d353f,صباحي 2-08-26,كاشير 1,f7f8d8a0,محمد عبدالتواب,8/2/2026 10:18:37
cc221763,8/2/2026,2026 8,3744,30,تم الطباعة,578d353f,صباحي 2-08-26,كاشير 1,f7f8d8a0,محمد عبدالتواب,8/2/2026 10:30:46
6a707563,8/2/2026,2026 8,3745,6,تم الطباعة,578d353f,صباحي 2-08-26,كاشير 1,f7f8d8a0,محمد عبدالتواب,8/2/2026 10:31:31
e0c3448b,8/2/2026,2026 8,3746,715,تم الطباعة,578d353f,صباحي 2-08-26,كاشير 1,f7f8d8a0,محمد عبدالتواب,8/2/2026 10:32:54
b270256b,8/2/2026,2026 8,3747,35,تم الطباعة,578d353f,صباحي 2-08-26,كاشير 1,f7f8d8a0,محمد عبدالتواب,8/2/2026 10:54:49
39782320,8/2/2026,2026 8,3748,260,تم الطباعة,578d353f,صباحي 2-08-26,كاشير 1,f7f8d8a0,محمد عبدالتواب,8/2/2026 11:04:31
399d0fae,8/2/2026,2026 8,3749,4040,تم الطباعة,578d353f,صباحي 2-08-26,كاشير 1,f7f8d8a0,محمد عبدالتواب,8/2/2026 11:05:37
fffb93f0,8/2/2026,2026 8,3750,1010,تم الطباعة,578d353f,صباحي 2-08-26,كاشير 1,f7f8d8a0,محمد عبدالتواب,8/2/2026 11:27:12
938f42b1,8/2/2026,2026 8,3751,32,تم الطباعة,d5280b52,صباحي 2-08-26,كاشير 2,0154dfaa,أ/ احمد زرزور,8/2/2026 11:41:54
68234c68,8/2/2026,2026 8,3751,1473,تم الطباعة,578d353f,صباحي 2-08-26,كاشير 1,f7f8d8a0,محمد عبدالتواب,8/2/2026 11:41:57
e8708314,8/2/2026,2026 8,3753,35,تم الطباعة,578d353f,صباحي 2-08-26,كاشير 1,f7f8d8a0,محمد عبدالتواب,8/2/2026 11:44:11
3fe0f152,8/2/2026,2026 8,3754,-495,تم الطباعة,578d353f,صباحي 2-08-26,كاشير 1,f7f8d8a0,محمد عبدالتواب,8/2/2026 11:45:18
d4914e55,8/2/2026,2026 8,3755,122,تم الطباعة,578d353f,صباحي 2-08-26,كاشير 1,f7f8d8a0,محمد عبدالتواب,8/2/2026 11:46:11
f0039e68,8/2/2026,2026 8,3756,25,تم الطباعة,578d353f,صباحي 2-08-26,كاشير 1,f7f8d8a0,محمد عبدالتواب,8/2/2026 11:54:37
f80001fb,8/2/2026,2026 8,3757,23,تم الطباعة,578d353f,صباحي 2-08-26,كاشير 1,f7f8d8a0,محمد عبدالتواب,8/2/2026 11:57:40
aeefc9b7,8/2/2026,2026 8,3758,-2600,تم الطباعة,578d353f,صباحي 2-08-26,كاشير 1,f7f8d8a0,محمد عبدالتواب,8/2/2026 12:03:16
9b4fba20,8/2/2026,2026 8,3759,0,تم الطباعة,578d353f,صباحي 2-08-26,كاشير 1,f7f8d8a0,محمد عبدالتواب,8/2/2026 12:26:28
7cbd5fcd,8/2/2026,2026 8,3760,5,تم الطباعة,578d353f,صباحي 2-08-26,كاشير 1,f7f8d8a0,محمد عبدالتواب,8/2/2026 12:26:47
bb50415b,8/2/2026,2026 8,3761,25,تم الطباعة,d5280b52,صباحي 2-08-26,كاشير 2,0154dfaa,أ/ احمد زرزور,8/2/2026 12:29:26
43368358,8/2/2026,2026 8,3761,15,تم الطباعة,578d353f,صباحي 2-08-26,كاشير 1,f7f8d8a0,محمد عبدالتواب,8/2/2026 12:29:22
934b5ee6,8/2/2026,2026 8,3762,315,تم الطباعة,d5280b52,صباحي 2-08-26,كاشير 2,0154dfaa,أ/ احمد زرزور,8/2/2026 12:31:58
4453d4f8,8/2/2026,2026 8,3763,415,تم الطباعة,578d353f,صباحي 2-08-26,كاشير 1,f7f8d8a0,محمد عبدالتواب,8/2/2026 12:33:57
18c4f243,8/2/2026,2026 8,3765,800,تم الطباعة,bb9d0c16,مسائي 2-08-26,كاشير 2,0154dfaa,أ/ احمد زرزور,8/2/2026 12:38:43
fbc1c08c,8/2/2026,2026 8,3766,2000,تم الطباعة,bb9d0c16,مسائي 2-08-26,كاشير 2,0154dfaa,أ/ احمد زرزور,8/2/2026 12:47:48
8518dd11,8/2/2026,2026 8,3767,-1477,تم الطباعة,578d353f,صباحي 2-08-26,كاشير 1,f7f8d8a0,محمد عبدالتواب,8/2/2026 12:56:39
d3fc9607,8/2/2026,2026 8,3768,10,تم الطباعة,578d353f,صباحي 2-08-26,كاشير 1,f7f8d8a0,محمد عبدالتواب,8/2/2026 12:57:35
0584fa70,8/2/2026,2026 8,3769,45,تم الطباعة,578d353f,صباحي 2-08-26,كاشير 1,f7f8d8a0,محمد عبدالتواب,8/2/2026 12:58:32
1a0dbc81,8/2/2026,2026 8,3770,2000,تم الطباعة,578d353f,صباحي 2-08-26,كاشير 1,f7f8d8a0,محمد عبدالتواب,8/2/2026 13:07:12
5c8e0552,8/2/2026,2026 8,3771,25,تم الطباعة,bb9d0c16,مسائي 2-08-26,كاشير 2,0154dfaa,أ/ احمد زرزور,8/2/2026 13:20:23
d5f87719,8/2/2026,2026 8,3772,1215,تم الطباعة,578d353f,صباحي 2-08-26,كاشير 1,f7f8d8a0,محمد عبدالتواب,8/2/2026 13:24:02
2045f59a,8/2/2026,2026 8,3773,1,تم الطباعة,bb9d0c16,مسائي 2-08-26,كاشير 2,0154dfaa,أ/ احمد زرزور,8/2/2026 13:25:07
5dce1435,8/2/2026,2026 8,3774,1156,تم الطباعة,578d353f,صباحي 2-08-26,كاشير 1,f7f8d8a0,محمد عبدالتواب,8/2/2026 13:38:29
01b39264,8/2/2026,2026 8,3775,1000,تم الطباعة,578d353f,صباحي 2-08-26,كاشير 1,f7f8d8a0,محمد عبدالتواب,8/2/2026 13:54:45
211cbb42,8/2/2026,2026 8,3776,2000,تم الطباعة,578d353f,صباحي 2-08-26,كاشير 1,f7f8d8a0,محمد عبدالتواب,8/2/2026 13:57:47
c57ef38a,8/2/2026,2026 8,3777,660,تم الطباعة,578d353f,صباحي 2-08-26,كاشير 1,f7f8d8a0,محمد عبدالتواب,8/2/2026 14:03:07
46bc106c,8/2/2026,2026 8,3778,25,تم الطباعة,578d353f,صباحي 2-08-26,كاشير 1,f7f8d8a0,محمد عبدالتواب,8/2/2026 14:05:35
77b930df,8/2/2026,2026 8,3779,5,تم الطباعة,578d353f,صباحي 2-08-26,كاشير 1,f7f8d8a0,محمد عبدالتواب,8/2/2026 14:08:27
da3f0f5f,8/2/2026,2026 8,3780,270,تم الطباعة,578d353f,صباحي 2-08-26,كاشير 1,f7f8d8a0,محمد عبدالتواب,8/2/2026 14:13:19
3aee8c21,8/2/2026,2026 8,3780,50,تم الطباعة,bb9d0c16,مسائي 2-08-26,كاشير 2,0154dfaa,أ/ احمد زرزور,8/2/2026 14:13:49
dc808d79,8/2/2026,2026 8,3781,10,تم الطباعة,578d353f,صباحي 2-08-26,كاشير 1,f7f8d8a0,محمد عبدالتواب,8/2/2026 14:26:52
ac2eef52,8/2/2026,2026 8,3783,-3000,تم الطباعة,578d353f,صباحي 2-08-26,كاشير 1,f7f8d8a0,محمد عبدالتواب,8/2/2026 14:31:10
f2dfcea2,8/2/2026,2026 8,3784,811,تم الطباعة,578d353f,صباحي 2-08-26,كاشير 1,f7f8d8a0,محمد عبدالتواب,8/2/2026 14:47:07
df0c6c6e,8/2/2026,2026 8,3785,2000,تم الطباعة,578d353f,صباحي 2-08-26,كاشير 1,f7f8d8a0,محمد عبدالتواب,8/2/2026 14:49:07
54ebecd8,8/2/2026,2026 8,3786,-970,تم الطباعة,bb9d0c16,مسائي 2-08-26,كاشير 2,0154dfaa,أ/ احمد زرزور,8/2/2026 15:04:31
4bfcda8c,8/2/2026,2026 8,3786,195,تم الطباعة,578d353f,صباحي 2-08-26,كاشير 1,f7f8d8a0,محمد عبدالتواب,8/2/2026 15:06:11
0127fd2e,8/2/2026,2026 8,3787,10,تم الطباعة,bb9d0c16,مسائي 2-08-26,كاشير 2,0154dfaa,أ/ احمد زرزور,8/2/2026 15:14:39
7c0ca8a9,8/2/2026,2026 8,3788,-600,تم الطباعة,578d353f,صباحي 2-08-26,كاشير 1,f7f8d8a0,محمد عبدالتواب,8/2/2026 15:22:36
d932d622,8/2/2026,2026 8,3791,-70,تم الطباعة,578d353f,صباحي 2-08-26,كاشير 1,f7f8d8a0,محمد عبدالتواب,8/2/2026 15:35:14
c7dea118,8/2/2026,2026 8,3792,-690,تم الطباعة,578d353f,صباحي 2-08-26,كاشير 1,f7f8d8a0,محمد عبدالتواب,8/2/2026 15:36:11
9c8fec41,8/2/2026,2026 8,3792,630,تم الطباعة,bb9d0c16,مسائي 2-08-26,كاشير 2,0154dfaa,أ/ احمد زرزور,8/2/2026 15:44:26
e7dfa732,8/2/2026,2026 8,3793,45,تم الطباعة,bb9d0c16,مسائي 2-08-26,كاشير 2,0154dfaa,أ/ احمد زرزور,8/2/2026 15:46:24
b44bf5da,8/2/2026,2026 8,3794,168,تم الطباعة,578d353f,صباحي 2-08-26,كاشير 1,f7f8d8a0,محمد عبدالتواب,8/2/2026 15:48:15
ee46a9b6,8/2/2026,2026 8,3795,2,تم الطباعة,578d353f,صباحي 2-08-26,كاشير 1,f7f8d8a0,محمد عبدالتواب,8/2/2026 15:53:49
0461eb6f,8/2/2026,2026 8,3796,590,تم الطباعة,578d353f,صباحي 2-08-26,كاشير 1,f7f8d8a0,محمد عبدالتواب,8/2/2026 16:17:40
4bb498b5,8/2/2026,2026 8,3797,100,تم الطباعة,bb9d0c16,مسائي 2-08-26,كاشير 2,0154dfaa,أ/ احمد زرزور,8/2/2026 16:20:52
ab3ba5bd,8/2/2026,2026 8,3798,5,تم الطباعة,d0be2316,مسائي 2-08-26,كاشير 1,4ac7873c,محمود سويفي,8/2/2026 16:26:24
169b4f80,8/2/2026,2026 8,3799,400,تم الطباعة,d0be2316,مسائي 2-08-26,كاشير 1,4ac7873c,محمود سويفي,8/2/2026 16:33:34
4175b3af,8/2/2026,2026 8,3800,-2810,تم الطباعة,d0be2316,مسائي 2-08-26,كاشير 1,4ac7873c,محمود سويفي,8/2/2026 16:38:21
022cd30c,8/2/2026,2026 8,3801,145,تم الطباعة,d0be2316,مسائي 2-08-26,كاشير 1,4ac7873c,محمود سويفي,8/2/2026 16:39:04
a9c9b70b,8/2/2026,2026 8,3802,12,تم الطباعة,d0be2316,مسائي 2-08-26,كاشير 1,4ac7873c,محمود سويفي,8/2/2026 16:39:30
dfc7523b,8/2/2026,2026 8,3803,300,تم الطباعة,d0be2316,مسائي 2-08-26,كاشير 1,4ac7873c,محمود سويفي,8/2/2026 16:42:01
dafe563e,8/2/2026,2026 8,3804,4,تم الطباعة,d0be2316,مسائي 2-08-26,كاشير 1,4ac7873c,محمود سويفي,8/2/2026 16:46:20
7be1feae,8/2/2026,2026 8,3805,3300,تم الطباعة,d0be2316,مسائي 2-08-26,كاشير 1,4ac7873c,محمود سويفي,8/2/2026 16:52:08
745588d9,8/2/2026,2026 8,3806,125,تم الطباعة,d0be2316,مسائي 2-08-26,كاشير 1,4ac7873c,محمود سويفي,8/2/2026 16:55:12
580f31ae,8/2/2026,2026 8,3807,10,تم الطباعة,d0be2316,مسائي 2-08-26,كاشير 1,4ac7873c,محمود سويفي,8/2/2026 16:59:02
316694a7,8/2/2026,2026 8,3808,165,تم الطباعة,d0be2316,مسائي 2-08-26,كاشير 1,4ac7873c,محمود سويفي,8/2/2026 17:05:58
35df7343,8/2/2026,2026 8,3800,70,تم الطباعة,debbe0ee,مسائي 2-08-26,كاشير 2,f7f8d8a0,محمد عبدالتواب,8/2/2026 17:06:34
9ccd0bc5,8/2/2026,2026 8,3809,0,تم الطباعة,60bee217,مسائي 2-08-26,كاشير 3,0154dfaa,أ/ احمد زرزور,8/2/2026 17:16:23
1ac67abc,8/2/2026,2026 8,3810,-490,تم الطباعة,d0be2316,مسائي 2-08-26,كاشير 1,4ac7873c,محمود سويفي,8/2/2026 17:22:38
ea590386,8/2/2026,2026 8,3812,100,تم الطباعة,d0be2316,مسائي 2-08-26,كاشير 1,4ac7873c,محمود سويفي,8/2/2026 17:23:54
7ff75075,8/2/2026,2026 8,3813,-485,تم الطباعة,d0be2316,مسائي 2-08-26,كاشير 1,4ac7873c,محمود سويفي,8/2/2026 17:28:55
84e7db89,8/2/2026,2026 8,3814,315,تم الطباعة,f8fc790b,مسائي 2-08-26,كاشير 2,04b9d4de,طارق ماسبيرو,8/2/2026 17:35:13
22770055,8/2/2026,2026 8,3815,20,تم الطباعة,f8fc790b,مسائي 2-08-26,كاشير 2,04b9d4de,طارق ماسبيرو,8/2/2026 17:41:55
7d1b8b78,8/2/2026,2026 8,3816,45,تم الطباعة,d0be2316,مسائي 2-08-26,كاشير 1,4ac7873c,محمود سويفي,8/2/2026 17:50:10